Status ,Find companies,Name,Description,Primary Industry,Size,Type,Location,Country,Domain,LinkedIn URL,Solar Developer True Or_False,Contains Relevant Keywords,Link Of_Page,Utility_Check,Residential Mention,Find warm intros to company,Connection Strength Normalized,Connector Overlap,Internal Connector Owner,Name of Person Connected,Linkedin Url of Connector,Work Email,Connector Current Company Name,Connector Current Title,Find Contacts at Company,Find people at company,Find people at company (SMB),Find people,Find people at company (2),Custom Waterfall,Send table data,Referral Request,Details 
,,180 Degrees Solar,"180 Degrees Solar, is not your typical solar company, at the risk of sounding absurdly inflated and self-important, we like to think of ourselves more as an ‘energy efficiency lifestyle brand’ put on this earth to help our fellow man… 

POWER THROUGH obstacles, outages, wildfires, floods, hurricanes, diseases, disasters…or whatever life throws your way! We are here to make sure your lights never go out, so you can confidently take your life off grid while knowing that at the end of the day, your porch light will be there to guide you home no matter what! We have Residential Solar, Commercial Solar, and Solar Battery solutions for that power company problem everyone keeps having! 180 Degrees Solar is here to help you create a brighter future, together, with POWERful customer service from start to finish. 

We help people make their homes and businesses more energy independent and more energy efficient by helping them transition to a cleaner, cheaper source of power. Whether you want to go off the grid by creating your own, personal micro-grid on your property, or if your goal is simply to cut costs and make budgeting for monthly expenses easier, we have a solar solution for you. The key to savings with a renewable energy source like solar, is to reallocate the resources you already pay your power company each month towards paying off your solar system.  It is like a mortgage for your electricity, finally, it’s making sense, right? Absolutely NO upfront or extra monthly costs, NO money down, NO install fees…this is not a thing you pay in addition to your power bill, this is a thing that you pay instead of your power bill. It is something you pay off, that costs less money on each month than it does to simply sit back and do nothing. Just wanted to make that clear. But if it isn’t, please reach out and we would love to walk you through the way we solar. 

We do it differently. We do it better. We are here to make YOU more powerful!",Renewables & Environment,11-50 employees,Self Employed,"Charleston, SC",United States,180degreessolar.com,https://www.linkedin.com/company/180degreesolar,TRUE,TRUE,https://180degreessolar.com,FALSE,TRUE,❌ No relationships found,,,,,,,,,Found 1 People,,,,,,✅ Sent,,
,,1st Light Energy Inc,"1st Light Energy Inc. was founded in October of 2004 with the vision to provide alternative energy solutions that positively impact our environment with solid financial returns for our customers – both residential and commercial. Through this vision, we have become one of the most experienced solar companies in the Nation. Many of our employees at 1st Light Energy started in the solar industry in the late 1990's and early 2000's. 1st Light Energy has been a stable and growing California-based nationally branded photovoltaic (PV) systems installer and integrator. We are a complete Renewable Energy Firm that helps residential and corporate customers reduce their electrical energy consumption and carbon footprint through advanced, turn-key solar energy systems. While many solar companies have come and gone, here at 1st Light Energy, we remain servicing each and every customer and taking care of all warranty issues. A solar system is only as good as the company who installed it and so long as that company is in business to maintain it.",Renewable Energy Semiconductor Manufacturing,201-500 employees,Privately Held,"Manteca, CA",United States,1stlightenergy.com,https://www.linkedin.com/company/1st-light-energy-inc,TRUE,TRUE,https://1stlightenergy.com,FALSE,TRUE,❌ No relationships found,,,,,,,,,,,,,,,,,
,,3MG Roofing & Solar,"3MG SOLUTIONS, LLC is the parent company of 3MG Roofing and 3MG Solar. As a company, we take a technology-first approach with each of our divisions. Our corporate culture is based on team-work, respect and a passion for excellence. We believe in giving back to the community that supports us. That is why we are an official roofer and roofing partner of UCF Athletics with more partnerships to come.",Construction,51-200 employees,Privately Held,"Winter Park, FL",United States,3mg.com,https://www.linkedin.com/company/3mgroofing,TRUE,TRUE,https://3mg.com/commercial-roofing,FALSE,TRUE,❌ No relationships found,,,,,,,,,Found 2 People,,,,,,✅ Sent 2 rows,,
,,548 Enterprise,"The 548 Enterprise philosophy is to redevelop metropolitan communities by utilizing renewable and sustainable technologies, allowing us to create savings for families, lower environmental impact, and drive value for the community.

548 Enterprise is aiming high with attainable stretch goals for units built, lowering carbon emissions, putting an end to sky-high utility bills for tenants, and creating the first investment fund in the country to focus on community solar and sustainable, affordable housing.

In 2022, 548 combined it’s various entities under 548 Enterprise, allowing it to have an even more expansive reach and cultivate opportunities for partners, residents, investors, and communities at large. Learn more at 548enterprise.com",Housing and Community Development,11-50 employees,Privately Held,"Chicago, Illinois",United States,548enterprise.com,https://www.linkedin.com/company/548enterprise,TRUE,TRUE,http://548enterprise.com,FALSE,TRUE,,,,,,,,,,❌ No Profile Found,✅ Found 10 people,,,,,✅ Sent 0 rows,,
,,603 Solar,"603 Solar is a Residential Solar provider  based in Portsmouth, NH helping homeowners receive the best return on investment possible with the opportunity that solar has to offer! 

603 Solar helps homeowners understand what their needs are and how much solar production they will need to offset their electric bill. We help calculate how much solar you will need, design exactly how the system will layout, and handle all the applications and permits required to approve a solar installation. Once approved we coordinate the installation and inspection of the system, and once it has been approved the system is ready to start collecting energy for you!",Renewables & Environment,2-10 employees,Partnership,"Exeter, New Hampshire",United States,603solar.com,https://www.linkedin.com/company/603-solar,TRUE,TRUE,http://603solar.com,FALSE,TRUE,❌ No relationships found,,,,,,,,,❌ No Profile Found,✅ Found 5 people,,,,,✅ Sent 0 rows,,
,,A.M. Sun Solar + Roofing,"A.M. Sun Solar & Roofing began in 2001 with a simple goal; to design and install the best solar energy solutions. We provide great value and outstanding customer service to residences and businesses throughout Central California. Our mission of, ""Growing Communities with the Power of the Sun"", as well as our core values define everything we do.",Solar Electric Power Generation,51-200 employees,Privately Held,"Paso Robles, CA",United States,amsunsolar.com,https://www.linkedin.com/company/am-sun-solar,TRUE,TRUE,https://amsunsolar.com/solar-blog/uncategorized/local-non-profit-founders-get-solar-eblast/,FALSE,TRUE,❌ No relationships found,,,,,,,,,Found 2 People,,,,,,✅ Sent 2 rows,,
,,A&R Solar,"A&R Solar installs solar energy systems for homes and businesses across Washington and Oregon. We have offices and staff in Puget Sound, Portland, Bend, and the Eastern Washington area.

We have been designing solar energy systems for Northwest homes since 2007. Our system designers live in Washington and Oregon and have deep experience creating systems that maximize solar potential for each unique project.

Here are two other things that set us apart: We don’t use call centers. We don’t subcontract our electrical work. When you talk to an A&R Solar representative, that person is an employee, perhaps even an employee owner. Ask them.

And here are the things we promise:

1) We’ll show up when we say we’re going to.
2) We’ll do what we say we’re going to
3) We’ll communicate professionally should complications arise.

We're a Certified B Corporation and Social Purpose Corporation, meaning we put people and planet right along with profit.  We also are a Tesla Powerwall Certified Installer, a 3-star Trade Ally of the Energy Trust of Oregon, and have more NABCEP certified employees than any other installer in the Northwest. 

Contact us to see about solar for your home or business--or to see if we have job openings. We look forward to hearing from you.",Solar Electric Power Generation,51-200 employees,Privately Held,"Seattle, WA",United States,a-rsolar.com,https://www.linkedin.com/company/a&r-solar,TRUE,TRUE,https://www.a-rsolar.com/blog/giving-back-to-our-communities-in-2019/,FALSE,TRUE,❌ No relationships found,,,,,,,,,Found 2 People,,,,,,✅ Sent 2 rows,,
,,"A1A Solar Contracting, Inc.","At A1A Solar, our mission is to target and destroy electric bills. In addition to solar PV and batteries, we are licensed for HVAC installation and service (high efficiency inverter-based heat pumps), ensuring that the largest driver of your home's electric bill is properly sized, installed, and maintained to run at peak efficiency—minimizing energy bills while enhancing home comfort.

At our core, we are passionate about renewable energy and energy efficiency, to help you reduce *before* you produce. Our diverse array of innovative solutions is crafted to not just improve the energy efficiency of your home or business, but to empower independence and the lowest electric bills possible.

Our Energy Advisors evaluate your home for opportunities to improve energy efficiency and cut your electric bill — reduce *before* you produce! We can then design solar PV and/or battery systems to further reduce your electric bill and give you power and energy independence in grid-down situations. We also install EV chargers, high-efficiency heat-pump water heaters, and solar attic fans and insulation. Schedule a no-obligation energy evaluation to start saving today!

We accomplish this by providing the highest quality product and workmanship possible and also by maintaining our core values of integrity in all we do, customer centricity, employee health and safety, and community involvement.

FL Licenses: HVAC CAC1823607, Solar CVC 56771, Electrical EC 13001175, General CGC 1513100.

NABCEP Accredited Company",Services for Renewable Energy,11-50 employees,Self Owned,"Jacksonville, FL",United States,a1asolar.com,https://www.linkedin.com/company/a1a-solar-contracting-inc,TRUE,TRUE,https://a1asolar.com/what-we-do/commercial,FALSE,TRUE,❌ No relationships found,,,,,,,,,❌ No Profile Found,✅ Found 10 people,,,,,✅ Sent 0 rows,,
,,"ABCO Solar, Inc.","At ABCO Solar, we offer full-service solutions when it comes to solar power systems. This includes obtaining the necessary permits, helping you fill out the right documentation, designing your system, installation, and post-installation inspection. We do all of the work ourselves; no sub-contractors are ever involved.

We are a fully licensed sales and installation company, and we provide service for people all over the state of Arizona. We employ a top-notch team of installers, engineers, and electricians who have the experience and expertise to do the job right. Our services include:

 - Solar Photovoltaic power systems
 - Residential and commercial installation and repair
 - Parking lot structures and solar LED lighting installation and repair
 - Pool and spa solar thermal heating

If you're interested in solar panels, ABCO Solar has the right solutions for your unique needs. The manufacturers offer a 25-year warranty on all systems. In addition, we offer financing options to help you fit our services into your budget. Don't wait another day to own your own power, call us today!",Renewable Energy Semiconductor Manufacturing,11-50 employees,Privately Held,"Tucson, AZ",United States,abcosolar.com,https://www.linkedin.com/company/abco-solar-inc-,TRUE,TRUE,https://abcosolar.com/commercial-solar/,FALSE,TRUE,❌ No relationships found,,,,,,,,,,,,,,,,,
,,"Accord Power, Inc.","Accord Power is the leading solar company with more than 12 years of combined experience. We are a locally owned and operated company that offers customized commercial and home solar panel installations, repairs, and more in NY and NJ.",Solar Electric Power Generation,11-50 employees,Privately Held,"Flushing, NY",United States,accordpower.com,https://www.linkedin.com/company/accordpower,TRUE,TRUE,http://www.accordpower.com,FALSE,TRUE,❌ No relationships found,,,,,,,,,Found 2 People,,,,,,✅ Sent 2 rows,,
,,Ackerman Security,"Ackerman Security has been offering high quality Commercial Security Solutions nationally for 50 years. Ackerman was recently selected by SDM Magazine as Security Dealer of the Year and is currently ranked in the top 20 security companies in America. 

Protection and Security for: 
- Homes
- Small Businesses
- Commercial Businesses",Security and Investigations,51-200 employees,Privately Held,"Peachtree Corners, GA",United States,ackermansecurity.com,https://www.linkedin.com/company/ackerman-security,TRUE,TRUE,https://ackermansecurity.com,FALSE,TRUE,❌ No relationships found,,,,,,,,,,✅ Found 10 people,,,,,,,
,,"Action Air Conditioning, Heating & Solar","Action Air Conditioning, Heating & Solar offers state-of-the-art products and services for both residential and commercial heating and air conditioning systems. Maintaining a close relationship with leading manufactures in the industry is crucial to support our efforts in offering our customers the most sophisticated and advanced HVAC products available on the market today. 

Since 1975, Action Air Conditioning, Heating & Solar has been providing quality HVAC services to all of the San Diego, CA area.",Consumer Services,51-200 employees,Privately Held,"San Marcos, CA",United States,actionac.net,https://www.linkedin.com/company/action-air-conditioning-heating-&-solar,TRUE,TRUE,https://actionac.net/community,FALSE,TRUE,❌ No relationships found,,,,,,,,,❌ No Profile Found,✅ Found 10 people,,,,,✅ Sent 0 rows,,
,,Action Solar,"Action Solar is a fully-integrated, full service Solar provider. Solar is the cleaner, safer way to power your home or business.  We understand that converting to solar power isn't a ""one size fits all."" Our team of engineers and designers customize the panels and installation plan to best fit your needs.  Our experienced sales, install and maintenance experts are equipped and ready to assist you every step of the way.",Solar Electric Power Generation,51-200 employees,Partnership,"Lehi, Utah",United States,actionsolar.com,https://www.linkedin.com/company/action-solar,TRUE,TRUE,https://actionsolar.com,FALSE,TRUE,❌ No relationships found,,,,,,,,,Found 1 People,,,,,,✅ Sent,,
,,Adams (Electric / HVAC / Plumbing / Solar / SmartTech / Generac Generators),"Adams is family owned and we have been in business since 1988 offering a wide variety of solutions for homeowners and businesses alike. Our team of trained specialists can help you navigate everything from electric, generators, solar, plumbing, heating and cooling to smart home products. 

Adams Electric
Adams Generators
Adams Heating & Cooling
Adams SmartTech
Adams Solar
Adams Plumbing",Construction,51-200 employees,Privately Held,"Elkhorn, Wisconsin",United States,adamspower.com,https://www.linkedin.com/company/adamspower,TRUE,TRUE,https://adamspower.com/about/what-we-do/,FALSE,TRUE,❌ No relationships found,,,,,,,,,❌ No Profile Found,✅ Found 10 people,,,,,✅ Sent 0 rows,,
,,"Advanced Renewable Solutions, LLC","Advanced Renewable Solutions (ARS) is a full-service professional solar energy company.  Headquartered in New Jersey, we are fully licensed to support our clients’ power needs.  Our solar foundation was initially created to solve “Special Project and Remediation” commercial solar challenges.  Over time, experience, growth and strategic planning, ARS continues to evolve.

Today, we continue to work on all sorts of commercial solar projects (including Operations & Maintenance projects), new residential solar installs along with ongoing maintenance and support for both residential and commercial solar arrays.

Our comprehensive engagement process includes everything from an initial thorough consultation to professional installations and ongoing support.

When you convert to solar today you can enjoy the same comforts you know and love while reducing your carbon footprint and contributing to a better environmental future. 

ARS is here to help at every step of the way.",Services for Renewable Energy,51-200 employees,Privately Held,"Bellmawr, New Jersey",United States,arsolutions.us,https://www.linkedin.com/company/advanced-renewable-solutions-llc,TRUE,TRUE,http://arsolutions.us,FALSE,TRUE,❌ No relationships found,,,,,,,,,❌ No Profile Found,✅ Found 10 people,,,,,✅ Sent 0 rows,,
,,"Aegean Energy Group, Inc","Aegean Energy Group provides a full suite of professional development and construction management services for energy generation projects, including title consulting, permitting, pre-construction site design, surveying, aerial/elevation/3D imagery, and construction management. Aegean Energy Group can make your vision become a reality, with knowledgeable and seasoned professionals utilizing cutting-edge technology--Maps to Megawatts, a comprehensive online, mobile solution designed to support wind and solar development, construction, and operation.",Services for Renewable Energy,51-200 employees,Privately Held,"Austin, TX",United States,aegeanenergygroup.com,https://www.linkedin.com/company/aegean-energy-group-inc,TRUE,TRUE,https://www.aegeanenergygroup.com/kennethduncan,FALSE,TRUE,❌ No relationships found,,,,,,,,,Found 1 People,,,,,,✅ Sent,,
,,AES Solar,"AES Solar designs, sells, and installs solar energy systems. 

We Empower YOU to Get Energized!",Renewable Energy Semiconductor Manufacturing,11-50 employees,Privately Held,"Carterville, IL",United States,aessolar.com,https://www.linkedin.com/company/advanced-energy-solutions-group-inc,TRUE,TRUE,https://aessolar.com,FALSE,TRUE,,,,,,,,,,❌ No Profile Found,✅ Found 8 people,,,,,✅ Sent 0 rows,,
,,Agathon Solar,"Agathon Solar is a Michigan based solar company that provides a full turnkey solar solution. We service our state in the residential, agricultural, and commercial markets. In addition, we work with other solar professionals to develop and employ comprehensive energy solutions on a national level. We design, install, and maintain and service solar, wind, energy storage, and generator projects. Our philosophy is to do good to our client by educating them and empowering them to exercise stewardship through our renewable energy solutions.",Solar Electric Power Generation,2-10 employees,Privately Held,"Spring Lake, Michigan",United States,agathonsolar.com,https://www.linkedin.com/company/agathon-solar,TRUE,TRUE,https://www.agathonsolar.com/,FALSE,TRUE,❌ No relationships found,,,,,,,,,Found 1 People,,,,,,✅ Sent,,
,,Aikyum Solar,"Aikyum Solar is a highly-rated and innovative home and commercial solar systems engineering and installation company. We install rooftop solar panels that keep generating electricity for over 25 years, and reduce your bills by 90% or higher. Because of all the great federal and state subsidies and tax incentives, the solar power system pays for itself in 5-7 years. 

Aikyum Solar is based in Southern California, and you may reach us at 1-888-9898-SUN or email harina@aikyum.com. With over 25 years of industrial experience, we manage the entire solar installation process, from design phase to installation, obtaining community and city approvals, and maintenance and monitoring phases. 

Aikyum Solar is committed to integrity and is 100% dedicated to providing the best standards of business conduct. Our team includes electrical engineers, civil engineers, system designers, roofers, technicians and highly skilled individuals, all sharing the passion for utilizing renewable energy. 

Aikyum Solar represents leading solar manufacturers around the world such as Solar World, LG, Canadian Solar, SMA, Fronius, Power-One; and have established long-term relationships. Our strong vendor relationships and high volume transactions assist in purchasing solar panels and other solar equipment at the lowest prices possible. 

Are you ready to wipeout your electricity bills? Call Aikyum Solar today at 888-9898-786",Renewables & Environment,11-50 employees,Privately Held,"Irvine, CA",United States,aikyum.com,https://www.linkedin.com/company/aikyum-solar,TRUE,TRUE,https://aikyum.com,FALSE,TRUE,❌ No relationships found,,,,,,,,,Found 1 People,,,,,,✅ Sent,,
,,"Ailey Solar Electric, Inc.","Ailey Solar is a solar PV designer and installer. We install the future every day by making quality, safe solar installations affordable. We provide quick and easy consultations so you can find out how simple and affordable solar can be for you or your business.",Solar Electric Power Generation,11-50 employees,Privately Held,"Chicago, IL",United States,aileysolar.com,https://www.linkedin.com/company/ailey-solar-electric-inc-,TRUE,TRUE,http://aileysolar.com,FALSE,TRUE,❌ No relationships found,,,,,,,,,❌ No Profile Found,❌ No people found,,,,,✅ Sent 0 rows,,
,,Airis Solutions,"AIRIS is a multinational technology company that specializes in energy
efficiency through the use of green technology, such as our SmartLED and Solar panels.

Airis Energy Solutions USA is part of a Global Electronics Company with over 25 years industry experience, with in-house design and our own manufacturing facilities, producing world class LED luminaires with smart controls that let you deliver exactly the correct illumination wherever you need them, helping people feel safe, productive and comfortable. 

Our clients include retail stores, supermarkets, schools, factories and distribution centres throughout the world.",Renewable Energy Semiconductor Manufacturing,11-50 employees,Partnership,"Miami, Florida",United States,airisenergy.us,https://www.linkedin.com/company/airisusa,TRUE,TRUE,https://airisenergy.us,FALSE,TRUE,❌ No relationships found,,,,,,,,,❌ No Profile Found,✅ Found 7 people,,,,,✅ Sent 0 rows,,
,,AKA Solar USA,"Welcome to AKA Solar USA, the leading provider of solar solutions serving Missouri and Southern Illinois! As solar power continues to expand in residential and commercial properties, we prioritize building relationships that empower you to make informed decisions about harnessing the sun's unlimited potential and putting solar to work for you. Our mission is to save you money on energy bills while leaving a positive impact on the environment. Our vision is to integrate solar today to help to provide a sustainable solution for a brighter tomorrow.",Solar Electric Power Generation,2-10 employees,Privately Held,"St Charles, Missouri",United States,aka.solar,https://www.linkedin.com/company/aka-solar-usa,TRUE,TRUE,https://aka.solar/commercial-solar,FALSE,TRUE,❌ No relationships found,,,,,,,,,,,,,,,,,
,,All American Exterior Solutions,"All American Exterior Solutions is one of the most recognized and awarded roofing and siding contractors in the Northern Illinois area. For over 35 years, our team of over 100 highly-qualified professionals has provided contractors, architects and residents of this region with quality, efficiency and excellence in roofing repair, roof installation, siding repair, siding installation, waterproofing, window installation, and several other commercial and residential installations.

Our emphasis on quality and durability is evident in the architectural sheet metal options we offer. The wide range of options and designs are just one of the reasons why commercial developers and businesses choose us as their skilled contractor for modern, aesthetic and durable metal wall installation.",Construction,51-200 employees,Privately Held,"Lake Zurich, IL",United States,aaexs.com,https://www.linkedin.com/company/allamericanexteriorsolutions,TRUE,TRUE,http://aaexs.com,FALSE,TRUE,❌ No relationships found,,,,,,,,,,,,,,,,,
,,All Season Solar,"AllSeason Solar designs and installs the most attractive, efficient, state-of-the art solar photovoltaic systems from the world’s leading manufacturers.

We provide a single point of contact for your solar system design, engineering, building permits, installation and utility hook-up. AllSeason Solar takes care of everything under the sun-you reap the savings.",Renewable Energy Semiconductor Manufacturing,11-50 employees,Privately Held,"Galloway, NJ",United States,allseasonsolar.net,https://www.linkedin.com/company/all-season-solar,TRUE,TRUE,http://allseasonsolar.net,FALSE,TRUE,,,,,,,,,,,,,,,,,,
,,"AllEarth Renewables, Inc.","AllEarth Renewables is a national leader in solar energy, with thousands of installations throughout the country, including over 3000 in Vermont. AllEarth Solar Trackers are designed, engineered and built in Vermont.  AllEarth dual axis solar trackers capture about 40% more of the sun’s energy than fixed systems, offering a high-value, high-efficiency solar solution for both residential and commercial customers. The AllEarth Solar Tracker was named a Top-10 green product of the year by BuildingGreen.

The AllEarth team has earned national recognition as a leader in the renewable energy industry by continuously refreshing our thinking, innovating our products, and renewing our goals, all while remaining as constant as the sun in our commitment to creating a more resilient and sustainable future for our planet. David Blittersdorf, AllEarth Renewables CEO, was listed among 25 of “America's Most Promising Social Entrepreneurs of 2011” by Business Week.",Renewable Energy Equipment Manufacturing,11-50 employees,Privately Held,"Williston, VT",United States,allearthrenewables.com,https://www.linkedin.com/company/allearth-renewables,TRUE,TRUE,https://allearthrenewables.com/solar-products/community-solar,FALSE,TRUE,❌ No relationships found,,,,,,,,,Found 2 People,,,,,,✅ Sent 2 rows,,
,,Allterra Solar,"At Allterra Solar, we pride ourselves on doing what’s best for our clients in Santa Cruz County and throughout the Central Coast region. As a referral-based solar installation company, our reputation and customer service is what keeps us growing.

Founded in 2004, our dedicated installers, technical support team and design consultants have made us the local leader in solar. Our transparent design and build process and open communication with our clients helps us provide the best service possible.

The team at Allterra Solar has the experience and knowledge to maximize your system’s performance and return on investment. With thousands of successful installations under our belt, Allterra has developed an industry leading product and service offering that delivers high quality and peace of mind.

CSLB Lic #847973",Solar Electric Power Generation,11-50 employees,Privately Held,"Santa Cruz, California",United States,allterrasolar.com,https://www.linkedin.com/company/allterra-solar,TRUE,TRUE,https://www.allterrasolar.com/service/,FALSE,TRUE,❌ No relationships found,,,,,,,,,❌ No Profile Found,✅ Found 9 people,,,,,✅ Sent 0 rows,,
,,Alpenglow Energy,"Alpenglow Energy LLC is a full-service electrical contractor. We also design and install solar power and battery storage  systems, serving residential and commercial customers throughout Utah.

From design to finish, our experienced designers, estimators, project managers and technicians provide the expertise to ensure your solar project is completed on time, on budget and compliant with all code. We focus on providing the best quality service to get your solar system producing energy as soon as possible.

Alpenglow Energy prides itself on serving its customers with a commitment to service and value. We have the experience and expertise to complete your solar power system. We appreciate your interest and look forward to earning your business.",Renewables & Environment,11-50 employees,Partnership,"Park City, Utah",United States,alpenglowenergy.com,https://www.linkedin.com/company/alpenglow-energy,TRUE,TRUE,https://alpenglowenergy.com/services,FALSE,TRUE,❌ No relationships found,,,,,,,,,Found 1 People,,,,,,✅ Sent,,
,,Alternate Energy Technologies,"Alternate Energy Technologies
America's Solar Thermal Manufacturer

AET is made up of 3 components. Our primary focus is the manufacturing of solar thermal flat plate collectors in both AE and MSC Series Collectors for residential and commercial applications. In addition to manufacturing and supplying dealers/distributors with high quality solar thermal products, AET can provide turnkey commercial systems, or we can provide commercial design, solar engineering services, installation supervision, installation training, sales, presentations, and much more.

Thermafin
 AET is proud to own and operate Thermafin Manufacturing, which makes the fintubes and absorber plates for AET collectors, but also for other collector manufacturers throughout the world. For more information, click “OEM” above.

We've completed a video tour of our manufacturing facility in Jacksonville, FL. Please see our technology by clicking on ""The Manufacturing Process"", left.

EagleSun
 AET created a homeowner-friendly marketing line with a corresponding website that acts as a sales presentation complete with educational videos and a dealer listing. The EagleSun brand provides completed systems for residential applications. To learn more about solar thermal and how it can work on your home, click on “Home Owners” above.",Renewable Energy Semiconductor Manufacturing,11-50 employees,Privately Held,"Green Cove Springs, FL",United States,aetsolar.com,https://www.linkedin.com/company/alternate-energy-technologies,TRUE,TRUE,https://www.aetsolar.com/commercial,FALSE,TRUE,❌ No relationships found,,,,,,,,,,,,,,,,,
,,"Alternative Energy Development, Corp. (AED)","Alternative Energy Development, Corp. (AED) builds the entire integrated solar and wind farm electrical package. The skill and expertise of our execution team sets us apart and makes us a leader in the industry.

AED has trenching expertise in all surface conditions (hard rock to soft soil) and utilizes non-invasive technology to reduce waste and damage. Installation times are reduced making us more cost effective. AED is uniquely equipped; our specialized equipment can handle any type of trenching conditions. AED is a total balance of system contractor for all Electrical work on a wind farm.

AED also provides total EPC services for ground mount solar farms. AED in partnership with its sister companies provides a total vertically solution by bringing its in house designing expertise of RERC as well as in house manufacturing of WTEC to help reduce total cost while providing a quality product. 

AED owns all its equipment which gives us the ability to complete projects in a timely manner, no matter what the conditions or the project size. Simply stated, we control our schedule by ramping up as needed with company owned assets that are not subject to availability issues that sometimes impact our competitors.",Construction,"501-1,000 employees",Privately Held,"Fort Lee, NJ",United States,us.com,https://www.linkedin.com/company/alternative-energy-development-corp-aed-,TRUE,TRUE,https://designgroup.us.com/home,FALSE,TRUE,,,,,,,,,,❌ No Profile Found,,,,,,✅ Sent 0 rows,,
,,"Alternative Energy Systems, Inc","Alternative Energy Systems (AES) provides sustainable energy services to residential, commercial, and agricultural customers in the North Valley. 

Based in Chico, CA, locally-owned AES was founded with the idea that we all need to share in the responsibility of maintaining and improving our environment for generations to come. Since we installed our first solar system as AES in 2003, we’ve focused on offering award-winning service and the highest quality equipment, while building lifelong relationships with our clients. 

In 2007, we partnered with SunPower, a worldwide solar manufacturer, so we could offer our customers this premium, cutting-edge technology. SunPower’s distinctive solar systems combine the most efficient energy production with the industry’s best warranties. We’re proud to continue to be part of the SunPower family.

More recently, we’ve added a variety of EV charging stations for all types of electric cars, as well as battery storage for your home, becoming the first locally-owned business to earn the status of Tesla Powerwall Certified Installer.

As a family-owned company, we take pride in our reputation for providing reliable, caring, and quality workmanship to our community. We bring the manpower, materials, and resources equivalent to a national company while maintaining our North Valley culture. Each opportunity is treated with the personal care and excellent customer service we believe you should expect from a local business. 

Feel free to contact us about setting up an appointment at either our Chico Showroom or in the comfort of your home. We will work with you to help determine the best solution to meet your energy needs. 

Contact our energy experts today at 888.225.4984, visit our website at www.SavingEnergyforLife.com, or drop on by our Chico Showroom at 876 East Ave. in Chico to learn how you can start saving, now. 

Alternative Energy Systems. More than just solar. We’re your local energy experts.",Utilities,51-200 employees,Privately Held,"Chico, CA",United States,savingenergyforlife.com,https://www.linkedin.com/company/alternative-energy-systems-inc,TRUE,TRUE,http://savingenergyforlife.com/case-studies,FALSE,TRUE,❌ No relationships found,,,,,,,,,❌ No Profile Found,✅ Found 10 people,,,,,✅ Sent 0 rows,,
,,AMECO Solar & Roofing,"AMECO Solar has been serving the Southern California area since 1974. We pioneered the solar industry and continue to lead the way. Our efforts to develop and deploy best practices within our industry and to support legislative and regulatory initiatives locally and in Sacramento which means that AMECO Solar is a name that is recognized throughout the state. We are one of the oldest, most highly rated solar installers in California.

More importantly, we’ve stayed in business for the last forty years because we have made good choices in equipment and people. Solar is a smart investment only if it is efficient, cost effective and reliable, and it is backed by people who know what they are doing and care enough to do it well.",Renewable Energy Semiconductor Manufacturing,11-50 employees,Privately Held,"Studio City, California",United States,amecosolar.com,https://www.linkedin.com/company/ameco-solar,TRUE,TRUE,https://amecosolar.com/customers/commercial,FALSE,TRUE,❌ No relationships found,,,,,,,,,Found 1 People,,,,,,✅ Sent,,
,,American Array Solar Inc.,"With 80 years of combined experience American Array Solar and  Roofing , we put our customers first! We service all of California with 5 locations across the state.  We offer an industry leading 30 year warranty.  As one of California's top rated Solar and Roofing companies we are partnered with world class solar and roofing manufacturers to bring you the latest, long lasting and high performance technology. 

From residential, commercial to industrial projects, we do them all.

Carports, Ground mounted systems.

Battery Backup and Off Grid systems.

We specialize in installing on all types of roofs from composition shingles, tiles, flat and metal roofing.

Allow us to build you a long lasting solar system or new roof that you and your family will enjoy for years to come!",Renewables & Environment,11-50 employees,Privately Held,"Livermore, California",United States,americanarraysolar.com,https://www.linkedin.com/company/american-array-solar,TRUE,TRUE,https://americanarraysolar.com/solar/commercial-solar,FALSE,TRUE,❌ No relationships found,,,,,,,,,❌ No Profile Found,✅ Found 10 people,,,,,✅ Sent 0 rows,,
,,American Solar & Roofing,"American Solar & Roofing is radically redefining the contracting experience for Arizona homeowners and creating the Power of Investment in the Sun. 

• We’re locally-owned and operated and are invested in doing outstanding work for Arizonans. 
• We bring decades of expertise in both solar and roofing. We are the only solar company in Arizona to also hold a roofing license. 
• We only use best-in-class materials for durability, quality and efficiency. 
• We leave every worksite clean and safe. 
• We represent Arizona’s leading homebuilders across the state. 
• We’ve earned top honors from Ranking Arizona, BBB, and the Super Service Award from Angie’s List. 

AZ ROC#168657 [CR-11] ELECTRICAL
AZ ROC#236520 [CR-42] ROOFING",Construction,11-50 employees,Privately Held,"Phoenix, AZ",United States,americansolarandroofing.com,https://www.linkedin.com/company/american-solar,TRUE,TRUE,https://americansolarandroofing.com/commercial-roofing,FALSE,TRUE,❌ No relationships found,,,,,,,,,Found 2 People,,,,,,✅ Sent 2 rows,,
,,American Solar Corporation,"American Solar is the leading clean energy company in Northern California. We design and install intelligent energy solutions based on a deep understanding of our customers’ requirements, a continuous pursuit of innovation and 30 years of construction experience. Performance-leading SUNPOWER components and meticulous installation practices ensure bulletproof system performance, superior economy, and excellent esthetics.

American Solar is a thought and technology leader on energy storage and battery backup systems, and is one of a handful of solar installation companies in the US which specializes in the design, engineering, installation and integration of grid-tied solar systems with battery backup.

Battery backup systems are fuel-less, silent, maintenance free, entirely automatic and provide continuous power without interruption (unlike a generator). A battery backup system will also allow your grid-tied solar system to operate during a blackout, by creating an artificial grid for your solar system. Battery backup systems are more complex than traditional grid-tied solar systems, but provide a critical insurance policy in cases where uninterrupted operations is critical or desired. American Solar has extensive experience in designing and implementing battery backup systems fora wide range of needs.

For those who want complete independence from the electrical grid, American Solar provides off-grid solar solutions. Solar and batteries will provide a complete, independent energy system to power your residence or business. American Solar will work with you from design to execution to consider your energy requirements, and design and scale a system to meet these requirements. For systems utilizing multiple sources of energy (solar, wind, thermal, battery backup, generator), American Solar can create a fully integrated solution that ties all these platforms together while prioritizing sources and loads.",Renewables & Environment,11-50 employees,Privately Held,"Sausalito, CA",United States,americansolar.net,https://www.linkedin.com/company/american-solar-corporation,TRUE,TRUE,https://americansolar.net,FALSE,TRUE,❌ No relationships found,,,,,,,,,Found 1 People,,,,,,✅ Sent,,
,,American Solar Power Inc.,"American Solar Power Inc. is a full-service solar provider serving residential and commercial clients across California since 2009. We’ve built our team with experienced electricians and roofers to ensure every project meets the highest standards of quality and safety. From installations to maintenance and everything in between, we deliver reliable, top-tier service.",Renewable Energy Semiconductor Manufacturing,11-50 employees,Privately Held,"Los Angeles, California",United States,asolarp.com,https://www.linkedin.com/company/americansolarpowerinc,TRUE,TRUE,https://asolarp.com/commercial-solar,FALSE,TRUE,❌ No relationships found,,,,,,,,,❌ No Profile Found,✅ Found 10 people,,,,,✅ Sent 0 rows,,
,,Americus Energy,"Delivering Excellence in Renewable Energy Solutions!
Americus Energy exists to bring low carbon solutions to minimize the impact of energy creation on the environment. Our mission is to revolutionize the utilization of renewable energy, paving the way for a sustainable future that benefits future generations. We are committed to providing exceptional quality, efficiency, and customer delight; we are determined to redefine the solar industry.",Solar Electric Power Generation,51-200 employees,Privately Held,"Louisville, Kentucky",United States,americus.energy,https://www.linkedin.com/company/americus-energy,TRUE,TRUE,https://americusenergy.com/non-profits,FALSE,TRUE,❌ No relationships found,,,,,,,,,Found 2 People,,,,,,✅ Sent 2 rows,,
,,AMP Smart.,"AMP Smart - The things you work to build are worth protecting. 

Our Mission. - Customers come first.

At AMP our commitment is to provide the very best technology & service to our customers. And the very best treatment & recognition of our employees. We want you to feel proud of the company you represent, and know that you will always be rewarded for your hard work and dedication.

When you join our team, you are stepping into a career path with rapid growth opportunity. We are a tight knight company that works hard and plays harder.
 
AMP is constantly looking for hardworking, motivated salesmen and managers.  Contact Johnny Hebda at johnny.hebda@ampsecurity.com if you are interested in management or sales positions.",Computers and Electronics Manufacturing,201-500 employees,Privately Held,"Lehi, Utah",United States,ampsmart.com,https://www.linkedin.com/company/amp-security,TRUE,TRUE,https://ampsmart.com/products,FALSE,TRUE,❌ No relationships found,,,,,,,,,,,,,,,,,
,,Ananta Energy Source,"A Chicago-based energy procurement company enlightening the industry with our transparent approach and, “open book,” pricing model allowing all of our commercial clients to sit in the driver’s seat when it comes to hedging their energy budgets. 
 
Commercial LED Lighting represents 20% of our business. Ananta ensures our clients explore several options when it comes to LED products as well as maximize their paybacks leveraging utility rebates to offset their LED costs.",Utilities,2-10 employees,Privately Held,"Columbus, OH",United States,goananta.com,https://www.linkedin.com/company/ananta-energy-source,TRUE,TRUE,https://goananta.com,FALSE,TRUE,❌ No relationships found,,,,,,,,,Found 1 People,,,,,,✅ Sent,,
,,Apex Energy Tek,"At Apex Energy Tek, we’ve spent over a decade leading the charge in renewable energy across the Northeast. As a NYSERDA Quality Installer with a NABCEP certified solar installation team, we deliver top-tier solutions in residential and commercial solar as well as EV charging infrastructure.

We’re passionate about helping homeowners and businesses transition to clean, reliable energy, offering services from design to installation. Whether you're looking to lower your carbon footprint or cut energy costs, Apex is your trusted partner in sustainable energy.",Services for Renewable Energy,51-200 employees,Partnership,"Queensbury, New York",United States,apexenergytek.com,https://www.linkedin.com/company/apex-energy-tek,TRUE,TRUE,http://apexenergytek.com/solar-for-a-cause,FALSE,TRUE,❌ No relationships found,,,,,,,,,❌ No Profile Found,✅ Found 10 people,,,,,✅ Sent 0 rows,,
,,Apollo Energy,"Apollo Energy is a Colorado-based Certified B Corporation with over 10 years of local installation experience in solar and energy storage. Headquartered in Denver, we proudly serve communities across Colorado and Wyoming with a mission to make clean energy accessible, reliable, and impactful.

Our in-house team of electricians, installers, and project managers delivers full-service solar + storage solutions — from design and permitting to installation and ongoing support. By combining technical expertise with community-driven values, we’ve built a reputation as one of the region’s most trusted solar providers.

What sets us apart:

Certified B-Corp: We balance purpose and profit, reinvesting in our people, customers, and communities.

10+ Years Local: A decade of in-house installations, tailored to the unique energy needs of Colorado and Wyoming.

Industry Leadership: Our Master Electrician, Brian Kober, is the first and only in CO & WY to earn the NABCEP ESIP certification for energy storage.

Comprehensive Services: Residential, commercial, and community-scale projects with advanced storage integration.",Services for Renewable Energy,11-50 employees,Privately Held,"Denver, Colorado",United States,harnessoursun.com,https://www.linkedin.com/company/harnessoursun,TRUE,TRUE,https://harnessoursun.com,FALSE,TRUE,❌ No relationships found,,,,,,,,,❌ No Profile Found,✅ Found 10 people,,,,,✅ Sent 0 rows,,
,,"At Home Apartments, LLC","The best stories begin at home. At Home Apartments strives to elevate the lives of our residents, communities and employees alike through innovation, hospitality and sustainability in real estate. At Home Apartments invests in quality assets at well positioned locations. Our 5,000+ unit portfolio includes a mixture of everything from class-A new construction, to suburban garden and townhomes, to turn of the century urban brownstones.  

We are committed to creating homes that our residents can feel proud of, with the right location, budget, and style for them. In recent years At Home Apartments has opened communities in Minneapolis, St. Paul, Mendota Heights, Vadnais Heights, Saint Cloud and Sartell. Even with continued growth, we optimize performance of our existing portfolio by maintaining high-level customer service, property maintenance, and attention to detail. Hospitality, heart, home… It's as simple as that.",Real Estate,51-200 employees,Partnership,"St. Paul, MN",United States,athomeapartments.com,https://www.linkedin.com/company/-home-apartments,TRUE,TRUE,https://www.athomeapartments.com/community/the-preserve-at-stone-gate/,FALSE,TRUE,❌ No relationships found,,,,,,,,,,✅ Found 10 people,,,,,,,
,,Atlasta Solar Center,"Atlasta Solar Center has been serving the Western Slope of Colorado for over forty years. As the longest operating solar company on the Western Slope, we are dedicated to providing our customers with a quality experience while assisting them in transitioning over to a new energy-efficient lifestyle. Our vision is one of businesses, homes, neighborhoods, communities, powered by the clean, sustainable energy of the sun at a cheaper cost.
Our goal is to supply homes with energy at a lower cost while promoting a cleaner earth. We help people become aware of their energy usage by locking in their cost of energy for any amount of years. By doing so we save customers money and create a more energy conscientious community. Solar energy is the future of energy.",Renewable Energy Semiconductor Manufacturing,11-50 employees,Privately Held,"Grand Junction, Colorado",United States,atlastasolar.com,https://www.linkedin.com/company/atlasta-solar-center,TRUE,TRUE,https://www.atlastasolar.com/,FALSE,TRUE,❌ No relationships found,,,,,,,,,,,,,,,,,
,,Atutu,"Atutu is an international nonprofit organization supporting community-driven social change. We collaborate with individuals and organizations to equip communities with tools and platforms to support envisioning, enacting, and sustaining equitable local development.",Non-profit Organizations,11-50 employees,Non Profit,"San Francisco, California",United States,atutu.org,https://www.linkedin.com/company/atutu,TRUE,TRUE,http://atutu.org,FALSE,TRUE,❌ No relationships found,,,,,,,,,❌ No Profile Found,✅ Found 6 people,,,,,✅ Sent 0 rows,,
,,"Aurora Energy, Inc.","You can switch your building or business to cleaner, cheaper solar.  We can help you do it. We've been installing solar in the mid-Atlantic region since 1994.  After over 330 installations, we know what we're doing.",Solar Electric Power Generation,11-50 employees,Privately Held,"Columbia, MD",United States,aurora-energy.com,https://www.linkedin.com/company/aurora-energy-inc.,TRUE,TRUE,https://aurora-energy.com,FALSE,TRUE,❌ No relationships found,,,,,,,,,Found 2 People,,,,,,✅ Sent 2 rows,,
,,AWS Solar-Los Angeles,"AWS Solar  is an experienced and highly-recommended contractor serving the electrical and solar needs of clients in Greater Los Angeles Area.

Not All Solar Companies Are Created Equal!

We at AWS Solar pride ourselves on our integrity, professionalism, and dedication to creating an energy management solution that will make real financial sense for you-the customer.


AWS is a pioneer of smart energy management specializing in solar design and installation in Southern California. We are Number One in Southern California for customer satisfaction. We custom design each project as if it were our own and are not satisfied until you are satisfied.",Construction,11-50 employees,Privately Held,"Los Angeles, CA",United States,aws-solar.com,https://www.linkedin.com/company/aws-solar,TRUE,TRUE,https://aws-solar.com/solutions/business,FALSE,TRUE,❌ No relationships found,,,,,,,,,❌ No Profile Found,✅ Found 10 people,,,,,✅ Sent 0 rows,,
,,"Aztec Solar, Inc.","Aztec Solar Inc is a full-service solar energy provider, including Solar Water Heating, Solar Pool, Solar AC  and Solar Photovoltaic systems for both residential sites and commercial businesses. Aztec Solar Inc has been in the solar business since 1980.",Renewable Energy Semiconductor Manufacturing,11-50 employees,Privately Held,"Rancho Cordova, CA",United States,aztecsolar.com,https://www.linkedin.com/company/aztec-solar,TRUE,TRUE,https://aztecsolar.com/government-and-education-solar-installation/,FALSE,TRUE,❌ No relationships found,,,,,,,,,Found 1 People,,,,,,✅ Sent,,
,,Babcock Ranch,"We are America's first solar town utilizing an on-site 150-megawatt utility-scale solar generation facility to produce more clean, renewable energy than we consume. We are also part of the largest single land acquisition for preservation in Florida history. But Babcock Ranch is not simply making history, we are making tomorrow: We are creating an environment unlike any other to nurture your business success in ways that empower your entire enterprise through sustainability and innovation. This is the kind of supportive setting you may have dreamed of, but never before dreamed possible. In a customized facility, watch your success take root rapidly.

Babcock Ranch has entitled 6 million square feet for development of light industrial, retail, commercial, civic and office space. That means your business has the room and the resources to grow in a collaborative environment conducive for creation of value across sectors, from sustainable technologies to software development, from data centers to corporate headquarters, from sports performance to research and development, from consultancies to creative endeavors. 

Woven into the infrastructure and permeating the serene and inviting atmosphere, Babcock Ranch’s sustainability translates into competitive advantages that are both measurable—in lowered utility costs and higher productivity, for example--and yet beyond measure in establishing and enhancing your enterprise brand identity, and in fulfilling your organizational values. Babcock Ranch puts you on the map as a sustainability leader, and it locates your operation near critical markets with strategic logistical options.",Real Estate,51-200 employees,Privately Held,"Babcock Ranch, Florida",United States,babcockranchforbusiness.com,https://www.linkedin.com/company/babcock-ranch,TRUE,TRUE,https://babcockranchfoundation.org,FALSE,TRUE,❌ No relationships found,,,,,,,,,Found 1 People,,,,,,✅ Sent,,
,,Baker Home Energy,"We’ve made some exciting changes here at Baker and we want you to be the first to know. For over 15 years, we’ve delivered some of the best solar design, engineering and installation in Southern California and we have you to thank. During that time, many of you provided ideas and made requests for innovative solutions to manage and use the solar energy you produce every day. 

Building on our award-winning solar business we’re now offering Home Batteries, Smart Home solutions and Heating and Air systems. You’ve trusted us with your renewable energy and now we’ll show you how to manage and use that power to create an affordable, comfortable and convenient lifestyle. And to ensure you get only the best, we’re proudly offering products from companies like Lutron, Nest, Google, Tesla, Ring, Arlo, Samsung, Rachio, ChargePoint, Carrier and Trane.

Once again, my sincere appreciation for your business. Your trust in our company, its people, products and services is more important than you know. Welcome to Baker Electric Home Energy!

Sincerely,

Mike Teresso
President
Baker Electric Home Energy",Construction,201-500 employees,Privately Held,"Escondido, California",United States,bakerhomeenergy.com,https://www.linkedin.com/company/bakerhomeenergy,TRUE,TRUE,https://bakerhomeenergy.com/about-baker/community,FALSE,TRUE,❌ No relationships found,,,,,,,,,Found 1 People,,,,,,✅ Sent,,
,,Bandera Electric Cooperative,"Bandera Electric Cooperative is a not-for-profit, member-owned cooperative that proudly distributes electricity to more than 28,000 members and more than 39,000 meters across seven counties in the Texas Hill Country.

BEC is continually searching for new and innovative ways to promote energy efficiency, improve the convenience and access that our members have to information, and provide energy alternatives for our members.

Many new advances are taking place that include high-speed fiber optic internet to members within the service territory and availability to renewable energy. Most notably, BEC recently completed a large-scale 1.9 megawatt ground-mounted solar farm. This system gives members the opportunity to utilize alternative energy sources regardless of their living situation.

These exciting new initiatives have helped shape BEC through an unwavering focus on operational excellence and outstanding member service.",Utilities,51-200 employees,Non Profit,"Bandera, Texas",United States,banderaelectric.com,https://www.linkedin.com/company/bandera-electric-cooperative,TRUE,TRUE,http://banderaelectric.com/services,FALSE,TRUE,❌ No relationships found,,,,,,,,,,,,,,,,,
,,Barefoot College International,"We focus our approach on rural women of the Least Developed Countries. ‘Barefoot Solutions’ include the delivery of Solar Electrification, Clean Water, Education, and Livelihood Development. We train women worldwide to become Solar Engineers, Innovators and Educators; they return to their villages with the hope of light and livelihood for their communities. 

We strongly believe in empowering women to become agents of sustainable change within their communities. 

Barefoot College International has designed ways to nurture and support a journey towards educating, enabling and empowering one woman at a time, one village at a time.",Non-profit Organizations,51-200 employees,Non Profit,"Miami, Florida",United States,barefootcollege.org,https://www.linkedin.com/company/barefoot-college-international,TRUE,TRUE,https://barefootcollege.org/barefoot-goes-blue-to-spur-economic-opportunity-and-sustainability,FALSE,TRUE,❌ No relationships found,,,,,,,,,Found 2 People,,,,,,✅ Sent 2 rows,,
,,Baseline Solar Solutions,"We design and install photovoltaic (PV) and solar thermal systems. We work with builders, architects, and owners on both new and existing structures to implement alternative energy systems.

From the initial site visit to the day of commissioning, we work with our clients every step of the way. We know that every job is different and everyone's needs are unique, so we engineer each system from the ground up. We also provide maintenance and upkeep service for those customers with existing alternative energy systems.",Renewable Energy Semiconductor Manufacturing,11-50 employees,Privately Held,"Blacksburg, Virginia",United States,baselinesolar.com,https://www.linkedin.com/company/baseline-solar-solutions,TRUE,TRUE,https://baselinesolar.com/commercial-solar,FALSE,TRUE,❌ No relationships found,,,,,,,,,,,,,,,,,
,,Better Together Solar,"Our customers believe in solar today.  They see the long term value of solar. They see that their solar electricity costs less than electricity produced by fossil fueled power plants.  Our customers believe that energy independence is a core component of our American Dream and that polluting our neighbor's air is not the best way to live.

Better Together Solar is a full service designer and installer of solar PV systems in NE Ohio.  Our turnkey solutions include financial feasibility studies, system design, permitting, construction, inspection, system commissioning, registration with local utilities, tracking and sale of solar renewable energy credits.",Solar Electric Power Generation,11-50 employees,Privately Held,"Cleveland, Ohio",United States,bettertogether.solar,https://www.linkedin.com/company/btsolar,TRUE,TRUE,http://bettertogether.solar,FALSE,TRUE,❌ No relationships found,,,,,,,,,❌ No Profile Found,✅ Found 6 people,,,,,✅ Sent 0 rows,,
,,Beyond SOLAR,"At Beyond Solar, our mission is to harness the power of the sun to create energy-efficient lighting systems that reduce carbon footprints and contribute to a greener, more sustainable planet. We are committed to innovation, quality, and customer satisfaction. We offer a comprehensive range of solar lighting products, including solar streetlights, garden lights, floodlights, and more. Each product is designed with cutting-edge technology to ensure maximum efficiency, durability, and reliability. Our solar lighting systems are easy to install, require minimal maintenance, and provide consistent, high-quality illumination in all weather conditions. As a leader in the solar lighting industry, we are deeply committed to sustainability. By utilizing renewable energy sources, we help reduce greenhouse gas emissions and promote energy independence. Our products are designed to minimize environmental impact while maximizing energy savings. Join us on our journey to a brighter, more sustainable future with Beyond Solar. Together, we can light up the world with clean, renewable energy.",Renewable Energy Power Generation,11-50 employees,Privately Held,"Stone Mountain, Georgia",United States,beyondsolar.net,https://www.linkedin.com/company/beyond-solarusa,TRUE,TRUE,https://beyondsolar.net/pages/solar-led-lighting-schools-universities,FALSE,TRUE,❌ No relationships found,,,,,,,,,,,,,,,,,
,,Big Dog Solar,"At Big Dog Solar Energy we specialize in renewable energy, with a core competency in photovoltaics (Residential and Commercial Solar Energy). Our team offers the consultation, design, and build of several types of solar power systems. Whether you need a grid-tie, grid-tie with battery backup, or a completely off-grid system, we have the team and experience to find the best solution for your needs. In addition to designing and building your system, we also help with grant applications, tax incentives, and other cost-reduction methods.

It is also important to remember that solar energy isn't just for home either. More and more commercial businesses, farms, ranches, and dairies are utilizing solar energy to reduce operation costs. If you have any questions regarding solar energy or how you can benefit from it, please don't hesitate to contact us.",Renewable Energy Semiconductor Manufacturing,51-200 employees,Partnership,"Pocatello, Idaho",United States,bigdogsolar.com,https://www.linkedin.com/company/big-dog-solar,TRUE,TRUE,https://www.bigdogsolar.com/commercial-solar,FALSE,TRUE,❌ No relationships found,,,,,,,,,,,,,,,,,
,,Big Dog Solar Colorado,"We are a Full Service Solar Company Located in Pueblo West, CO. Big Dog Solar will complete your install from start to finish, no outsourcing! Competitive prices, well trained great team!

Big Dog Colorado will work with you from start to finish on your solar installation. Message us for more information!",Environmental Services,11-50 employees,Partnership,"Pueblo West, Colorado",United States,bigdogsolar.com,https://www.linkedin.com/company/big-dog-solar-colorado,TRUE,TRUE,https://www.bigdogsolar.com,FALSE,TRUE,,,,,,,,,,,,,,,,,,
,,Big Dog Solar Energy,"At Big Dog Solar Energy we specialize in renewable energy, with a core competency in photovoltaics (Residential and Commercial Solar Energy). Our team offers the consultation, design, and build of several types of solar power systems. Whether you need a grid-tie, grid-tie with battery backup, or a completely off-grid system, we have the team and experience to find the best solution for your needs. In addition to designing and building your system, we also help with grant applications, tax incentives, and other cost-reduction methods.

It is also important to remember that solar energy isn't just for home either. More and more commercial businesses, farms, ranches, and dairies are utilizing solar energy to reduce operation costs. If you have any questions regarding solar energy or how you can benefit from it, please don't hesitate to contact us.",Renewable Energy Semiconductor Manufacturing,51-200 employees,Partnership,"Pocatello, Idaho",United States,bigdogsolar.com,https://www.linkedin.com/company/big-dog-solar-energy,TRUE,TRUE,https://bigdogsolar.com,FALSE,TRUE,❌ No relationships found,,,,,,,,,❌ No Profile Found,✅ Found 10 people,,,,,✅ Sent 0 rows,,
,,Bioeco Energy ,"Bioeco Energy’s alternative energy solutions capture the renewable power of the sun, fueling new possibilities for your business and home.",Solar Electric Power Generation,11-50 employees,Privately Held,"Houston, Texas",United States,bioeco.com.mx,https://www.linkedin.com/company/bioeco-energy,TRUE,TRUE,https://bioecoenergy.us/site,FALSE,TRUE,❌ No relationships found,,,,,,,,,❌ No Profile Found,✅ Found 10 people,,,,,✅ Sent 0 rows,,
,,Bishop Ranch,"Owned and developed by Sunset Development since 1978, the family-operated company is guided by the long-held vision of making Bishop Ranch a distinct Californian community. Spread across 600 acres in Northern California’s San Ramon Valley, Bishop Ranch is where community, commerce and culture collide to create a thriving, walkable downtown for the city of San Ramon and a significant job center for the region. At its core, the 10-million-square-foot, next-generation workplace is one of the country’s largest office campuses and home to 30,000 employees and a dynamic mix of more than 600 businesses, including Fortune 500 companies, local startups and everything in between. With an award-winning transit program and a deep commitment to sustainability, Bishop Ranch aims to be the largest distributed power generation site in the world with 80% of its energy produced on-site by solar. 

The heartbeat of Bishop Ranch is City Center, a $300 million, 300,000-square-foot, open-air shopping, dining and entertainment destination. With its range of nearly 60 distinctive retailers and notable restaurants – including The Slanted Door, LB Steak, Boba Guys and Fieldwork Brewing Company -- along with Equinox Fitness, the luxurious LOT Cinema and the inviting public square, City Center is a unique and ever-popular gathering place. From art and music events to a thriving farmers’ market, City Center is the destination for social and cultural experiences.

With an unwavering commitment to build a walkable downtown, Bishop Ranch will soon introduce several distinctive residential communities, eventually numbering some 6,000 homes. Also planned is a new boutique hotel, as well as restaurant and retail options throughout the various neighborhoods.",Real Estate,51-200 employees,Privately Held,"San Ramon, CA",United States,bishopranch.com,https://www.linkedin.com/company/bishop-ranch-by-sunset-development-company,TRUE,TRUE,https://www.bishopranch.com/event/srvef-42nd-run-for-education/,FALSE,TRUE,❌ No relationships found,,,,,,,,,,,,,,,,,
,,"Bixby Electric, Inc.","Bixby Electric, Inc. is a growing electrical contractor performing all scopes of electrical construction as well as heavy civil construction throughout the Southwest and beyond. For over 40 years, Bixby Electric has provided the knowledge, experience, and capability to build, service, and maintain most every type of electrical installation including Distribution / Transmission, Commercial / Industrial, Traffic Signals, and Airfield Lighting. In addition to the electrical components of our projects, Bixby Self-Performs its own earthwork, concrete, structural steel, direction boring, and rock excavation for its private, municipal, state, and federal client.",Construction,51-200 employees,Privately Held,"Albuquerque, NM",United States,bixbyelectric.com,https://www.linkedin.com/company/bixby-electric-inc-,TRUE,TRUE,https://bixbyelectric.com/services/,FALSE,TRUE,❌ No relationships found,,,,,,,,,,,,,,,,,
,,Bland Company,"Bland Company is dedicated to providing an appropriate, affordable solution for problems that are faced by every homeowner. While other companies are focused on the bottom line, we are focusing on the customer, anticipating your needs and serving your best interests. 

Whether you came to us for solar, air conditioning, or roofing, we will treat you with respect and provide the highest quality of service from start to finish.",Renewable Energy Semiconductor Manufacturing,51-200 employees,Privately Held,"Bakersfield, CA",United States,blandcompany.com,https://www.linkedin.com/company/blandcompany,TRUE,TRUE,http://blandcompany.com,FALSE,TRUE,❌ No relationships found,,,,,,,,,❌ No Profile Found,✅ Found 10 people,,,,,✅ Sent 0 rows,,
,,"Bliss Solar, LLC","Bliss Solar LLC develops and delivers commercial solar PV and battery storage projects that reduce operating costs, improve asset value, and maximize available tax incentives.

We work with commercial property owners, manufacturers, distributors, logistics companies, food processing and storage facilities, retail corporations, property management firms, and commercial real estate professionals. Our team understands the complexities of project finance, IRS Safe Harbor, MACRS depreciation, and compliance with current federal and state energy programs — including the Opportunity for Better Business Bill (OBBB) signed into law in 2025.

From initial assessment to commissioning, we manage every step:
• Energy and financial feasibility analysis
• Incentive and tax credit qualification
• Engineering, procurement, and construction management
• Utility interconnection and compliance
• Ongoing performance monitoring and support

Our goal is straightforward: help businesses take control of energy costs, reduce tax liabilities, and gain a predictable return on energy investments.

Learn more at blisssolar.com or contact us at (646) 902-9442 Opt. 1.

The mission of Bliss Solar is to make the process of decoupling from the traditional power grid as painless as possible through consumer solar education and world-class customer support.",Solar Electric Power Generation,2-10 employees,Privately Held,"Great Neck, New York",United States,blisssolar.com,https://www.linkedin.com/company/blisssolar-llc,TRUE,TRUE,https://blisssolar.com/,FALSE,TRUE,❌ No relationships found,,,,,,,,,❌ No Profile Found,✅ Found 4 people,,,,,✅ Sent 0 rows,,
,,Blossom Solar,"Blossom is a residential and commercial solar panel and HVAC installer, and electrical contractor operating in Washington State since 2017. We prepare custom designs and quotes to meet our customers' needs, with brands including Silfab, REC, Enphase, Tesla (Solar), and Mitsubishi (HVAC). 

We also partner with homebuilders and commercial builders, helping them achieve the needed energy credits for their projects with a product that is affordable and adds value for their clients.

We handle all of the permitting, scheduling, and inspections, communicating necessary updates in clear and timely order. 

Our focus is on you and/or your clients and the high quality installation of the system. 

Visit our website to learn more.",Solar Electric Power Generation,11-50 employees,Partnership,"Everett, WA",United States,blossomsolar.com,https://www.linkedin.com/company/blossom-solar,TRUE,TRUE,https://blossomsolar.com,FALSE,TRUE,❌ No relationships found,,,,,,,,,❌ No Profile Found,✅ Found 10 people,,,,,✅ Sent 0 rows,,
,,Blue Horizon Energy,"Blue Horizon Energy is a full-service clean energy development company. 

We're advancing America's transition to carbon-free energy with projects that generate and deliver reliable, sustainable electricity for organizations of all sizes. This work combines significant long-term economic savings with positive environmental impact for our customers and communities.

What We Do: 
Development | Construction | Financing | Project Operations | Maintenance

Markets We Serve: 
Commercial | Industrial | Multi-Family | Agricultural | Civic | EPC Services

Technologies We Deploy: 
Solar Energy | Battery Storage | EV Charging | Electrical Infrastructure",Renewable Energy Power Generation,11-50 employees,Privately Held,"Minnetonka, Minnesota",United States,bluehorizonenergy.com,https://www.linkedin.com/company/blue-horizon-energy,TRUE,TRUE,https://bluehorizonenergy.com/civic,FALSE,TRUE,❌ No relationships found,,,,,,,,,Found 2 People,,,,,,✅ Sent 2 rows,,
,,Blue Raven Solar,"Blue Raven Solar, a SunPower Company, is a retailer of residential home solar systems. We are one of the fastest growing solar companies in the nation. We are a nationwide, top-10 solar installer currently operating in many states. 

Our mission is to improve homeowners' lives by reducing their energy bills, increasing their reliance on clean and abundant renewable energy, and providing a world-class customer experience through a reliable sales process and speedy, high-quality installations. 

Learn more about us at www.blueravensolar.com",Renewable Energy Semiconductor Manufacturing,"1,001-5,000 employees",Privately Held,"Orem, UT",United States,blueravensolar.com,https://www.linkedin.com/company/blue-raven-solar,TRUE,TRUE,https://blueravensolar.com/x-givepower,FALSE,TRUE,❌ No relationships found,,,,,,,,,Found 12 People,,,,,,✅ Sent 10 rows,,
,,Blue Sky Energy,"Blue Sky Energy collaborates with owners, general contractors, and architects for commercial and residential projects that require custom solutions or are architecturally significant. Their customers contact them through email or phone call.",Renewables & Environment,11-50 employees,Privately Held,"Pacific Palisades, CA",United States,blueskyenergy.solar,https://www.linkedin.com/company/blue-sky-energy,TRUE,TRUE,https://blueskyenergy.solar/financing/,FALSE,TRUE,❌ No relationships found,,,,,,,,,❌ No Profile Found,✅ Found 10 people,,,,,✅ Sent 0 rows,,
,,BlueHub Capital,"BlueHub Capital is a mission-driven, nonprofit community development finance organization focused on building healthy communities where low-income people live and work. We use innovative financial tools and deploy capital to support projects that make communities more vibrant places to live. BlueHub has four distinct programs: BlueHub Loan Fund (community development financing), BlueHub SUN (foreclosure relief), BlueHub Energy (clean energy access) and One Percent for America (citizenship financing). Since our founding in 1985, BlueHub has invested over $2.4 billion (and leveraged over $12 billion) to finance:

- Affordable housing, school facilities, child and youth development programs, community-based health centers, grocery stores, and community gathering places
- Removing financial barriers to US citizenship
- Clean energy enhancements that expand access to solar and other renewable sources for people with low incomes
- Mortgage lending for families facing foreclosure

Reducing economic inequality is at the heart of why BlueHub exists and why we do the work we do. Our investments focus on economically and racially marginalized communities that have been systematically denied access to capital.",Non-profit Organizations,11-50 employees,Non Profit,"Boston, Massachusetts",United States,bluehubcapital.org,https://www.linkedin.com/company/bluehubcapital,TRUE,TRUE,https://bluehubcapital.org,FALSE,TRUE,❌ No relationships found,,,,,,,,,Found 1 People,,,,,,✅ Sent,,
,,BlueSky Utility - Powered by Nofar Energy,BlueSky Utility is a leading distributed-generation solar and energy storage developer and independent power producer (IPP). We collaborate with landlords to optimize the value of their asset portfolios and drive down energy expenses through innovative solar and storage solutions.,Renewable Energy Semiconductor Manufacturing,51-200 employees,Privately Held,"Novato, California",United States,blueskyutility.com,https://www.linkedin.com/company/blue-sky-utility,TRUE,TRUE,https://blueskyutility.com/tenants,FALSE,TRUE,❌ No relationships found,,,,,,,,,Found 2 People,,,,,,✅ Sent 2 rows,,
,,BLUETTI,"Established in 2013, BLUETTI stands as a leading provider of cutting-edge solar solutions. We specialize in making all-in-one solar power systems accessible to everyone living at home or going off the grid. Our offerings include easy-to-install, affordable, and efficient solar products, complemented by end-to-end services ranging from consultation to installation and ongoing support. At BLUETTI, we are committed to enhancing our world through the creation of an exceptional green experience. With a vision to illuminate millions of African households, BLUETTI is actively engaged in leveraging the LAAF program to address energy limitations and empower communities through clean and reliable power solutions. Together, let's make a difference by spreading warmth and hope to those in need.",Renewable Energy Equipment Manufacturing,"1,001-5,000 employees",Self Owned,California,United States,bluettipower.com,https://www.linkedin.com/company/bluetti,TRUE,TRUE,https://community.bluettipower.com,FALSE,TRUE,❌ No relationships found,,,,,,,,,,,,,,,,,
,,Bone Dry Roofing,"In business since 1989, Bone Dry Roofing's office in Indianapolis is the headquarters of our business, which includes 11 total offices across five states. Our company has been family owned and operated since the day it opened - we are not a franchise! We have built our reputation over the years one customer at a time, and this is the way we’ve grown from a small company to one of the largest residential roofing companies in the Midwest.

Our mission is to ensure peace of mind for each customer through exceptional service. It’s that simple! All of our technicians are fully trained and certified to carry out work needed, and our employees will always treat you with respect and a friendly attitude. We also offer 24/7 emergency service, so don't hesitate to call. We look forward to assisting with all of your residential/commercial roofing and repairs, masonry, gutters, and interior and exterior needs in the following areas;

Indianapolis, IN
Lafayette, IN
Evansville, IN
Louisville, KY
Lexington, KY
Cincinnati, OH
Columbus, OH
Dayton, OH
St. Louis, MO
Nashville, TN
Fort Wayne, IN

Bone Dry Roofing also has sister companies in Fort Collins, CO and Sarasota, FL.",Construction,51-200 employees,Privately Held,"Indianapolis, Indiana",United States,bonedry.com,https://www.linkedin.com/company/bone-dry-roofing1,TRUE,TRUE,https://bonedry.com/dayton/community-involvement/,FALSE,TRUE,❌ No relationships found,,,,,,,,,Found 7 People,,,,,,✅ Sent 7 rows,,
,,Bonsai Energy Group,"Bonsai Energy Group (BEG) is a Consulting Firm specializing in third-party Solar PV Quality Assurance and Owners’ Engineering services. Services include oversight, project due diligence, design review, schedule verification, project construction management, strategic planning and initiatives, and best practices.

Since 2004, BEG has utilized decades of industry best practices and combined it with 50 Years+ of Solar PV Industry knowledge for engineering and project construction management excellence.",Renewable Energy Power Generation,2-10 employees,Privately Held,"New York, CA",United States,bonsaienergygroup.com,https://www.linkedin.com/company/bonsaisolar,TRUE,TRUE,https://bonsaienergygroup.com,FALSE,TRUE,❌ No relationships found,,,,,,,,,❌ No Profile Found,✅ Found 2 people,,,,,✅ Sent 0 rows,,
,,Boston Solar,"Boston Solar is the #1 residential solar company based in Massachusetts, with more than 6,500 installations in 14 years. We are proud to power Massachusetts, a state that continues to lead the nation in solar installations. We provide superior products, exceptional customer service, and the highest quality workmanship. Now we also offer a Production Guarantee on your residential solar system. 

Boston Solar is dedicated to helping customers save money while improving the environment and supporting our local community.  Every member of our team is focused on delivering the best experience for every customer.  Are you ready to join your neighbors as they take part in the national drive toward energy independence? Learn more about why Boston Solar is the best choice for your home or business.  Solar.  Savings.  Made Simple!",Services for Renewable Energy,51-200 employees,Partnership,"Woburn, Massachusetts",United States,bostonsolar.us,https://www.linkedin.com/company/boston-solar,TRUE,TRUE,https://bostonsolar.us,FALSE,TRUE,❌ No relationships found,,,,,,,,,Found 1 People,,,,,,✅ Sent,,
,,"Briggs Electric, Inc.","Briggs Electric has been the trusted partner for general contractors since 1946 in California and 1996 in Nevada. Built on a foundation of strong communication and reliable delivery, we’ve grown alongside the industries we serve. Today, we bring the horsepower, expertise, and innovation to solve complex challenges and drive projects forward. From healthcare to data centers, our legacy is defined by projects done right the first time.",Construction,"501-1,000 employees",Privately Held,"Tustin, CA",United States,briggselectric.com,https://www.linkedin.com/company/briggselectric,TRUE,TRUE,https://briggselectric.com/project_category/commercial,FALSE,TRUE,❌ No relationships found,,,,,,,,,Found 5 People,,,,,,✅ Sent 5 rows,,
,,"Bright Future Solar Energy, Inc.","At Bright Future Solar Energy, we take pride in the work we do.  We are engineers, local to the Central Coast and have over 20 years experience in energy systems design, installation and servicing.  We are innovative, creative and have a unique ability to solve energy challenges.  Most importantly, we are honest, trusted and genuinely care about servicing each of our customers to the best of our abilities.",Renewable Energy Semiconductor Manufacturing,11-50 employees,Privately Held,"Salinas, California",United States,brightfuturesolarenergy.com,https://www.linkedin.com/company/bright-future-solar-energy-inc-,TRUE,TRUE,https://brightfuturesolarenergy.com/commercial,FALSE,TRUE,❌ No relationships found,,,,,,,,,❌ No Profile Found,✅ Found 10 people,,,,,✅ Sent 0 rows,,
,,Bright Home Energy,"At Bright Home Energy we are committed to providing our clients with exceptional home-energy  solutions that allow them to cut their energy consumption, save money,  and increase the value of their home. What differentiates Bright Home Energy from our  competitors is our whole-home approach. Not only do we provide a  comprehensive Solar solution, but we also extend our services to include  Smart Thermostats, Aeroseal, Insulation, and Demand Management Systems.  Our far reaching expertise and services make us the premiere energy  solution company in Arizona.",Renewables & Environment,11-50 employees,Privately Held,"Tempe, Arizona",United States,brighthomeenergy.com,https://www.linkedin.com/company/govoltsolar,TRUE,TRUE,https://brighthomeenergy.com/about/,FALSE,TRUE,,,,,,,,,,,,,,,,,,
,,Bright Start,"We help homeowners in the USA save thousands, gain energy independence, and protect the planet with solar energy. Founded by Andrew Herrmann, we offer custom, data-driven solutions to meet your energy needs. Visit BrightStartSolar.com",Services for Renewable Energy,51-200 employees,Privately Held,"Springfield, IL",United States,brightstartsolar.com,https://www.linkedin.com/company/brightstartsolar,TRUE,TRUE,https://brightstartsolar.com,FALSE,TRUE,❌ No relationships found,,,,,,,,,,,,,,,,,
,,Brightstar Solar,"Brightstar Solar is Massachusetts’s leading solar installation company. Our professionally trained service team and competitive and cost-effective packages, combined with one-of-a-kind product and service offerings, make us the premier energy partner for meeting your residential and commercial solar power needs. We serve the residential and small sectors.",Renewable Energy Semiconductor Manufacturing,2-10 employees,Privately Held,"Marlborough, MA",United States,brightstarsolar.net,https://www.linkedin.com/company/brightstar-solar,TRUE,TRUE,https://brightstarsolar.net/solar-installation-in-hopkinton-ma/,FALSE,TRUE,❌ No relationships found,,,,,,,,,,,,,,,,,
,,BriteStreet Energy Group,The best installers and electricians around. For anything solar you’d be in good hands with us.,Solar Electric Power Generation,51-200 employees,Privately Held,"Denver, Colorado",United States,britestreetsolar.com,https://www.linkedin.com/company/britestreet-energy-group,TRUE,TRUE,https://www.britestreetsolar.com,FALSE,TRUE,❌ No relationships found,,,,,,,,,❌ No Profile Found,❌ No people found,✅ 1 decision maker found,,,,✅ Sent 0 rows,,
,,BriteStreet Solar,"**BriteStreet Solar | Leading Solar Panel Installation Denver & Colorado Front Range**

Are you searching for a reputable solar energy company who actually live and work in your community? Look no further. BriteStreet Solar has been the trusted choice for solar panel installation that Denver residents and businesses have relied on since 2012.

As one of the best solar companies Denver offers, we're proud to be locally owned and operated, serving everything from residential solar panels that Denver homeowners love, to large-scale commercial solar installation that Denver businesses depend on. Our team covers the entire Front Range from Fort Collins to Colorado Springs.

**What Sets Us Apart:**
 One of only 3 Tesla-certified solar installers in Colorado
 NABCEP-certified employees (not subcontractors) 
 1,000+ successful solar installations completed
 Consistent on-time, quality installations
 Local ownership with deep Colorado roots

Unlike national solar energy companies Colorado has seen come and go, we're here for the long haul. When you choose solar energy solutions from BriteStreet Solar, you're partnering with solar panel installers that Denver trusts to honor warranties and provide ongoing support.

From solar installations Colorado homeowners need to commercial solar energy systems, we make going solar simple, affordable, and stress-free.

Ready to join the solar revolution? Let's power your property with clean, renewable energy! 

#SolarEnergy #DenverBusiness #ColoradoSolar #RenewableEnergy #SolarInstallation",Solar Electric Power Generation,51-200 employees,Privately Held,"Centennial, Colorado",United States,britestreet.com,https://www.linkedin.com/company/britestreet-solar,TRUE,TRUE,https://britestreet.com/category/company-culture-and-community,FALSE,TRUE,,,,,,,,,,❌ No Profile Found,✅ Found 10 people,,,,,✅ Sent 0 rows,,
,,Bryton Power,We are a residential solar installation company. We pride ourselves on delivering the best solar experience for everyone involved.,Renewable Energy Power Generation,201-500 employees,Privately Held,"Lindon, Utah",United States,brytonpower.com,https://www.linkedin.com/company/bryton-power,TRUE,TRUE,https://www.brytonpower.com/post/portable-solar-panels-top-choices-for-outdoor-enthusiasts-in-2024,FALSE,TRUE,❌ No relationships found,,,,,,,,,,,,,,,,,
,,"BSW Roofing, Solar & Air","BSW is a family owned business with over 80 year experience with a real focus on customer satisfaction. You can rely on us for your next roofing or solar installation. Please request a free quote and one of our Bakersfield roofing contractors will contact you to arrange a meeting.

Mission Statement:

Our mission is to serve our customers and always deliver the highest level of professionalism which makes our customer happy.

Our Core Values: 

We believe in Teamwork through Trust and Respect Each Other. Enthusiastic Communication with Clients.",Construction,51-200 employees,Privately Held,"Bakersfield, California",United States,bswroofing.com,https://www.linkedin.com/company/bsw-roofing,TRUE,TRUE,https://bswroofing.com/commercial-roofing-repairs-replacements-for-large-scale-facilities,FALSE,TRUE,❌ No relationships found,,,,,,,,,,,,,,,,,
,,Build Native LLC,Custom home builder specializing in green building techniques since 2007.,Construction,2-10 employees,Privately Held,"Austin, TX",United States,buildnative.com,https://www.linkedin.com/company/build-native,TRUE,TRUE,https://buildnative.com/pace/,FALSE,TRUE,❌ No relationships found,,,,,,,,,,,,,,,,,
,,Bullet Energy Solutions,"Powering the Future with Solar & EV Charging

At Bullet Energy Solutions, we empower homes and businesses to take control of their energy with reliable solar, battery storage, and EV charging solutions. As a trusted partner in renewable energy, we offer end-to-end services—from consultation and design to professional installation—ensuring seamless integration for a more sustainable and cost-efficient future.

Our company is built on innovation, reliability, and expertise, providing:

 Bullet EV Charging Solutions 
Turnkey EV charging installations for commercial properties, multi-family residences, workplaces, and fleet operations, ensuring seamless integration of electric vehicle infrastructure.

 Bullet Solar Solutions 
Expert residential and commercial solar panel installations, battery storage systems, and energy management solutions—helping homeowners and businesses lower costs, achieve energy independence, and stay powered during outages.

With a steadfast commitment to quality, innovation, and customer service, we deliver comprehensive energy solutions that help our clients future-proof their energy needs.

Power your home. Charge your business. Own your energy.

 Serving Texas, California, and beyond.
 Learn more: www.bullet-energy.com",Services for Renewable Energy,51-200 employees,Privately Held,"Austin, Texas",United States,bullet-energy.com,https://www.linkedin.com/company/bullet-energy,TRUE,TRUE,https://bullet-energy.com,FALSE,TRUE,❌ No relationships found,,,,,,,,,❌ No Profile Found,✅ Found 10 people,,,,,✅ Sent 0 rows,,
,,Bullet Solar Solutions,"Bullet Solar Solutions specializes in residential and commercial solar panel installations, energy storage systems, and EV charger installations. We install top-quality QCELLS and Hyundai solar panels, paired with advanced storage solutions as Tesla Powerwall, Anker Solix, and Enphase certified installers. Our energy solutions ensure greater efficiency, independence, and protection against grid outages. We also provide customized EV charger installations to support the growing demand for electric vehicles, offering reliable, sustainable energy solutions for homes and businesses alike.",Services for Renewable Energy,11-50 employees,Partnership,"Houston, Texas",United States,bulletsolar.com,https://www.linkedin.com/company/bullet-energy-solutions,TRUE,TRUE,https://bulletsolar.com/,FALSE,TRUE,❌ No relationships found,,,,,,,,,,,,,,,,,
,,Burns & Scalo Roofing,"The Burns & Scalo partnership began over five decades ago in 1956, when John T. Scalo and Richard ""Duke"" Burns shared a common vision: to be the very best at whatever they did. Beginning as a two-man residential roofing company, Burns & Scalo quickly grew into a successful operation in the Pittsburgh region.

The company has experienced consistent growth and was nationally recognized in 2015 as the top commercial roofing contractor in the nation, employing over 250 people regionally. Burns & Scalo is headquartered in Pittsburgh, Pennsylvania and serves the entire Mid-Atlantic / Eastern seaboard region with a branch office strategically located in Columbus Ohio. 

The company celebrated its 65th year in business in 2021 and welcomed the third generation into the business. Burns & Scalo operates together with 7 distinct and strategic additional Scalo-owned companies.",Construction,201-500 employees,Self Owned,"Pittsburgh, PA",United States,burns-scalo.com,https://www.linkedin.com/company/burns-&-scalo-roofing,TRUE,TRUE,http://burns-scalo.com,FALSE,TRUE,❌ No relationships found,,,,,,,,,Found 1 People,,,,,,✅ Sent,,
,,BVI Solar,"BVI Solar is a commercial electrical, roofing, and solar contractor based in San Diego and servicing the entire state of California. We specialize in renewable projects ranging from 50 kW - 2.5 MW including rooftop, carports, and ground mount installations. BVI Solar can also provide turn-key micro-grid solutions including electrical infrastructure upgrades, BESS, and EV charging stations. 

When you work with BVI Solar, you’re in good hands. BVI Solar has been built by a team of seasoned industry veterans with a proven track record of success.",Services for Renewable Energy,11-50 employees,Privately Held,"San Diego, California",United States,bvisolar.com,https://www.linkedin.com/company/bvisolar,TRUE,TRUE,http://bvisolar.com/solar-faq,FALSE,TRUE,❌ No relationships found,,,,,,,,,❌ No Profile Found,✅ Found 10 people,,,,,✅ Sent 0 rows,,
,,California Solar Electric Cooperative,"CALIFORNIA SOLAR ELECTRIC COMPANY is a renewables & environment company based out of Grass Valley, California",Renewable Energy Semiconductor Manufacturing,11-50 employees,Partnership,"Grass Valley, California",United States,cal-solar.coop,https://www.linkedin.com/company/california-solar-electric-company,TRUE,TRUE,https://cal-solar.coop,FALSE,TRUE,❌ No relationships found,,,,,,,,,❌ No Profile Found,✅ Found 10 people,,,,,✅ Sent 0 rows,,
,,Camsan Inc. Electrical Contractors,"Camsan Inc. Electrical Contractors is a third-generation Electrical Contracting service provider located in Stamford, CT. With a dedicated team of over 100 employees, Camsan has the privilege of partnering with leading general contractors to supply electrical service and products on major commercial construction projects in CT and NY. As a family owned local business, we maintain a deep sense of loyalty to our community, through residential and service customers that have supported the Camsan brand for decades. We offer solutions on small service installations, remodels, renovations, scheduled service calls, generator installs, and emergency calls.",Construction,51-200 employees,Privately Held,"Stamford, Connecticut",United States,camsaninc.com,https://www.linkedin.com/company/camsan-electric,TRUE,TRUE,http://camsaninc.com/community-giving-back,FALSE,TRUE,❌ No relationships found,,,,,,,,,❌ No Profile Found,✅ Found 10 people,,,,,✅ Sent 0 rows,,
,,Cannon Solar,"Cannon Solar is not merely a company; it's a movement towards a brighter, greener future. Our commitment to quality, sustainability, and customer-centricity has earned us a reputation for excellence. We are a full-service EPC with a 100% internal installation department. Outsourcing installers causes a lack of control with timely project completion commitments and uniform high-quality standards.... Not at Cannon Solar. Each installation, every satisfied customer, and the positive impact we make on the environment fuels our passion to continue driving change.",Solar Electric Power Generation,11-50 employees,Privately Held,"Atlanta, Georgia",United States,cannonsolar.com,https://www.linkedin.com/company/cannon-solar,TRUE,TRUE,https://cannonsolar.com,FALSE,TRUE,❌ No relationships found,,,,,,,,,,,,,,,,,
,,"Cape Fear Solar Systems, LLC","Cape Fear Solar Systems, LLC, a Wilmington, NC based solar expert offers a wide range of solar panels for solar water heating (solar thermal), photovoltaic (PV, solar electric) and solar pool heating for both residential and commercial applications. Extensive experience in solar installations and being an Elite Dealer for the most efficient solar panel on Earth, SunPower, make Cape Fear Solar Systems the local leader in turnkey solar solutions. Cape Fear Solar Systems is a NABCEP Certified Solar Installer, a mark indicating achievement of the highest available certification standard in the solar world.",Renewables & Environment,11-50 employees,Privately Held,"Wilmington, North Carolina",United States,capefearsolarsystems.com,https://www.linkedin.com/company/cape-fear-solar-systems-llc,TRUE,TRUE,http://capefearsolarsystems.com,FALSE,TRUE,❌ No relationships found,,,,,,,,,❌ No Profile Found,✅ Found 10 people,,,,,✅ Sent 0 rows,,
,,Capital City Solar,Locally owned and operated. The highest quality and most affordable solar Installations in Northern California!  We provide solar energy with the highest quality products  and most affordable solar installations. Easy on the environment and better for you!,Environmental Services,11-50 employees,Privately Held,"Roseville, CA",United States,capitalcitysolar.com,https://www.linkedin.com/company/capital-city-solar,TRUE,TRUE,https://capitalcitysolar.com/solar-services/commercial,FALSE,TRUE,❌ No relationships found,,,,,,,,,,,,,,,,,
,,Captain Power,"Captain Power is a Delaware originated solar and electrical contracting company licensed in numerous states in the north-east. Established in 2022 by Steven Stahl a Master electrician who has been in the electrical industry for 20 years spent the past 10 years installing approximately 50 MW of residential and commercial solar systems. Our team is comprised of master electricians and crews who specialize in commercial and residential EPC, system maintenance and commissioning, EV charging, electrical engineering and design, permitting, pre-development reports, and high-quality solar construction, management and consulting.",Services for Renewable Energy,11-50 employees,Privately Held,"Beltsville, Maryland",United States,captainpowerllc.com,https://www.linkedin.com/company/captain-power,TRUE,TRUE,http://captainpowerllc.com,FALSE,TRUE,❌ No relationships found,,,,,,,,,❌ No Profile Found,✅ Found 9 people,,,,,✅ Sent 0 rows,,
,,Carbon Solutions Group,"Carbon Solutions Group was founded in Chicago, Illinois, in 2006. CSG consists of 3 principal groups: SREC Aggregation, DirtRoad (EV Charging Development), and ESG Services. CSG prides itself on corporate and municipal partnerships across the U.S. that it has fostered during 17 years of operation.",Renewable Energy Semiconductor Manufacturing,11-50 employees,Privately Held,"Chicago, IL",United States,carbonsolutionsgroup.com,https://www.linkedin.com/company/carbon-solutions-group,TRUE,TRUE,https://carbonsolutionsgroup.com/solar/commercial,FALSE,TRUE,,,,,,,,,,Found 5 People,,,,,,✅ Sent 5 rows,,
,,Catamount Solar,"Catamount Solar is a local, Vermont-based, member-owned worker’s cooperative specializing in affordable, high-quality solar power system design and solar installation services.  We provide our residential and business customers in Vermont and New Hampshire with a full range of electric hot water and heating system options designed to meet their unique needs .

There’s never been a better time to consider adding solar power to your home, farm or business. Historic low prices for equipment plus very favorable state and federal incentives make moving to solar power a very feasible solution to ever-increasing utility power rates.

Find out more about heating your domestic hot water and your home with new electric heat pump technology which can have half the cost of conventional propane and oil heating systems. Contact us for more information.",Renewable Energy Semiconductor Manufacturing,11-50 employees,Partnership,"Randolph, VT",United States,catamountsolar.com,https://www.linkedin.com/company/catamount-solar,TRUE,TRUE,https://catamountsolar.com,FALSE,TRUE,❌ No relationships found,,,,,,,,,❌ No Profile Found,✅ Found 9 people,,,,,✅ Sent 0 rows,,
,,Central Georgia EMC,Central Georgia Electric Membership Corporation (CGEMC) is a not-for-profit consumer-owned electric distribution system.,Utilities,51-200 employees,Non Profit,jackson,United States,cgemc.com,https://www.linkedin.com/company/central-georgia-emc,TRUE,TRUE,https://cgemc.com,FALSE,TRUE,❌ No relationships found,,,,,,,,,❌ No Profile Found,✅ Found 10 people,,,,,✅ Sent 0 rows,,
,,"Centurion Solar Energy, LLC","Centurion Solar Energy, LLC was founded in Stamford, CT by a group of investors and an Electrical Engineer. 

We market, design, install and service Photvolataic solar systems for residences, businesses and municipal Customers. 

Present in the US and Latin America.

Our sales professionals and engineering teams are highly trained and qualified, providing quality installs and total Customer satisfaction.  Our CTO is a second generation Master E1 electrician.",Renewable Energy Semiconductor Manufacturing,11-50 employees,Privately Held,"Stamford, CT",United States,centurionsolar.com,https://www.linkedin.com/company/centurion-solar-energy,TRUE,TRUE,https://centurionsolar.com/solar-installs,FALSE,TRUE,❌ No relationships found,,,,,,,,,,,,,,,,,
,,Cenvar Roofing & Solar,"At Cenvar Roofing & Solar, we're experts in residential and commercial roofing, offering services in roof replacements, repairs, and solar installations. With branches across Virginia, including Abingdon, Charlottesville, Farmville, Harrisonburg, Lynchburg, Wytheville, Richmond, and Roanoke, we aim to surpass customer expectations in quality and affordability.

Our commitment is clear: outstanding customer service. We achieve this through effective communication, punctuality, and precise installations following manufacturer specifications. We take pride in leaving no property damage, emphasizing a thorough cleanup process that ensures a neat and professional job, leaving our customers fully satisfied.",Construction,51-200 employees,Privately Held,"Lynchburg, va",United States,cenvarroofing.com,https://www.linkedin.com/company/cenvar-roofing-and-solar,TRUE,TRUE,https://www.cenvarroofing.com/,FALSE,TRUE,❌ No relationships found,,,,,,,,,Found 1 People,,,,,,✅ Sent,,
,,Chamberlains Aqua & Energy Systems Limited (CAESL),"Chamberlains Aqua & Energy Systems Limited (CAESL) is a UK-based cleantech company developing patented technologies and tailored consultancy services that accelerate the transition to Net Zero.

Our flagship invention, TASHEX, is an AI-powered solar panel add-on that improves energy output by up to 30%. Designed for retrofitting and new installations, TASHEX combines intelligent cooling, real-time optimisation, and monitoring—boosting efficiency and extending panel lifespan. Following successful pilots in the UK, UAE, and Singapore, we are now scaling across Europe, MENA, and Southeast Asia.

In parallel, our consultancy division offers bespoke Route to Net Zero planning, enhanced EPC_Plus assessments, and strategic decarbonisation support for schools, businesses, and local authorities.

We work with industry partners, academic institutions, and public sector bodies to advance sustainable innovation. With several patent-protected technologies in our pipeline, CAESL remains committed to driving impactful, practical solutions at the intersection of clean energy, water, and smart systems.",Climate Technology Product Manufacturing,2-10 employees,Privately Held,"Southampton, Hampshire",United States,caesl.co.uk,https://www.linkedin.com/company/caesl,TRUE,TRUE,http://caesl.co.uk,FALSE,TRUE,❌ No relationships found,,,,,,,,,,,,,,,,,
,,Charge Bliss,"Charge Bliss is focused on renewable energy projects and energy management. Technologies implemented include solar PV, advanced battery storage, energy demand management, electric vehicle charging stations, fuel cells, and microgrid integration. We are a progressive company helping pave the way for renewable energy in commercial, industrial, hospital, and government markets. Charge Bliss is an EPC (Engineering, Procurement, & Construction) provider and a licensed general contractor.",Renewable Energy Semiconductor Manufacturing,11-50 employees,Privately Held,"Los Angeles, California",United States,chargebliss.com,https://www.linkedin.com/company/charge-bliss,TRUE,TRUE,https://chargebliss.com,FALSE,TRUE,❌ No relationships found,,,,,,,,,❌ No Profile Found,✅ Found 4 people,,,,,✅ Sent 0 rows,,
,,ChargeNet Stations,"With over 31,000 fast food restaurants in California alone and only 4% of the EV charging infrastructure we’re going to need by 2040, we’ve structured ourselves to use modular solutions to scale rapidly.  Our world-class diversified team with direct domain experience transforms QSR parking lots from cost centers to profit centers while enabling underserved communities to seamlessly extract maximum value from mobility electrification. We have commercial traction on several fronts with revenue and a solid pipeline for rapid growth.",Renewables & Environment,11-50 employees,Privately Held,"San Diego, California",United States,chargenetstations.com,https://www.linkedin.com/company/chargenet-stations,TRUE,TRUE,https://chargenetstations.com/contact-us/,FALSE,TRUE,❌ No relationships found,,,,,,,,,Found 1 People,,,,,,✅ Sent,,
,,"Chico Electric, Inc.","We deliver high-performance electrical and solar energy projects that generate energy and increase efficiency across operations. We are the leader in electrical design-build contracting services as well as the planning, engineering, and installation of photovoltaic (PV) solar, storage, and combined heat and power (CHP) systems.",Construction,51-200 employees,Privately Held,"Chico, CA",United States,chicoelectric.com,https://www.linkedin.com/company/chico-electric-inc.,TRUE,TRUE,http://chicoelectric.com,FALSE,TRUE,,,,,,,,,,,✅ Found 10 people,,,,,,,
,,Cinnamon Energy Systems,"SOLAR, STORAGE and ELECTRIFICATION MADE EASY!
We’re a full-service solar, energy storage and electrification contractor with a heritage of over 14,000 happy customers since 2001. We’ll get your residential or commercial project done quickly and efficiently. Local building departments know us — we’ve been providing training to building inspectors in Silicon Valley since 2003. Our friendly work crews are employees (not outside contractors) and strive for your 100% satisfaction. 

TOP SOLAR PANEL BRANDS
We offer high quality solar panels to meet your needs. All solar panel systems come with a leading equipment and output guarantee.

HOME SOLAR BATTERY BACKUP SYSTEMS
Installing a Home Battery Backup System saves you money on electrical rates and provides backup power in the event of a blackout or Public Safety Power Shutoff. 

HEAT PUMPS FOR HVAC AND WATER HEATING
Homeowners are making the switch from fossil fuel home appliances to electrical appliances run by solar and battery storage solutions. 
 
COMMERCIAL ENERGY STORAGE SYSTEMS
Look to Cinnamon Energy Systems for an “intelligent” commercial energy storage system that allows commercial building owners and operators to take control of their energy bills. The storage system carries a 10-year peak demand reduction guarantee that compensates for any deficit in promised peak demand reductions, and system costs can typically be recovered in 3-5 years. Available financing alternatives provide immediate cash flow positive benefits.",Renewable Energy Semiconductor Manufacturing,51-200 employees,Privately Held,"Los Gatos, CA",United States,cinnamon.energy,https://www.linkedin.com/company/cinnamon-energy,TRUE,TRUE,https://cinnamon.energy/,FALSE,TRUE,❌ No relationships found,,,,,,,,,❌ No Profile Found,✅ Found 10 people,,,,,✅ Sent 0 rows,,
,,Circle L Solar,"Circle L Solar is a Texas-based, solar and energy efficiency company that services  Dallas/Fort Worth, Houston, San Antonio, and Austin, TX. We are proud to offer quality products and services that are in line with the highest industry standards to meet all of your residential and commercial needs.",Renewable Energy Semiconductor Manufacturing,51-200 employees,Privately Held,"Fort Worth, Texas",United States,circlelsolar.com,https://www.linkedin.com/company/circle-l-solar,TRUE,TRUE,https://circlelsolar.com/commercial.html,FALSE,TRUE,❌ No relationships found,,,,,,,,,,,,,,,,,
,,Citadel Roofing & Solar,"Citadel Roofing & Solar is California’s installer of choice for all your roofing, solar panel, and battery/energy storage needs.  With 30+ years of experience in roofing, solar, and energy storage, our team members have installed roofs, batteries, and solar systems up and down California, earning the respect of homeowners, businesses and homebuilders alike. We are proud of our outstanding reputation and look forward to working with you on your next project.",Construction,201-500 employees,Privately Held,"Vacaville, CA",United States,citadelrs.com,https://www.linkedin.com/company/citadel-roofing-and-solar,TRUE,TRUE,https://citadelrs.com/about-us/community-involvement,FALSE,TRUE,❌ No relationships found,,,,,,,,,Found 3 People,,,,,,✅ Sent 3 rows,,
,,City First Enterprises (CFE),"City First Enterprises is a certified CDFI (Community Development Financial Institution) specializing in flexible lending for affordable housing, commercial real estate, small businesses, non-profits, and clean energy projects. With a mission to create equitable financial solutions to support people and communities in achieving their economic aspirations, we envision a future where all people and communities transform their futures through equitable access to capital.",Financial Services,11-50 employees,Non Profit,"Washington, DC",United States,cfenterprises.org,https://www.linkedin.com/company/city-first-enterprises,TRUE,TRUE,https://cfenterprises.org/overview-lend/small-business-nonprofit,FALSE,TRUE,❌ No relationships found,,,,,,,,,Found 4 People,,,,,,✅ Sent 4 rows,,
,,City Renewables,"City Renewables is fighting Climate Change by deploying solar panels in the District of Columbia, Maryland, and Virginia (DMV).  We advise businesses and homeowners on how solar works, the financial and environmental benefits, and the process to convert to solar power.",Renewable Energy Semiconductor Manufacturing,2-10 employees,Partnership,"Washington, District of Columbia",United States,cityrenewables.com,https://www.linkedin.com/company/city-renewables,TRUE,TRUE,https://cityrenewables.com/,FALSE,TRUE,❌ No relationships found,,,,,,,,,❌ No Profile Found,✅ Found 3 people,,,,,✅ Sent 0 rows,,
,,CKR Solar,"CKR Solar provides energy independence for homeowners and small businesses. Regional in focus, our energy consultants are the best the solar industry has to offer. Our promise is provide an exceptional level of customer service, to install premium solar and energy storage solutions, and to maximize the incentives for our customers.",Solar Electric Power Generation,11-50 employees,Privately Held,"Land O Lakes , Florida",United States,ckrsolar.com,https://www.linkedin.com/company/ckr-solar,TRUE,TRUE,https://ckrsolar.com/commercial-solar,FALSE,TRUE,❌ No relationships found,,,,,,,,,❌ No Profile Found,✅ Found 10 people,,,,,✅ Sent 0 rows,,
,,Clean Energy USA,"Clean Energy USA is a leading provider of solar installation services for Delaware.  Located in Rehoboth Beach, Delaware Clean Energy services the entire state of Delaware for both residential and commercial Installations.  

Clean Energy USA  is the largest solar provider for the State of Delaware and that has earned us a ranking of top 100 residential solar companies in the country.",Renewable Energy Semiconductor Manufacturing,11-50 employees,Privately Held,"Rehoboth Beach, Delaware",United States,ceusa.com,https://www.linkedin.com/company/clean-energy-usa,TRUE,TRUE,https://ceusa.com,FALSE,TRUE,❌ No relationships found,,,,,,,,,Found 2 People,,,,,,✅ Sent 2 rows,,
,,Clean Slate Solar,"Providing sustainable, reliable, and efficient solar energy solutions. We design, develop, and finance community solar projects on commercial & industrial properties.",Solar Electric Power Generation,2-10 employees,Privately Held,"New York, NY",United States,cleanslatesolar.com,https://www.linkedin.com/company/cleanslatesolar,TRUE,TRUE,https://cleanslatesolar.com/,FALSE,TRUE,❌ No relationships found,,,,,,,,,Found 2 People,,,,,,✅ Sent 2 rows,,
,,CleanChoice Energy,"CleanChoice Energy is a cleantech company that empowers people and businesses to easily access climate solutions. We use data-empowered technology to offer consumers easy, impactful climate solutions so they can cut emissions, support renewable energy and live cleaner lives. 

Founded in 2012, CleanChoice has become one of the fastest-growing businesses in America, as ranked on the Inc 5000 and Deloitte's Technology Fast 500. 

For more information or to become a clean energy customer, visit CleanChoiceEnergy.com.",Utilities,51-200 employees,Privately Held,"Washington, District of Columbia",United States,cleanchoiceenergy.com,https://www.linkedin.com/company/cleanchoice-energy,TRUE,TRUE,https://cleanchoiceenergy.com/generation,FALSE,TRUE,❌ No relationships found,,,,,,,,,Found 7 People,,,,,,✅ Sent 7 rows,,
,,Climate Access Fund,"As a nonprofit Green Bank, our mission is to reduce energy costs for low-income households in Maryland by facilitating access to the benefits of community solar power.   We aim to make the solar marketplace more inclusive by: 

1| Offering attractive financial products to solar developers who  offer discounted community solar rates to low- to moderate- income households;

2| Developing urban, infill community solar projects located in lower-wealth communities in Baltimore, and

3| Advocating for clean energy policies that benefit lower-income and disadvantaged communities.

We believe that all households should have access to the benefits of solar power.  Our vision is that all Marylanders, regardless of level of wealth or income, will have equitable access to the social, economic, and environmental benefits of clean energy through discounted solar electricity, shared ownership of solar projects, and job participation.",Solar Electric Power Generation,2-10 employees,Non Profit,"Baltimore, MD",United States,climateaccessfund.org,https://www.linkedin.com/company/climate-access-fund,TRUE,TRUE,https://www.climateaccessfund.org/ercp-100k-prize,FALSE,TRUE,❌ No relationships found,,,,,,,,,Found 1 People,,,,,,✅ Sent,,
,,Climate Resilient Communities,"Climate Resilient Communities (CRC) is a community-based organization dedicated to serving the underrepresented through empowering community voices to implement climate solutions that bring about unity and resilience.

In the Bay Area, as throughout the world, under-resourced communities are disproportionately vulnerable to climate change impacts. Since 2016, CRC has been on the ground learning the specific needs of residents in diverse, under-resourced communities in East Palo Alto, Belle Haven (Menlo Park), and most recently North Fair Oaks. CRC's work is comprised of 3 core areas: Community-Based Adaptation Planning, building Resilient Homes and carrying out Climate Action Education. 

CRC community-based adaptation planning focuses on creating feasible programs that address community priorities to respond to climate change events (wildfire smoke, extreme heat, etc.) and sea-level rise. CRC is currently working with and managing the North Fair Oaks Climate Ready Team and the East Palo Alto Climate Change Community Team. With community-based adaptation the CRC takes a city-wide focus on adaptation and resilience planning. 

CRC’s Resilient Homes focuses on the individual rather than citywide action. Since 2016, CRC has been working with many organizations to enroll eligible low-income homeowners in EPA and Belle Haven in free solar, home repair, and weatherization programs funded by the State of California.

In 2019, CRC, as an Acterra program, partnered with Oxford Day Academy, Green Ninja project, San Mateo County’s YESS program, Grassroots Ecology, and Stanford to pilot the Earthwise Kids program. The goal of the Climate Action Education program is to build on existing programs to provide more opportunities for youth engagement and training for youth and their families.",Community Services,2-10 employees,Non Profit,"Palo Alto, California",United States,crcommunities.org,https://www.linkedin.com/company/crc-climate,TRUE,TRUE,https://www.crcommunities.org,FALSE,TRUE,,,,,,,,,,,,,,,,,,
,,"Collis Roofing, Inc.","Locally Owned, Family Operated. Collis Roofing has been serving Florida for 30 years as the Largest Residential and 2nd Largest Commercial Roofer in the state. Consistently rates as the Top 1% by GAF for Commercial Roofing, Owens Corning Platinum Preferred Product Excellence Winner in 2024 for Residential and Years of ABC Eagle Awards in Multi-Scope Roofing Projects.

2012, Collis Roofing was named Residential Roofing Contractor of the Year. 

Collis Roofing has been the chosen Roofing Contractor on over 120,000 Roofs since 1994.  Collis Roofing is not just the rooftop expert in roofing; Collis Roofing is the locally trusted contractor for  Fascia, Gutters, Insulation, Skylights and Sun Tunnels, Siding, Soffit, Solar for Commercial Properties, Custom Windows and Doors, and has even provided painting, decking and more. 

With accolades from local Media including TV, Newspapers and Radio, Fast 50, Golden 100, Top Specialty Contractors, Community Roofers from Habitat for Humanity, Collis Roofing serves 17 counties in Florida with more than just roofing services, but with strong Ethics, commitment to Safety and a proven dedication to Community Service through roofing donations to Habitat for Humanity, Homes for Heroes, Operation Finally Home, Give Kids the World, American Legion, as well as community members who are struggling with tragedy, illness and poverty.

Collis Roofing has the highest manufacturer ratings from the top manufacturers in flat, metal, shingle and tile products with a warranty that you can count on should you ever need it!  Collis Roofing is a member and holds officer positions of trade organizations that promote ethical practices, safety and consumer protection such as CFRSA, FRSA and NRCA.

Contact Collis Roofing for a free consultation for business owners and homeowners at 877-COLLIS-1 or Visit CollisRoofing.com.",Construction,201-500 employees,Privately Held,"Longwood, FL",United States,collisroofing.com,https://www.linkedin.com/company/collis-roofing-inc-,TRUE,TRUE,https://www.collisroofing.com/collis-cares,FALSE,TRUE,❌ No relationships found,,,,,,,,,,,,,,,,,
,,Compass Solar Energy,"Compass Solar Energy is actively involved in helping federal, local, and state governments meet their clean energy initiatives.  The company has an impressive list of military installations to its credit including Fort Bliss in El Paso, Texas, as well as several installations at NAS Pensacola and Eglin AFB.  They also serve the residential and commercial market as the affordability and long term value of solar energy continues to become feasible for any household.  The company has garnered numerous awards, in addition to being selected as a Grow Florida 2011 Company to Watch.  Their professionalism and workmanship are the main reasons Compass Solar Energy is the leading solar contractor in Northwest Florida, with plans to expand in the future.",Renewable Energy Semiconductor Manufacturing,11-50 employees,Privately Held,"Pensacola, Florida",United States,compasssolar.com,https://www.linkedin.com/company/compass-solar-energy-inc-,TRUE,TRUE,https://compasssolar.com/commercial,FALSE,TRUE,❌ No relationships found,,,,,,,,,❌ No Profile Found,✅ Found 10 people,,,,,✅ Sent 0 rows,,
,,Conundrum Technologies,"**Creating World-Class Technology Eco-Systems**
Low Voltage & Renewable Energy Systems in Denver and Vail, Colorado

Our Offerings Include:
Copper & Fiber Networks, Audio & Video Systems, 4K Video Distribution, Digital Home Theaters & Media Rooms, Intelligent Heating & Cooling Systems, Sustainable Lighting Design & Control Systems, Electronic Window Shading Systems, LED Lighting Technologies, Phone Systems, Fire Alarm & Security Systems, Pool & Spa Controls, Home Automation Systems, Solar Photovoltaic Panels and Solar Thermal Systems

Our client's lives are simplified and their experience enhanced by the comprehensive and innovative technology solutions that we provide.  Our clients expect exceptional service & unsurpassed value, which we deliver through technical expertise, application engineering and optimized integration.",Construction,11-50 employees,Privately Held,"Denver, CO",United States,conundrumtechnologies.com,https://www.linkedin.com/company/conundrum-technologies,TRUE,TRUE,http://www.conundrumtechnologies.com/gallery-1,FALSE,TRUE,❌ No relationships found,,,,,,,,,,,,,,,,,
,,Convert Solar,"Convert Solar is locally based company right here in Virginia Beach – We are a NABCEP certified, Class A solar installation contractor. We offer better service than our national chain competitors because we are part of our local community, and we would rather treat you like a neighbor than a number.",Construction,11-50 employees,Privately Held,"Virginia Beach, Virginia",United States,convert-solar.com,https://www.linkedin.com/company/convert-solar,TRUE,TRUE,https://convert-solar.com/,FALSE,TRUE,❌ No relationships found,,,,,,,,,❌ No Profile Found,✅ Found 10 people,,,,,✅ Sent 0 rows,,
,,Cool Earth Solar,"A team of seasoned renewable energy professionals and engineers dedicated to enabling more of the world to be powered by solar energy.

Cool Earth Solar has three divisions:
-Commercial and Industrial division: We design, build and maintain solar photovoltaic systems for commercial and industrial customers
-Utility scale solar: We develop utility scale solar photovoltaic power plants
-Next generation solar technology: We are bringing the next generation solar technology to market. Cool Earth Solar's concentrated photovoltaic technology is currently being tested at the Livermore Valley Open Campus through a collaboration with Sandia National Laboratories.",Renewables & Environment,11-50 employees,Privately Held,"Stockton, California",United States,coolearthsolar.com,https://www.linkedin.com/company/cool-earth-solar,TRUE,TRUE,https://coolearthsolar.com,FALSE,TRUE,❌ No relationships found,,,,,,,,,Found 1 People,,,,,,✅ Sent,,
,,Cooper Roofing & Solar,"Cooper Roofing & Solar, LLC is a family-owned and operated business that specializes in Concrete Roof Tile Installation, Single-ply, Composition Shingles, Metal Roofing and Rooftop Solar Technology.

In addition to new construction we provide repair service, re-roof installations, custom home installation and we are currently implementing Solar technology into our roofing systems. Installing a Solar energy system can minimize your electric bill, qualify you for tax credit or rebate benefits, and provide immediate and long-term returns on your investment! We are licensed for roofing, electrical and plumbing so we can provide all the necessary work for your roof-top solar under one roof. 

Whether you are a builder, contractor, remodeling professional or homeowner looking to put a good roof over your head ... Cooper Roofing & Solar is definitely the right place to look!

We have offices in Las Vegas, NV and Fort Worth, TX and proudly serve customers throughout the Silver State and the Lone Star State.",Construction,51-200 employees,Privately Held,"Las Vegas, NV",United States,coopersolar.com,https://www.linkedin.com/company/cooper-roofing-&-solar,TRUE,TRUE,https://coopersolar.com,FALSE,TRUE,❌ No relationships found,,,,,,,,,,,,,,,,,
,,Cooperative Energy Futures,"Cooperative Energy Futures (CEF) is a member-owned cooperative business focused on advancing energy democracy through community-controlled renewable energy and energy efficiency. CEF develops and operates community solar gardens, currently with 8 projects across Minnesota offsetting the electricity needs of 700 member households at an immediate net savings to our members. CEF has a particular focus on economic and racial justice, working to ensure that all projects are developed using an economic model that is deeply accessible to members regardless of income or credit and including options available at no upfront cost and net monthly savings, as well as prioritizing workforce equity in the solar industry. CEF uses member participation in these projects to build community wealth and activate members from many different communities around a vision for our energy future that is rooted in community-controlled clean energy.",Solar Electric Power Generation,11-50 employees,Partnership,"Minneapolis, Minnesota",United States,cooperativeenergyfutures.com,https://www.linkedin.com/company/cooperative-energy-futures,TRUE,TRUE,https://www.cooperativeenergyfutures.com,FALSE,TRUE,❌ No relationships found,,,,,,,,,Found 5 People,,,,,,✅ Sent 5 rows,,
,,Cosmic,"Cosmic is the first end-to-end platform for building and managing fully electric, autonomous-powered homes. We've created a unique construction method that enables us to build carbon-neutral, healthy, and incredibly efficient homes at high speed and lower cost.",Construction,2-10 employees,Privately Held,"San Francisco, California",United States,cosmicbuildings.com,https://www.linkedin.com/company/cosmicbuildings,TRUE,TRUE,https://www.cosmicbuildings.com/la-support,FALSE,TRUE,❌ No relationships found,,,,,,,,,❌ No Profile Found,✅ Found 7 people,,,,,✅ Sent 0 rows,,
,,Cosmic Solar,"Cosmic Solar, Inc. provides Solar Energy Solutions to Homes and Businesses across Southern California. We have assembled one of the most experienced, dedicated, and knowledgeable teams of professionals to provide our customers with the highest quality of materials and services available. Our team has over 40 years of combined experience in the photovoltaics and solar industry. We hold a C-10 Electrical License and a C-46 Solar license from the State of California's Licensing Board. Our CSLB License # 831831.
We Offer: 
Solar Electric (PV) 
Solar Hot Water (DHW)
Solar Pool Heating",Renewables & Environment,2-10 employees,Privately Held,"Vista, California",United States,cosmicsolar.com,https://www.linkedin.com/company/cosmic-solar,TRUE,TRUE,https://www.cosmicsolar.com,FALSE,TRUE,,,,,,,,,,,✅ Found 10 people,,,,,,,
,,Couillard Solar Foundation,"We have one mission: to help Wisconsin nonprofits get solar for their organizations. 

Nonprofit organizations all over Wisconsin are looking for ways to take part in the renewable energy revolution happening right now.  The Couillard Solar Foundation (CSF) was created to help them do just that.

The concept is simple. Give nonprofits a boost in the form of a grant to help make solar affordable. Since 2017, CSF has helped over 100 nonprofit organizations, from churches, schools and libraries to service organizations and programs that help Wisconsin citizens with basic needs like food and shelter. 

We do this primarily through two programs. Solar for Good and Solar on Schools promote solar by supplying solar panels directly to projects, reducing their installation costs. CSF is also expanding the impact of our work by developing an outreach program using the principles established by the Array It Forward movement in Wisconsin.",Non-profit Organizations,Self-employed,Non Profit,"Deerfield, WI",United States,couillardsolarfoundation.org,https://www.linkedin.com/company/couillard-solar-foundation,TRUE,TRUE,https://couillardsolarfoundation.org/,FALSE,TRUE,❌ No relationships found,,,,,,,,,,,,,,,,,
,,"Countywide Mechanical Systems, LLC.","Serving multiple markets in San Diego and its surrounding areas, Countywide Mechanical Systems offers construction and preconstruction solutions along with facilities service maintenance for its valued partners. Our team at Countywide Mechanical Systems specializes in the installation, service, and ongoing maintenance of commercial HVACR, plumbing, electrical, controls, and solar. We take pride in being recognized as a leader for our impeccable service and high quality work.

As part of Modigent, Countywide Mechanical Systems is proud to offer a wide array of career opportunities. You can own your success too by contacting our talent development team to learn more about opportunities at our company.",Facilities Services,51-200 employees,Privately Held,"El Cajon, California",United States,countywidems.com,https://www.linkedin.com/company/countywide-mechanical-systems,TRUE,TRUE,http://countywidems.com,FALSE,TRUE,,,,,,,,,,,,,,,,,,
,,Craighead Electric Cooperative Corporation,"Craighead Electric Cooperative is a member-owned not-for-profit rural electric utility cooperative headquartered in Jonesboro, Arkansas, with district offices in Paragould, and Walnut Ridge, Arkansas.",Utilities,51-200 employees,Non Profit,"Jonesboro, Arkansas",United States,craigheadelectric.coop,https://www.linkedin.com/company/craighead-electric-cooperative,TRUE,TRUE,https://craigheadelectric.coop/,FALSE,TRUE,❌ No relationships found,,,,,,,,,❌ No Profile Found,✅ Found 10 people,,,,,✅ Sent 0 rows,,
,,Cromwell Solar,"With a history of designing and installing solar since 1982, Cromwell Solar is one of the oldest solar firms in the world. We combine an engineer's perfection with an artisan's eye for aesthetics and are committed to giving people an affordable and sustainable choice about their electricity source. We offer professional, turn-key solar design and installation services throughout Kansas and Missouri and work on large scale projects throughout the USA and beyond. Cromwell Solar has designed and installed over 3000 separate solar installations done on everything from tiny homes to mansions from small business to major factories as well as schools, churches, farms, and even the US Army.

We specialize in providing and installing cutting edge electrical equipment designed to help our clients save energy and increase the functionality of their electrical service with such offerings as Solar Energy, Energy Audits and retrofits, Full backup Generators and battery systems, smart electrical panels, peak demand management, Electric Car chargers, etc.   

For large scale commercial projects we can provide complete turn-key service, or any specific needed portion of a project including design, procurement, installation, and/or maintenance.",Renewable Energy Semiconductor Manufacturing,11-50 employees,Privately Held,"Lawrence, Kansas",United States,cromwellsolar.com,https://www.linkedin.com/company/cromwellsolar,TRUE,TRUE,https://cromwellsolar.com,FALSE,TRUE,❌ No relationships found,,,,,,,,,,,,,,,,,
,,Cutler Bay Solar Solutions,"Cutler Bay Solar Solutions is a local, family owned business looking to make a global impact one house at a time. We began with one rooftop and the core belief that big changes start small. We are proud of our local involvement in rooftop solar empowerment and education. We work to be the change for a cleaner, greener future by harnessing the power of the sun already shining on community rooftops. We truly believe in solar and the positive impacts it can have for every home. Letting the sun power your lifestyle is possible and it won’t break the bank! Cutler Bay Solar handles every installation from start to finish and is ready to show everyone the potential behind every sunny South Florida rooftop.",Renewables & Environment,51-200 employees,Privately Held,"Cutler Bay, Florida",United States,cbsolar.miami,https://www.linkedin.com/company/cbsolar,TRUE,TRUE,https://cbsolar.miami/community,FALSE,TRUE,❌ No relationships found,,,,,,,,,,,,,,,,,
,,Dalkia Energy Solutions,"Dalkia Energy Solutions, an EDF Group company, empowers businesses and organizations to achieve their sustainability and energy efficiency goals. We provide comprehensive building energy solutions, including:

- Energy Management Programs: Tailored to reduce Greenhouse Gas emissions and meet reduction goals.

- Efficiency Upgrades: Design, installation, financing, and maintenance of projects across HVAC, lighting, chiller recommissioning and more.

- On-Site Generation: Combined heat and power (CHP), solar, and storage solutions.

- Utility Incentives: Maximizing savings and reducing capital investment costs.

We help our clients save money, reduce their environmental impact, and create a more sustainable future.",Environmental Services,51-200 employees,Privately Held,"Beverly, MA",United States,dalkiasolutions.com,https://www.linkedin.com/company/dalkia-energy-solutions,TRUE,TRUE,https://dalkiasolutions.com/en/dalkia-gives-back,FALSE,TRUE,❌ No relationships found,,,,,,,,,,✅ Found 10 people,,,,,,,
,,DC Solar Electric Inc.,"We are your solar solution partner and an experienced solar installation company providing solar design to exactly fit your needs, with detailed structural engineering and quality craftsmanship on every install. As a  family company with over 35 years experience serving Northern California, we offer a lifetime warranty on all of our projects! We stand behind all of our materials for their warranty lifetime, and we stand behind our workmanship for life – 100% Guaranteed.

It starts with taking the time to understand each client’s unique needs and designing a solar electric system that fits. Through our experience, we have become the Sierra Foothills leader in solar integration, providing residential and commercial solar solutions that have saved millions of dollars for our clients.

Our Solar Electric Field Team consists of system installers, sales professionals and project managers. Our support staff includes CAD designers and administrative personnel to help the process flow smoothly from conceptual design through final inspection and Permission to Operate. Our EPC, design/build structure provides our customers with the best response and design flexibility. Every person on our team works hand-in-hand with you to make certain your solar electric project exceeds your expectations.

DC Solar Electric has both a General (B) and Electrical (C10) contractor’s license.  DC Solar has 35 years of experience as a Licensed General Contractor, 15 years of experience as a Licensed Electrical Contractor, and the better part of a decade of experience as a Licensed Solar Contractor.  We employ the most experienced and qualified of each trade of construction.  We have roofers that specialize in roof penetrations and electricians on staff that handle all of the electrical components a project. We treat our customers like family, and pride ourselves on seldom needing a subcontractor to complete a project.",Solar Electric Power Generation,11-50 employees,Privately Held,"Penn Valley, CA",United States,dcsolarelectric.com,https://www.linkedin.com/company/dc-solar-electric-inc,TRUE,TRUE,https://dcsolarelectric.com/solar-electric-services/non-profit,FALSE,TRUE,❌ No relationships found,,,,,,,,,❌ No Profile Found,✅ Found 10 people,,,,,✅ Sent 0 rows,,
,,Delaware River Solar,"DRS is a New York State solar company that develops, builds, and operates Community Solar projects which contribute to the State's Energy and Climate goals.  We are currently developing and constructing projects throughout the NYSEG and RGE electric service territories in Western and Upstate New York. Our projects are bringing clean renewable energy to local communities while saving residents and businesses money on their electric utility bills.",Renewable Energy Semiconductor Manufacturing,11-50 employees,Privately Held,"New York, NY",United States,delawareriversolar.com,https://www.linkedin.com/company/delaware-river-solar,TRUE,TRUE,https://www.delawareriversolar.com/about-1,FALSE,TRUE,❌ No relationships found,,,,,,,,,Found 6 People,,,,,,✅ Sent 6 rows,,
,,DN5 Group,"DN5 Group is ISO registered internationally recognized engineering firm having five major operational sectors:-

Marine : Offshore SAT-AIR Diving & NDT, FPSO Support, Survey & Engg Services.
Defence : Ship & Submarine -Building Repair & Maintenance.  
Renergie : Offshore Wind Energy, Solar Ground Mounted & Rooftop.
Engineering Services : Civil & Mechanical Concept Designing, Analysis Simulations, Prototyping & Manufacturing 

Other Core Engineering Services :- 
 
Process Terminology :-
FEA Modeling : 2D Mesh, Tetra Mesh, Hexa Mesh.
Structural : Static, Dynamic, Transient, Spectrum, Buckling, Couple Field, Plasticity, Thermal, Liner & Non Liner Fatigue. 
CFD : Compressible - incompressible, Hydro -dynamics, Fluid Structure, Interaction, Combustion, Modeling, Aerodynamics.
NVH : Sound Transmission, Sound Radiation, Sound Quality Study, Vibration, Structure borne noise, air borne noise, Squeak & Rattle, Boom & Shake.
Reverse Engineering :- CMM, Micro Profile Tester, Roundness, Roughness Tester, Profile Projector, CAD Modeling & Surfacing.
Engineering Design : QFD, DFMEA, PFMEA, Transfer Functions, DOE, DFMA, DFSS, Design Automation.
Prototyping : Rapid Prototyping, Hand Molding, Soft Tools, CNC Machining, Jigs & Fixtures

AIR & SAT DIVING SERVICES
Project planning survey designing and execution.
Underwater Welding and reapirs.
Installation of Riser Clamp, Cofferdam and riser.
Installation of Subsea spool, J-tubes / I-tubes and tie-ins.
Installation of Anodes and flexible risers and umbilicals.
Installation of Clamp on structures and conductors.
Installation of Subsea manifolds and Subsea Survey.
Installation of Mooring Terminals, SBMs & PLEMs.
Emergency Subsea Pipeline Repair Systems.
Stabilization and protection for all kind of Subsea structures.
Free span and crossover corrections for rigid & flexible pipelines.
Inspection services includes ROV, CP, UT, MPI & Eddy Current.
Port & Marine Consultancy for Deep Water Terminal.",Oil and Gas,201-500 employees,Partnership,"Columbus, Ohio",United States,dn5marine.com,https://www.linkedin.com/company/dn5-marine-private-limited,TRUE,TRUE,http://dn5marine.com/CSR.aspx,FALSE,TRUE,❌ No relationships found,,,,,,,,,Found 1 People,,,,,,✅ Sent,,
,,Donnelly Energy,"Donnelly Energy is a premier energy efficiency firm dedicated to helping New Jersey businesses and local government entities “go green” and save green. With exceptional Direct Install turn-key services and utility resources, Donnelly’s mission is to offer the best and most cost-efficient upgrades that help commercial facilities in the Garden State reduce their carbon footprint and overall energy costs.

We’re here to help you and the environment – and make it as easy and affordable to do so as possible!

A part of the Donnelly Industries family.",Services for Renewable Energy,2-10 employees,Privately Held,"Wayne, NJ",United States,donnellyenergy.com,https://www.linkedin.com/company/donnelly-energy,TRUE,TRUE,https://donnellyenergy.com,FALSE,TRUE,❌ No relationships found,,,,,,,,,Found 1 People,,,,,,✅ Sent,,
,,DrBuild,"DrBuild: Your Trusted Partner in Solar Energy Solutions
Revolutionizing the way you go solar

DrBuild isn't just another solar company. We're passionate about empowering you to take control of your energy future with innovative and accessible solar solutions. 


Peace of Mind, Power in Your Hands

Experience the freedom of energy independence with DrBuild. Our solar solutions provide reliable, clean energy, shielding you from rising utility costs and grid fluctuations.

Why Choose DrBuild?

Unmatched Reliability
Lower Energy Costs
Environmental Impact
Increased Home Value
Ready to Embrace the Future of Energy?

Contact DrBuild today for a free consultation.  Here's what sets us apart:

- Unmatched Efficiency & Savings: Experience rapid payback periods and significant cost savings with our premium solar panels and inverters.
- Zero Upfront Costs: Make the switch to solar with flexible financing options that require no down payment.
- Exceptional Customer Service: Enjoy a seamless process with our expert team handling design, permitting, and installation.
- Trust & Transparency: Benefit from honest pricing, clear communication, and a commitment to building lasting relationships.
- Sustainable Future: Contribute to a cleaner environment by reducing your carbon footprint with clean, renewable energy.",Solar Electric Power Generation,11-50 employees,Privately Held,"Dallas, Texas",United States,drbuild.us,https://www.linkedin.com/company/drbuild,TRUE,TRUE,https://drbuild.us/services,FALSE,TRUE,❌ No relationships found,,,,,,,,,❌ No Profile Found,❌ No people found,✅ 1 decision maker found,,,,✅ Sent 0 rows,,
,,DVM Industries,"DVM Industries is a Turnkey Facility and Energy Solutions Company that specializes in providing energy solutions for the Residential, Commercial, Hospitality and Healthcare markets. Our portfolio of services is customized to meet the client’s needs in energy efficiency, as well as maintenance and post-upgrade care services.

Our qualified team of professionals and engineers manage the process, from concept to conception, of designing and self-performing energy solution upgrades. Some of our services include LED Lighting, Electronically Commutated (EC) Motors, Water Conservation Systems, Mechanical System Upgrades, and Variable Frequency Drives. DVM has a mechanical and electrical team in-house, which allows for projects to be done smoothly while eliminating unnecessary markups from sub-contractors.

Our team works with the local utilities to secure grants and rebates to offset the capital investment of the Energy Efficiency Projects.",Facilities Services,11-50 employees,Partnership,"Long Island City, New York",United States,dvmindustries.us,https://www.linkedin.com/company/dvm-industries,TRUE,TRUE,http://dvmindustries.us/case-studies/CS-Jamaica.html,FALSE,TRUE,❌ No relationships found,,,,,,,,,❌ No Profile Found,✅ Found 10 people,,,,,✅ Sent 0 rows,,
,,E Squared Energy Advisors,"The E2 Energy Advisors team brings together world-class advisors and energy utility and software experts offering the latest advances in energy management strategies to drive energy efficiency and enterprise cash flow to their optimal levels. Serving the energy requirements of the commercial, industrial, and municipal sectors.

This past year e Squared Energy Advisors identified more than $125,000,000 in energy cost and operational improvements, more than 625,000,000 kWh’s saved, and more than 441,000 metric tons of C02 emission carbon footprint improvement for our clients nationwide, including more them $23,000,000 in energy savings and 44,100 metric tons C02 footprint improvement for the world's most iconic plaza located in NYC.

We represent some of the most advanced energy technologies developed via leading energy research institutions such as The Lawrence Berkeley National Research Laboratories, M.I.T., NASA, and the U.S. Department of Energy Research Laboratory. 

Our technologies  have achieved outstanding results within:

+ Commercial Real Estate
+ Office Buildings
+ Manufacturing
+ Sports Venues
+ Industrial
+ Hospital
+ Hotel & Hospitality
+ Municipal
+ School
+ Universities
+ and More.

We can help your organization to reduce your energy bills to their lowest possible levels, improve your energy efficiency Energy Star, GRESB, LEED, or WELL Building ratings and reduce your carbon footprint to meet and exceed your overall sustainability program goals. Most services can be funded with minimal up-front capital investment with very attractive payback times and ROI's. Contact us today at info@esquaredebnergyadvisors.com or call 469-888-4111. Thank you.",Renewables & Environment,11-50 employees,Privately Held,frisco,United States,esquaredenergyadvisors.com,https://www.linkedin.com/company/e2-energy-advisors,TRUE,TRUE,https://esquaredenergyadvisors.com/about-us,FALSE,TRUE,❌ No relationships found,,,,,,,,,Found 1 People,,,,,,✅ Sent,,
,,Earth Right Mid-Atlantic,"We are Earth Right Mid-Atlantic, a solar and energy efficiency company dedicated to helping homeowners find energy independence on the East Coast. We are passionate about educating learners of all ages on the future of electricity and the benefits of solar power, and are committed to providing homeowners with an honest, transparent experience in their transition to solar energy.",Solar Electric Power Generation,51-200 employees,Privately Held,"Lynchburg, Virginia",United States,erepower.com,https://www.linkedin.com/company/earthrightmidatlantic,TRUE,TRUE,https://erepower.com,FALSE,TRUE,,,,,,,,,,❌ No Profile Found,✅ Found 10 people,,,,,✅ Sent 0 rows,,
,,"Earth Wind & Solar Energy, LLC","Earth Wind & Solar Energy, LLC is Chicagoland's leading renewable energy installer, specializing in solar electric, solar thermal, urban wind turbines and residential energy audits. We work with residential, commercial, non-profit customers and K-12 schools to help them reduce their energy costs and produce clean, renewable energy. We are proud to be a minority, female-owned business. Take a look at our photos that showcase a few of our installations.

To get a free site assesment of your home or business please call us (312)-243-9933. Put the sun to work for you!",Renewable Energy Semiconductor Manufacturing,2-10 employees,Privately Held,"Chicago, IL",United States,earthwindandsolarenergy.com,https://www.linkedin.com/company/earth-wind-&-solar-energy-llc,TRUE,TRUE,http://earthwindandsolarenergy.com,FALSE,TRUE,❌ No relationships found,,,,,,,,,❌ No Profile Found,✅ Found 4 people,,,,,✅ Sent 0 rows,,
,,Earthlight Technologies,Earthlight is a Solar and Energy Efficiency contractor dedicated to meeting people’s ecofriendly needs by providing them with quality energy conservation solutions. We offer commercial and residential solar photovoltaic (PV) systems as well as access to a broad portfolio of the latest technologies in lighting and other energy efficient products. We provide custom solar projects and energy conservation services to homeowners and businesses across the country.,Renewables & Environment,51-200 employees,Self Owned,"Ellington, Connecticut",United States,earthlighttech.com,https://www.linkedin.com/company/earthlight-technologies,TRUE,TRUE,https://earthlighttech.com/commercial-portfolio,FALSE,TRUE,❌ No relationships found,,,,,,,,,Found 4 People,,,,,,✅ Sent 4 rows,,
,,Earthship Biotecture,"Super Sustainable Buildings via Thermal Dynamics & Passive Solar.

https://earthshipbiotecture.com/

An Earthship is a type of passive solar house that is made of both natural and upcycled materials (such as earth-packed tires). Earthships can be completely off-grid or partially off-grid. Earthships can be built in any part of the world, in any climate (with a permit) and still provide electricity, potable water, contained sewage treatment and sustainable food production.

Earthships are thermal mass homes first,
passive solar homes second.
Whatever temperature goes into an Earthship, it will hold… and since it is also a Passive Solar House, it is also very tight and interacts only with the sun and the earth for heating and cooling, providing stable comfort year round in any climate.",Construction,11-50 employees,Privately Held,"Ojo Caliente, New Mexico",United States,earthshipbiotecture.com,https://www.linkedin.com/company/earthship,TRUE,TRUE,https://earthshipbiotecture.com/internships,FALSE,TRUE,❌ No relationships found,,,,,,,,,❌ No Profile Found,❌ No people found,✅ 1 decision maker found,,,,✅ Sent 0 rows,,
,,EarthSpark International,"EarthSpark International is a non-profit incubator for strategies to deliver high-quality energy services to under-served communities.

EarthSpark pioneered solar microgrid and smart metering and controls for energy access communities. EarthSpark is now again disrupting widespread beliefs about microgrids by committing to 100% solar+storage grids with high service levels and high reliability. EarthSpark’s dynamic combination of “high-tech” solutions like smart-metering, demand-side management, electric cooking, and distributed energy resources and “no-tech” solutions like participatory governance, targeted energy literacy, and feminist electrification is a key differentiator that supports long-term sustainability and community collaboration. Further, EarthSpark being a non-profit that launches businesses is unique in the sector. The structure enables deep research and iteration to drive vetted solutions to scale.

To date EarthSpark has spun-off SparkMeter Inc., a venture-backed smart meter technology company, and Enèji Pwòp S.A., a Haitian clean energy retailer and microgrid operator. SparkMeter now serves electric utilities across 30 countries, and Enèji Pwòp is an established microgrid operator in Haiti. EarthSpark has also built Haiti’s first town-sized, solar-powered smart grid, launched a second in 2019, and secured $9.9M in support from Green Climate Fund for the launch of the next 22 grids.

Now also supporting work in Puerto Rico and South Sudan, EarthSpark is a true partner for communities seeking better energy.",Solar Electric Power Generation,11-50 employees,Non Profit,"Washington, DC",United States,earthsparkinternational.org,https://www.linkedin.com/company/earthspark-international,TRUE,TRUE,https://earthsparkinternational.org,FALSE,TRUE,❌ No relationships found,,,,,,,,,❌ No Profile Found,✅ Found 4 people,,,,,✅ Sent 0 rows,,
,,"East Coast Renewable Energy, LLC","After years of working for big companies, Nicholas Valorie opened East Coast Renewable Energy, LLC. (ECR). ECR was created to offer what the big companies can offer but with better pricing. How can we offer better pricing? Simply put, we don’t have the overhead. Most importantly we are able to work hand in hand with the customer, so people are not a number but rather a member of our business.  Nicholas Valorie is always accessible to speak and review options. 

East Coast Renewable Energy offers the following products:

Battery Storage
Car Charging
Community solar
Negotiated Supply Rates
Solar Installation

Our Mission is to educate our customers as to what is available.  Talk to us first, so we can educate you on what is available but make sure you circle back as our pricing should beat everyone else’s. 

East Coast Renewable Energy, LLC has saving opportunities for public entities, municipalities, business owners, home owners and renters. Anyone who pays an electric bill** can save money with ECR. ECR savings is based upon electricity costs, however we do have channel partners that can offer other saving to customers. Ask how we can help in other areas. 

Everything ECR proposes to customers is 100% at no cost or obligation to review.  Most products are at no cost to opt into; however, some products do have out of pocket expenses.",Solar Electric Power Generation,11-50 employees,Privately Held,"Massachusetts, MA",United States,ecrenewable.com,https://www.linkedin.com/company/east-coast-renewable-energy-llc,TRUE,TRUE,https://ecrenewable.com/our-services/,FALSE,TRUE,❌ No relationships found,,,,,,,,,Found 1 People,,,,,,✅ Sent,,
,,"ECO Group, Inc","The demand for renewable resources is increasing as the human population continues to grow. Energy from renewable resources puts less strain on the limited supply of fossil fuels, which are considered nonrenewable resources. Using renewable resources on a large scale is costly. ECO Group is committed to providing cost effective, sustainable and eco-friendly solutions for both residential and commercial users in their everyday life.

Currently we are a Certified Dealer for the Worlds First All-Natural, USDA approved Roof Treatment that will add up to 15 years to the life to your aging Shingles at a fraction of the cost of a roof replacement.

Also, Solar Consultants for Carlson Electric-Wisconsin's #1 Solar Installer since 1977 focusing on Residential and Commercial properties throughout the Midwest.",Renewable Energy Semiconductor Manufacturing,2-10 employees,Self Employed,"Chippewa Falls, WI",United States,ecogroup-inc.com,https://www.linkedin.com/company/eco-group-inc,TRUE,TRUE,http://ecogroup-inc.com,FALSE,TRUE,❌ No relationships found,,,,,,,,,❌ No Profile Found,✅ Found 2 people,,,,,✅ Sent 0 rows,,
,,ECO Roof and Solar,"ECO Roof and Solar offers top-tier roofing and solar solutions for residential and commercial clients in Colorado and Florida. We specialize in energy-efficient services, including roof replacements, repairs, solar panel installations, and sustainable roofing options.

Our expertise covers traditional roofing systems, Euroshield roofs made from recycled tires, and solar roofing, such as GAF solar shingles, blending efficiency with aesthetics. Our integrated systems help clients save on energy bills while supporting a greener planet.

We are committed to customer satisfaction and eco-friendly solutions. Our skilled teams deliver tailored, transparent services on time and within budget. Contact us today for a complimentary consultation and explore how we can help you create a more energy-efficient future.",Construction,11-50 employees,Privately Held,"Denver, Colorado",United States,ecoroofandsolar.com,https://www.linkedin.com/company/eco-roof-and-solar-2,TRUE,TRUE,https://ecoroofandsolar.com/wp-content/uploads/2024/11/eco-roof-and-solar-commercial-catalog.pdf,FALSE,TRUE,❌ No relationships found,,,,,,,,,,✅ Found 10 people,,,,,,,
,,EcoFlow,"EcoFlow is a leading eco-friendly energy solutions company with the vision to power a new world. Since its founding in 2017, EcoFlow aims to become a reliable and trusted energy companion for individuals and families across the world, providing accessible and renewable power solutions at home, outdoors, and in mobile spaces. Today, with operational headquarters located in the USA, Germany, and Japan, EcoFlow has empowered more than 2.5 million users in over 100 markets worldwide.",Renewable Energy Equipment Manufacturing,"1,001-5,000 employees",Privately Held,"Seattle, Washington",United States,ecoflow.com,https://www.linkedin.com/company/ecoflowtech,TRUE,TRUE,https://www.ecoflow.com/us/blog/ecoflow-strengthens-disaster-relief-efforts-through-new-non-profit-partnerships-ahead-of-hurricane-season,FALSE,TRUE,,,,,,,,,,,,,,,,,,
,,EcoGreen Solutions Inc.,Ecogreen Solutions Inc. is an Energy Services Company specializing in helping companies save energy and cut costs.,Consumer Goods,11-50 employees,Privately Held,laguna niguel,United States,ecogreen-solutions.com,https://www.linkedin.com/company/ecogreen-solutions-inc.,TRUE,TRUE,https://ecogreen-solutions.com/rt-portfolios/newport-mesa-unified-school-district,FALSE,TRUE,❌ No relationships found,,,,,,,,,❌ No Profile Found,✅ Found 10 people,,,,,✅ Sent 0 rows,,
,,Ecohouse Solar,We are committed to the highest level of service for our customers and to using quality solar materials on all installations. Our solar energy services are designed to last for 25 years or more with warranties to match. We are committed to reducing the effects of climate change one solar electric system at a time.,Renewable Energy Semiconductor Manufacturing,11-50 employees,Privately Held,"Columbus, Ohio",United States,ecohousesolar.com,https://www.linkedin.com/company/ecohouse-solar,TRUE,TRUE,http://ecohousesolar.com/about-us/community,FALSE,TRUE,❌ No relationships found,,,,,,,,,❌ No Profile Found,✅ Found 10 people,,,,,✅ Sent 0 rows,,
,,Ecolibrium3,Ecolibrium3’s mission is to lead and inspire change towards an equitable and sustainable future. Our work has been nationally recognized for excellence in programming and community impact.,Non-profit Organizations,11-50 employees,Non Profit,"Duluth, Minnesota",United States,ecolibrium3.org,https://www.linkedin.com/company/ecolibrium3,TRUE,TRUE,https://www.ecolibrium3.org/ecolibrium3/,FALSE,TRUE,❌ No relationships found,,,,,,,,,❌ No Profile Found,✅ Found 10 people,,,,,✅ Sent 0 rows,,
,,Ecoloop,"We are a SunTech startup, that focuses on the development of  Distributed Generation Scale Solar Assets. 

We also provide solar adjacent services such as Solar EPC, Energy Efficiency Audits, Energy Efficiency Upgrades, EV Charger deployment and installations, Utility Audits, Electrical Upgrades and Services, Solar Asset Operating & Maintenance , Roofing, Tree Work, Land Scape Design, Sustainable Development, Real Estate Services,  etc.",Renewable Energy Power Generation,51-200 employees,Privately Held,"Danvers, Massachusetts",United States,ecoloop.us,https://www.linkedin.com/company/ecoloop-llc,TRUE,TRUE,https://ecoloop.us/en/commercial,FALSE,TRUE,❌ No relationships found,,,,,,,,,Found 1 People,,,,,,✅ Sent,,
,,Ecosave,"Headquartered in Philadelphia, Ecosave is a leading global independent Energy-as-a-Service provider, offering free energy savings assessments, guaranteed savings, fixed price proposals, funding solutions, and we are experts in building automation. Ecosave has successfully implemented holistic, product agnostic projects at more than 3,500 sites across the United States.

Ecosave’s multidisciplinary solutions include our flagship funding model - the Ecosave Services Agreement (ESA), Guaranteed Energy Savings Projects (GESP), Energy Performance Contracts (EPC), Building Automation, Utility Management Services (UMS), Energy and Carbon Management Services - all of which are designed to significantly save money and save energy in all commercial building types.

For more information please visit our website: www.ecosaveinc.com, email us at info@ecosaveinc.com, or give us a call at (215) 785-6750.",Environmental Services,51-200 employees,Privately Held,"Philadelphia, PA",United States,ecosaveinc.com,https://www.linkedin.com/company/ecosave-llc,TRUE,TRUE,http://ecosaveinc.com,FALSE,TRUE,❌ No relationships found,,,,,,,,,Found 3 People,,,,,,✅ Sent 3 rows,,
,,EcoSmart Solution,"Founded in 2014, EcoSmart Solution LLC, is an affiliate of global real estate investment firm Taurus Investment Holdings, LLC. EcoSmart offers developers of master planned communities and national builders more attainable options for creating sustainable, energy efficient developments. Combining experienced staff with industry experts, EcoSmart integrates technology and construction methods to deliver energy efficient solutions to residential and commercial real estate, offering reduced energy costs while conserving natural resources. The EcoSmart program was launched successfully in 2017 at the 7,500 home Whisper Valley community. EcoSmart is the recipient of numerous awards including being named the overall winner of Green Builder Media’s 2019 Sustainable Innovation Award.",Environmental Services,11-50 employees,Privately Held,"Manor, Texas",United States,ecosmartsolution.com,https://www.linkedin.com/company/ecosmart-solution,TRUE,TRUE,https://ecosmartsolution.com/ecosmart-projects,FALSE,TRUE,,,,,,,,,,,,,,,,,,
,,eEquals,"eEquals is a forward-thinking organization that is passionate about empowering customers and our team to make a difference everyday. We empower our team to drive innovation and deliver exceptional experiences to our customers. Our culture is built on transparency, open communication, and a shared commitment to excellence.",Services for Renewable Energy,51-200 employees,Partnership,"Chicago, IL",United States,eequals.com,https://www.linkedin.com/company/eequals,TRUE,TRUE,https://eequals.com,FALSE,TRUE,❌ No relationships found,,,,,,,,,❌ No Profile Found,✅ Found 10 people,,,,,✅ Sent 0 rows,,
,,EFS Energy,"As the premier solar panel installation experts in St. Louis and the Midwest, EFS Energy, Inc. strives to help our customers achieve energy independence by reducing use and generating clean, renewable energy. Specializing in commercial and agricultural solar photovoltaic installations, our team has the experience and skill to design and install a custom system based on each individual customers needs.

EFS Energy has installed over 3 MW of solar power across the Midwest to date and has expanded our services into LED Lighting upgrades, construction management, and O&M services.

Call us today for a free solar proposal and consultation at 314-771-5131 or check out our website for more information at www.efsenergy.com.",Solar Electric Power Generation,11-50 employees,Privately Held,"St Louis, Missouri",United States,efsenergy.com,https://www.linkedin.com/company/efs-energy,TRUE,TRUE,https://efsenergy.com,FALSE,TRUE,❌ No relationships found,,,,,,,,,❌ No Profile Found,✅ Found 10 people,,,,,✅ Sent 0 rows,,
,,EG Solar Ⓒ,"Making sustainable easy for the Future

Elco group’s focus is on reducing energy bills and providing a green and sustainable future for generations to come, built on a combined experience of over 20 years in solar PV (Photovoltaic) and renewable energies.

We believe that harvesting this natural resource is paramount to sustainability and understand that in this race to protect and save our planet there has to be clarity. And in this complex and competitive marketplace we believe that integrity, trust and honesty is the only way to drive change.

We strive to work “Everyway Efficient” in cost and process, creating solutions to offer more control back to you, from initial design and survey all the way through to aftercare and maintenance.",Solar Electric Power Generation,51-200 employees,Privately Held,"Rochester, Kent",United States,egsolar.co.uk,https://www.linkedin.com/company/elco-group-ltd,TRUE,TRUE,https://egsolar.co.uk/about,FALSE,TRUE,,,,,,,,,,Found 3 People,,,,,,✅ Sent 3 rows,,
,,EightTwenty,"We empower people with solar energy.
We are a locally owned team of expert carpenters, electricians, project managers, designers, and engineers driven by a shared mission – to empower people with solar energy.",Renewable Energy Semiconductor Manufacturing,51-200 employees,Privately Held,"Oklahoma City, Oklahoma",United States,eighttwenty.com,https://www.linkedin.com/company/eighttwentyenergy,TRUE,TRUE,https://eighttwenty.com,FALSE,TRUE,❌ No relationships found,,,,,,,,,Found 1 People,,,,,,✅ Sent,,
,,ELCCO Inc.,"ELCCO Inc. is a full service electrical contractor that exists to bring together talented and motivated tradesmen to enable our customers to realize their electrical needs and goals. ELCCO performs work on the islands of Maui, Lanai, Molokai, and Hawaii.",Construction,51-200 employees,Privately Held,"Kahului, Hawaii",United States,elccoelectric.com,https://www.linkedin.com/company/elcco,TRUE,TRUE,http://elccoelectric.com/project.php?id=7,FALSE,TRUE,❌ No relationships found,,,,,,,,,Found 1 People,,,,,,✅ Sent,,
,,"Eldridge Roofing & Solar, Inc.","Since the conception of Eldridge Roofing & Solar, Inc. in 1998, we have been committed to true excellence in the roofing industry. Each member of our knowledgeable team strives daily to deliver professional, knowledgeable, reliable and first-class service to our homeowners. Eldridge Roofing & Solar, Inc., is proud to be a family-owned & operated company serving Houston and all other surrounding areas, while never losing sight of professionalism and the importance of quality craftsmanship at honest pricing. We individually and as a family stand firmly behind our company motto “People before Profit”.",Construction,51-200 employees,Privately Held,"Spring, Texas",United States,theeldridgeway.com,https://www.linkedin.com/company/eldridgeroofing,TRUE,TRUE,https://www.theeldridgeway.com/services/commercial/roofing,FALSE,TRUE,❌ No relationships found,,,,,,,,,Found 4 People,,,,,,✅ Sent 4 rows,,
,,Elemental Energy,"Elemental Energy is a locally owned and operated solar PV design and installation firm based in Portland, Oregon. Founded by graduates of the first and only accredited Bachelor’s of Science degree program in Renewable Energy Engineering, our mission is to critically address the way that society uses and thinks about energy.

Elemental Energy is a leader in residential and commercial  system installation in Oregon and Southern Washington, as well as in South America, Central America, Africa, and Asia in partnership with Twende Solar. Solar Power World, the industry’s leading news source, selected us as one of the nation's top solar contractors each year from 2013 to 2023—and as the #1 rooftop residential solar installer and energy storage installer in the Pacific Northwest in 2018.

Focused on seeking solutions to the world energy crisis through education and system implementation, Elemental Energy believes in ensuring our clients realize the benefits of their financial investments, and that they move forward confident in their path to energy independence.

With a humanitarian outlook and a fresh perspective, passion and enthusiasm for clean energy, Elemental Energy’s drive to create a healthier environment echoes in every consultation and install we do. Whether you’re looking to utilize energy more efficiently or are ready to produce your own, contact us — and take the first step toward a brighter future!",Solar Electric Power Generation,51-200 employees,Privately Held,"Portland, Oregon",United States,elementalenergy.net,https://www.linkedin.com/company/elemental-energy-llc,TRUE,TRUE,https://elementalenergy.net/service/charitable,FALSE,TRUE,❌ No relationships found,,,,,,,,,❌ No Profile Found,✅ Found 10 people,,,,,✅ Sent 0 rows,,
,,Elite Roofing & Solar,"Elite Roofing & Solar is Colorado's most trusted roofing contractor and solar panel install team. Your home is not just another project--to us, it's the opportunity to build a life long customer. 

In any roof replacement, repair or solar panel install--we go above and beyond to ensure your property and landscaping is protected, and that the work area and construction timeline is clearly communicated to avoid disrupting nap time or outside play time for your little ones. 

We are a family owned and operated business, and have been serving Colorado since 2006. The core of Elite Roofing & Solar’s company is our foundation of faith, family, integrity and honesty. These values permeate through Elite Roofing’s business practices and shows in the quality of our work. Elite believes in building lasting relationships with our clients, and pride themselves on superior customer service. The Elite Roofing & Solar contracting team is highly experienced in both commercial and residential roofing, and solar panel installs (as well as detach and resets). We work with a wide range of products and materials so you not only get a solid and sustainable roofing system, but the look and style to complement it.

Elite Roofing & Solar will take care of you and your project from start to finish, giving you ease and confidence throughout the life of your project and beyond. We know Colorado and understand what the extreme weather conditions can do to a home or building. Because of that, Elite only uses the highest quality materials to assure a long lasting roofing system.

Ready to talk to a true professional about your roofing and/or solar needs? Give Elite Roofing & Solar a call today and experience the Elite difference. Elite Roofing & Solar--That's Roofing & Solar Done Right.",Construction,11-50 employees,Privately Held,"Denver, CO",United States,elite-roofs.com,https://www.linkedin.com/company/elite-roofing,TRUE,TRUE,https://elite-roofs.com/community/,FALSE,TRUE,,,,,,,,,,Found 1 People,,,,,,✅ Sent,,
,,Empire Electrical & Mechanical Solutions Ltd,"Empire Electrical & Mechanical Solutions Ltd

At Empire Electrical & Mechanical Solutions Ltd, we’re more than a service provider—we’re your partner in delivering safe, innovative, and sustainable solutions in electrical and mechanical services.

Expertise:  
Our team of seasoned professionals specializes in comprehensive services including:

- Electrical Installations: End-to-end electrical services, prioritizing safety and precision.
- Mechanical Solutions: Full-range HVAC systems, pipework, ductwork, and more.
- Renewable Energy: Solar installations and battery storage for sustainable impact.
- EV Charging: Infrastructure solutions for electric vehicle charging needs.
- Fire Alarms & Emergency Systems: Customized safety solutions.
- Testing, Inspection & Maintenance: Thorough assessments for optimal performance.
- Design & Consultation: Tailored project design and expert consultation.
- Facilities Management: Ongoing support for seamless operations.

Accreditations:  
Reflecting our commitment to quality and safety, we hold the following accreditations:
   - Constructionline Gold
   - NICEIC Approved Contractor
   - ISO 9001 (Quality Management)
   - ISO 14001 (Environmental Management)
   - CHAS Advanced
   - SMAS WorkSafe
   - Armed Forces Covenant


Connect with Us:  
Empire welcomes connections with professionals, clients, and industry leaders committed to innovation and excellence. Together, we can advance a brighter, safer, and more sustainable future.


Visit: www.empiregrp.uk 
Email: info@empiregrp.uk",Construction,11-50 employees,Self Owned,"Southampton, Hampshire",United States,empiregrp.uk,https://www.linkedin.com/company/empire-electrical-mechanical-solutions-ltd,TRUE,TRUE,https://empiregrp.uk/commercial/schools-colleges-universities,FALSE,TRUE,❌ No relationships found,,,,,,,,,,,,,,,,,
,,Empower Home,"Our mission is to empower our sales teams and our customers with best in class customer service, solar financing, and quality installations.",Renewable Energy Semiconductor Manufacturing,51-200 employees,Privately Held,"Fresno, California",United States,empoweryourhome.com,https://www.linkedin.com/company/empower-solar-inc,TRUE,TRUE,https://empoweryourhome.com/solar-and-storage/commercial-solar,FALSE,TRUE,❌ No relationships found,,,,,,,,,Found 1 People,,,,,,✅ Sent,,
,,Empower Home Services,"Solar & Storage | Electrical | Heating & Air Conditioning | Roofing ::     

Started in 2017 and consistently ranked on the ""Inc. 5000: Fastest Growing Companies"" list.

Empower serves thousands of customers ever year and is dedicated to delivering the highest quality care for all your home services needs.

By taking a whole home approach, we ensure your systems work together cohesively — saving you time, money, and stress.",Household Services,201-500 employees,Privately Held,"Clovis, California",United States,empoweryourhome.com,https://www.linkedin.com/company/empower-home-services,TRUE,TRUE,https://empoweryourhome.com/solar-and-storage/commercial-solar,FALSE,TRUE,❌ No relationships found,,,,,,,,,Found 1 People,,,,,,✅ Sent,,
,,Empower Sustainables,"Empower Sustainables is revolutionizing the solar industry by working on behalf of homeowners to find the best solar solution for their lifestyle.

OUR MISSION

To inspire, educate, & empower Americans to prosper from solar by delivering life-changing energy solutions, backed by world class service.",Renewable Energy Semiconductor Manufacturing,51-200 employees,Privately Held,"Orlando, Florida",United States,empowersustainables.com,https://www.linkedin.com/company/empowersustainables,TRUE,TRUE,https://empowersustainables.com/projects,FALSE,TRUE,❌ No relationships found,,,,,,,,,Found 1 People,,,,,,✅ Sent,,
,,Empowered By Light,"Over 800 million people worldwide do not have access to electricity, denying them many of the benefits of the modern world. We believe hope and innovation start with access to clean power. 

Our mission is to empower vulnerable communities on the frontlines of climate change, loss of wildlife and environmental devastation. We achieve this by donating clean energy technologies and facilitating the recruitment of local people and organizations to install, operate and maintain the systems which make their communities more independent, resilient and sustainable.

Our approach improves lives and the environment, encourages local development, and serves as a catalyst for the adoption or expansion of renewable energy in the regions we serve.

Empowered by Light’s first project, Solar: ZAMBIA, began as an effort to deliver thousands of solar-powered LED light/cell phone charge kits to very remote areas with no access to electricity. In 2011 and 2012, EBL delivered light kits to 52 basic schools throughout the Shangombo District in the Western Province of Zambia. With the kits, school-age children have been able to study at night, after the sun has set, improving their grade performance and their chances for a better life.

In 2013, we built our first solar micro grid at Sioma High School in Zambia, a school comprised of 27 buildings that serves over 600 students. Since then, we have completed nearly 50 solar and energy storage projects in eight countries.",Renewable Energy Power Generation,2-10 employees,Non Profit,"Larkspur, CA",United States,empoweredbylight.org,https://www.linkedin.com/company/empowered-by-light,TRUE,TRUE,https://empoweredbylight.org/native-american-communities,FALSE,TRUE,❌ No relationships found,,,,,,,,,,,,,,,,,
,,EMT Solar & Roofing,"Veteran owned solar and roofing company based in Cherry Hill, NJ.",Construction,11-50 employees,Partnership,"Cherry Hill, NJ",United States,emtsolar.com,https://www.linkedin.com/company/emt-solar-and-roofing,TRUE,TRUE,https://emtsolar.com/faq/,FALSE,TRUE,❌ No relationships found,,,,,,,,,Found 2 People,,,,,,✅ Sent 2 rows,,
,,Endless Energy,"Endless Energy is a locally owned energy efficiency and HVAC company with over 40 years of service to our community. Our service territory covers the majority of the state of Massachusetts. We specialize in energy efficiency solutions such as furnace, boiler, water heater and heat pump installation, ducted or ductless mini-split installation, commercial solar energy solutions, commercial HVAC, home energy assessments, air-sealing, and insulation needs. Our goal is to help every Massachusetts resident to increase their energy efficiency through a customized solution for their individual home or business.

We have been in the home improvement and energy efficiency business for more than 40 years. Endless Energy started with a desire to help people save money while saving the environment. Today our vision has grown to encompass many different services including heating and cooling solutions, Mass Save Home Energy Assessments, insulation, and plumbing throughout Massachusetts.",Construction,51-200 employees,Privately Held,"Marlborough, Massachusetts",United States,goendlessenergy.com,https://www.linkedin.com/company/goendlessenergy,TRUE,TRUE,https://goendlessenergy.com/commercial-hvac,FALSE,TRUE,❌ No relationships found,,,,,,,,,Found 3 People,,,,,,✅ Sent 3 rows,,
,,Energy Harbor LLC,"Energy Harbor LLC strives to become one of top residential and commercial solar contractors in the nation. Our Experienced technicians design, engineer, build and maintain solar systems for homeowners and businesses all over Florida. We take pride in our work and treat your property as if it were our own. 

With 23+ years of solar experience, we have dedicated ourselves to shaping the future of solar by providing affordable and quality renewable energy products for all.

For more information on Energy Harbor LLC please visit energyharborfl.com",Services for Renewable Energy,2-10 employees,Privately Held,"Tampa, Florida",United States,energyharborfl.com,https://www.linkedin.com/company/energyharborfl,TRUE,TRUE,https://energyharborfl.com/services-1/commercial-solar,FALSE,TRUE,❌ No relationships found,,,,,,,,,Found 1 People,,,,,,✅ Sent,,
,,Energy Independent Solutions,"Energy Independent Solutions is trusted by hundreds of Residences, Businesses, Farms and Municipal Buildings throughout Pittsburgh, Western Pennsylvania and beyond for Solar Power in Pittsburgh. We are a local Pittsburgh company with a track record of high-quality solar installations, solar service and the best solar field performance rating in the industry. With EIS, you will receive an in-depth solar energy education, assessment and recommendation for a great return on your investment.",Renewable Energy Semiconductor Manufacturing,11-50 employees,Privately Held,"Pittsburgh, Pennsylvania",United States,eissolar.com,https://www.linkedin.com/company/energy-independent-solutions,TRUE,TRUE,https://eissolar.com,FALSE,TRUE,❌ No relationships found,,,,,,,,,,✅ Found 10 people,,,,,,,
,,Energy Solution USA Inc,"Energy Solutions USA, Inc. is an independent Energy Management organization that offers comprehensive energy management programs, and services business of all sizes in the mid-Atlantic and East coast States.  Our services provide clients with the information and direction they must take in order to maximize their Energy Procurement potential based on their financial goals and objectives.",Oil and Gas,11-50 employees,Privately Held,"Elmira, NY",United States,energy-solutions-usa.com,https://www.linkedin.com/company/energy-solution-usa-inc,TRUE,TRUE,https://energy-solutions-usa.com/who-we-are/community-solar,FALSE,TRUE,❌ No relationships found,,,,,,,,,,,,,,,,,
,,"EnerWealth Solutions, LLC","EnerWealth Solutions is a mission-driven solar development company dedicated to creating wealth-building opportunities for rural and historically underserved communities through innovative renewable energy projects. Founded to address both the climate crisis and persistent economic inequities, we develop solar solutions that deliver long-term, tangible financial benefits to the communities where we work.",Solar Electric Power Generation,2-10 employees,Privately Held,"Durham, North Carolina",United States,enerwealthsol.com,https://www.linkedin.com/company/enerwealthsol,TRUE,TRUE,http://enerwealthsol.com/our-model,FALSE,TRUE,❌ No relationships found,,,,,,,,,,,,,,,,,
,,Enlite Home,"Enlite has been providing homeowners with affordable, clean, energy through a simple process since 2016. We sell solar power, and solar panels, providing installation and maintenance with our experienced partners.

How to make a positive impact? That is the question that drives our business. We don’t want to be just another job.
We don’t even want to be just another provider. 
This is about people, about making people’s lives better.
Because there’s another way of doing business,
one with a shifted paradigm, where values come before the business.

Welcome to Enlite.",Solar Electric Power Generation,201-500 employees,Privately Held,"Provo, UT",United States,enlitehome.com,https://www.linkedin.com/company/enlite-home,TRUE,TRUE,https://enlitehome.com,FALSE,TRUE,❌ No relationships found,,,,,,,,,Found 1 People,,,,,,✅ Sent,,
,,Entegrity,"Entegrity is an energy services, sustainability and solar development company specializing in the implementation of energy conservation and renewable energy projects. We are uniquely qualified to deliver innovative and sustainable solutions to optimize building performance. We help our clients realize long-term operational savings by focusing on their needs: selecting the most cost-effective scope, contract structure and financing strategy available. Our comprehensive service package includes energy savings performance contracting, commissioning, energy modeling, building testing, lighting solutions, renewable energy, water conservation and sustainability consulting. For more information about Entegrity visit www.entegritypartners.com.",Environmental Services,51-200 employees,Partnership,"Little Rock, Arkansas",United States,entegritypartners.com,https://www.linkedin.com/company/entegrity-energy-partners,TRUE,TRUE,https://entegritypartners.com/k-12-schools,FALSE,TRUE,❌ No relationships found,,,,,,,,,Found 11 People,,,,,,✅ Sent 10 rows,,
,,Entero Energy LLC,"Commercial Solar: 
We design and construct solar energy systems for building owners. These systems provide high returns on investment while locking in power costs, increasing building value, and lowering carbon footprint.

Solar Power Plant Development:
We develop and own solar power plants. Solar power plants provide low-cost, carbon-free energy for leading organizations — and long-term revenue streams for landowners and impact investors.

Our Team:
In order to navigate the complex and changing landscape of the solar energy industry, Entero has assembled a team equipped with the collective experience of 200+ commercial projects and 50+ megawatts of community-scale solar power plant development.",Solar Electric Power Generation,2-10 employees,Privately Held,"Austin, Texas",United States,enteroenergy.com,https://www.linkedin.com/company/entero-energy-llc,TRUE,TRUE,https://enteroenergy.com/what-we-do/,FALSE,TRUE,❌ No relationships found,,,,,,,,,❌ No Profile Found,✅ Found 4 people,,,,,✅ Sent 0 rows,,
,,EnviroSolar Power,Envirosolar was founded to help homeowners everywhere transform their homes from inefficient houses to mobile-device controlled solar smart-home residences!,Renewable Energy Semiconductor Manufacturing,51-200 employees,Privately Held,"Austin, TX",United States,envirosolarpower.com,https://www.linkedin.com/company/envirosolar,TRUE,TRUE,https://www.envirosolarpower.com/envirosolar-power-blog,FALSE,TRUE,❌ No relationships found,,,,,,,,,❌ No Profile Found,✅ Found 10 people,,,,,✅ Sent 0 rows,,
,,EOS Linx,"EOS Linx owns and operates a growing, national electric vehicle (EV) charging network committed to advancing an EV lifestyle-based solution through advanced edge technology and user-focused functionality. Our comprehensive EV charging solution includes solar power generation and storage, AI-based security, and digital out-of-home advertising that adds immediate value to each location. EOS Linx is building an EV charging infrastructure that supports the transition to sustainable transportation and creates a cleaner, healthier planet for future generations. Learn more on our website about how to become a site host for an EOS EV Charger, how to advertise on our array of charging screens, and always Charge Smarter with EOS.",Motor Vehicle Parts Manufacturing,11-50 employees,Privately Held,"Brentwood, TN",United States,eoslinx.com,https://www.linkedin.com/company/eos-linx,TRUE,TRUE,https://www.eoslinx.com/contact/,FALSE,TRUE,❌ No relationships found,,,,,,,,,,✅ Found 10 people,,,,,,,
,,Epic Energy,"At Epic Energy, our mission is to help you conserve and consume energy more efficiently, while saving you money and adding value to your home.  Whether you're looking for simple upgrades like new windows, or big changes like a new roof or solar, our multi-tiered strategy helps make your home as energy efficient as possible at the most affordable costs.",Construction,51-200 employees,Partnership,"Sacramento, CA",United States,thinkepic.com,https://www.linkedin.com/company/epic-energysacramento,TRUE,TRUE,https://www.thinkepic.com/,FALSE,TRUE,❌ No relationships found,,,,,,,,,Found 1 People,,,,,,✅ Sent,,
,,ES Solar,"Premier Solar + Battery Installer

Our solar company is dedicated to providing high-quality solar solutions for residential, and commercial clients. We pride ourselves on being a one-stop-shop for all solar needs, as we handle everything in-house. From system design and engineering to installation and maintenance. Our team of experienced professionals will guide you through every step of the solar journey. 

CA LIC#1127444",Renewable Energy Semiconductor Manufacturing,201-500 employees,Partnership,"Layton, Utah",United States,essolar.com,https://www.linkedin.com/company/essolarusa,TRUE,TRUE,https://essolar.com/pages/commercial,FALSE,TRUE,❌ No relationships found,,,,,,,,,Found 2 People,,,,,,✅ Sent 2 rows,,
,,Eternalplanet,We are committed to providing energy solutions for people and promoting the sustainable development of the world.,Renewable Energy Semiconductor Manufacturing,51-200 employees,Privately Held,los angeles,United States,epcube.com,https://www.linkedin.com/company/epcube,TRUE,TRUE,https://epcube.com/en-US/homeowners/byod,FALSE,TRUE,❌ No relationships found,,,,,,,,,,,,,,,,,
,,Ethical Energy Solar,"Ethical Energy Solar empowers Pennsylvania homeowners with innovative solar energy solutions, offering financial savings, energy independence, and the reliability of American-made solar panels. As a locally owned & operated Pennsylvania solar power company, we deliver top-quality solar installations tailored to meet your unique residential solar energy needs.",Utilities,11-50 employees,Partnership,"York, Pennsylvania",United States,ethicalenergysolar.com,https://www.linkedin.com/company/ethical-energy-solar,TRUE,TRUE,https://ethicalenergysolar.com/solar4psu/,FALSE,TRUE,❌ No relationships found,,,,,,,,,Found 1 People,,,,,,✅ Sent,,
,,Ethos Green Power Cooperative,"Ethos Green Power Cooperative provides high-quality solar power in the La Crosse, WI and surrounding areas. We are a locally and worker-owned co-op founded on 20 years of experience in renewable energy. Our friendly experts can answer all your questions about converting your home or business to environmentally friendly solar energy.",Renewables & Environment,11-50 employees,Privately Held,"Viroqua, WI",United States,ethos.green,https://www.linkedin.com/company/ethos-green-power,TRUE,TRUE,https://ethos.green/,FALSE,TRUE,❌ No relationships found,,,,,,,,,,,,,,,,,
,,EV Power Source,"We are the go-to resource for commercial builders, hotel and restaurant chains, shopping centers, public parking facilities, commercial fleets, other commercial installations, and large-scale home builders.



We provide volume discounts on hardware and even full turnkey packages, from hardware and monitoring software to installation and support. 



Our direct relationship with the EV charging manufacturer, Enel X, assures you get the best service, and the best products, at the best price on a full line of charging solutions.   



Did you know that Enel X has more chargers deployed worldwide than any other company?  And, as a $75+ billion company they will be here when you need upgrades, parts or service in the future.  While some of the current suppliers struggle to stay afloat, Enel X is a growing enterprise and continuously updating their product line. 

The growth of electric vehicles on the road is about to accelerate exponentially.  Even OPEC, the oil cartel, has projected that there will be more than 300 million electric vehicles on the road by 2040.  (Three years earlier, OPEC projected only 50 million EVs by 2040 - showing how quickly experts’ outlook is changing.) As more drivers go electric, smart EV chargers are becoming a must-have amenity for workplaces, businesses, apartments and condos alike. Our fully networked, grid-responsive charging stations maximize your EV infrastructure investment and provide access to best-in-class EV charging to your customers, guests and employees. Our commercial smart chargers also qualify for charging incentives in many parts of the country and provide additional value to property owners, enabling them to efficiently reach their sustainability goals. EV chargers by EV Power Source is a win-win for your business, as they:",Renewables & Environment,11-50 employees,Privately Held,"Dallas, Texas",United States,evpowersource.com,https://www.linkedin.com/company/evpowersource,TRUE,TRUE,https://evpowersource.com/commercial-solutions,FALSE,TRUE,❌ No relationships found,,,,,,,,,❌ No Profile Found,✅ Found 4 people,,,,,✅ Sent 0 rows,,
,,Evergreen Solar and Home Battery,"At Evergreen, we're passionate about helping homeowners and businesses take advantage of the many benefits of solar energy. Our team of experienced professionals has the knowledge and expertise to design and install custom solar and battery systems that meet the unique needs of each and every client.",Services for Renewable Energy,2-10 employees,Privately Held,"Los Alamitos, CA",United States,evergreen-solar.net,https://www.linkedin.com/company/evergreen-solar-and-home-battery,TRUE,TRUE,https://www.evergreen-solar.net/general-6-1,FALSE,TRUE,❌ No relationships found,,,,,,,,,❌ No Profile Found,✅ Found 1 people,,,,,✅ Sent 0 rows,,
,,Evergreen Solar Solutions,"Evergreen is an Master dealer for SunPower providing solar energy solutions that educate, inform and inspire.  The company has also developed additional strategic partnerships to provide residential solar services designed to make the transition from traditional power sources to clean energy easy and seamless.",Utilities,11-50 employees,Privately Held,"Orlando, FL",United States,evergreen4life.com,https://www.linkedin.com/company/evergreen-solar-solutions-llc,TRUE,TRUE,https://evergreen4life.com/about,FALSE,TRUE,❌ No relationships found,,,,,,,,,Found 1 People,,,,,,✅ Sent,,
,,Everybody Solar,"Everybody Solar’s mission is to protect the environment and strengthen U.S. communities through solar energy projects.  By providing solar power to local charities we help them reduce electricity costs and direct their limited resources to the communities they serve. 

Our vision is to create more healthy and sustainable communities by giving clean energy to community-based organizations which provide critical social services.

We aim to strengthen our communities by supporting nonprofit organizations which serve our most vulnerable populations.  By equipping these organizations with solar energy, we help eliminate their electricity costs and maximize their social impact.  By saving thousands of dollars through solar power, community-based organizations can more directly funnel resources into the communities they serve.",Renewable Energy Semiconductor Manufacturing,2-10 employees,Non Profit,"San Francisco, California",United States,everybodysolar.org,https://www.linkedin.com/company/everybody-solar,TRUE,TRUE,https://everybodysolar.org/,FALSE,TRUE,❌ No relationships found,,,,,,,,,,,,,,,,,
,,evNation,evNation's mission is to effortlessly connect the world’s Electric Vehicles to Solar Energy for a healthier planet.,Solar Electric Power Generation,2-10 employees,Partnership,"Costa Mesa, California",United States,evnation.us,https://www.linkedin.com/company/evnation,TRUE,TRUE,https://evnation.us/ev-charger-and-solar-installations/commercial-ev-charging-stations/commercial-ev-charging,FALSE,TRUE,❌ No relationships found,,,,,,,,,❌ No Profile Found,✅ Found 5 people,,,,,✅ Sent 0 rows,,
,,Evolution Solar LLC,"Our team at Evolution Solar has 14 years experience in construction and over 6 years in solar! Having been a part of 1,000's of installs nationwide, we know what it takes to design your system with the best overall value and NO COST Solar options!  With our residential and commercial solar projects, we are constantly shopping around for the best build partners and financing to work with in each market.  This is how we ensure we are bringing the best value to our customers!  Come Evolve with us and see why so many happy customers are glad they gave Evolution Solar's energy experts the opportunity to serve them!",Renewable Energy Semiconductor Manufacturing,2-10 employees,Privately Held,"Henderson, Nevada",United States,evosolarpro.com,https://www.linkedin.com/company/evolution-solar-llc,TRUE,TRUE,https://evosolarpro.com/,FALSE,TRUE,❌ No relationships found,,,,,,,,,❌ No Profile Found,✅ Found 4 people,,,,,✅ Sent 0 rows,,
,,EVPV,"EVPV is a consulting firm focused on the deployment of electric vehicle charging hardware, solar parking structures, stationary energy storage, and utility infrastructure. 

Our current clients consist of Fortune 500 companies, municipalities, project developers, and mobility as a service companies.

We bring over 15 years of experience from industry leading clean energy and EV charging companies such as EVgo, Chargepoint, and Borrego Solar. Our core competencies include design, permitting, and construction. We also provide independent expertise to guide smart infrastructure investments.",Business Consulting and Services,2-10 employees,Self Employed,"Long Beach, CA",United States,ev-pv.com,https://www.linkedin.com/company/evpv,TRUE,TRUE,https://ev-pv.com/taking-foster-citys-ev-charging-from-outdated-infrastructure-to-a-cutting-edge-hub,FALSE,TRUE,❌ No relationships found,,,,,,,,,❌ No Profile Found,❌ No people found,✅ 1 decision maker found,,,,✅ Sent 0 rows,,
,,EVunited,"EVunited is committed to helping our clients procure and deploy Electric Vehicle Charging stations and Solar solutions for their property site, business or workplace.  We offer Level 2 and Fast Charging solutions, as well as Solar for the commercial sector.  Our chargers provide solutions for a wide range of verticals including home, multifamily properties, retailers, restaurants, workplaces, municipality, and parking structures that are tailored to each application. 

EVunited offers a ""turn-key"" approach to sourcing and installing EV chargers.  We emphasize ""ease of process"" which includes site surveys, implementation, and post support from our organization.  We also help maximize the federal, state and local incentives available to encourage companies to install EV charging stations.  These programs along with tax credit considerations are available to offset your investment in EV chargers.  

As the number of Electric Vehicles continue to expand, this new wave of technology-savvy, environmentally conscious drivers will make up a growing segment of our city.  We are very excited to be involved in such an electric and dynamic future!",Business Consulting and Services,2-10 employees,Privately Held,"Dublin, Ohio",United States,evunited.com,https://www.linkedin.com/company/evunited,TRUE,TRUE,https://evunited.com/commercial,FALSE,TRUE,❌ No relationships found,,,,,,,,,Found 4 People,,,,,,✅ Sent 4 rows,,
,,Fastrac Energy Services,"At FASTRAC Energy Services, we specialize in providing comprehensive solar energy solutions that help homeowners and businesses save on energy costs while contributing to a their own resiliency. Our services include custom-designed solar + battery systems, expert installation, and long-term monitoring and support. With a commitment to reliability, performance, and customer satisfaction, we ensure that every project we undertake meets the highest standards of quality. Our team of certified professionals is here to help you reduce your energy expenses while transitioning to cleaner, greener energy.

 Get in touch: (832) 413-0707
 fastracsolar.com",Solar Electric Power Generation,51-200 employees,Privately Held,"Houston, Texas",United States,fastracsolar.com,https://www.linkedin.com/company/fastracenergy,TRUE,TRUE,https://fastracsolar.com/about-us,FALSE,TRUE,❌ No relationships found,,,,,,,,,❌ No Profile Found,✅ Found 10 people,,,,,✅ Sent 0 rows,,
,,Finray Solar," Simple Solar Solutions | Affordable & Eco-Friendly
 Save Energy | DM for Consultation",Services for Renewable Energy,11-50 employees,Privately Held,"Bala-Cynwyd, Pennsylvania",United States,finray.solar,https://www.linkedin.com/company/finray-solar,TRUE,TRUE,https://finray.solar/community-solar/,FALSE,TRUE,❌ No relationships found,,,,,,,,,,,,,,,,,
,,Flo Energy LLC,"Solar Energy provider offering industry leading products, installation and warranties.",Renewable Energy Semiconductor Manufacturing,51-200 employees,Self Owned,"Tampa, Florida",United States,floenergy.solar,https://www.linkedin.com/company/flo-energy-llc,TRUE,TRUE,https://floenergy.solar,FALSE,TRUE,❌ No relationships found,,,,,,,,,,,,,,,,,
,,Florida Solar Design Group,"Florida Solar Design Group is a Florida State Certified Solar Contractor (CVC56956) providing expert solar pool heating and solar electricity consulting, design, sales, installation, and service. We offer all the best brands of solar panels and use factory trained experienced installers. Our goal is to educate clients first so they can make an informed purchase decision. We have no pushy salespeople, and the owners are actively engaged in the day to day operations of the business, resulting in excellent customer satisfaction. Contact us at (239) 491-8010 for any solar energy questions.",Construction,2-10 employees,Privately Held,"Fort Myers, FL",United States,floridasolardesigngroup.com,https://www.linkedin.com/company/florida-solar-design-group-com,TRUE,TRUE,https://floridasolardesigngroup.com/about,FALSE,TRUE,❌ No relationships found,,,,,,,,,❌ No Profile Found,✅ Found 4 people,,,,,✅ Sent 0 rows,,
,,Flywheel Development LLC,"Flywheel Development was founded in 2014 and is a leading sustainable urban design and development company in the Washington DC region. We are active in real estate, solar, and stormwater management infrastructure. Our dedicated team delivers path-breaking green building projects, from innovative solar PV to the most environmentally-responsible buildings in the District. Our ability to deliver high-value projects is grounded in our deep understanding of DC’s environmental markets as well as our diversity of touch points between green infrastructure and real estate. Our team represents diverse backgrounds in real estate development, renewable energy infrastructure, city planning, and public policy.

Flywheel Development is headquartered in the District of Columbia and is a proud certified business enterprise (CBE).",Solar Electric Power Generation,2-10 employees,Privately Held,Washington,United States,flywheeldevelopment.com,https://www.linkedin.com/company/flywheeldevelopment,TRUE,TRUE,https://www.flywheeldevelopment.com/projects/,FALSE,TRUE,❌ No relationships found,,,,,,,,,❌ No Profile Found,✅ Found 1 people,,,,,✅ Sent 0 rows,,
,,Flywheel Renewables,"Flywheel Development was founded in 2014 and is a leading sustainable urban design and development company in the Washington DC region. We are active in real estate, solar, and stormwater management infrastructure. Our dedicated team delivers path-breaking green building projects, from innovative solar PV to the most environmentally-responsible buildings in the District. Our ability to deliver high-value projects is grounded in our deep understanding of DC’s environmental markets as well as our diversity of touch points between green infrastructure and real estate. Our team represents diverse backgrounds in real estate development, renewable energy infrastructure, city planning, and public policy.

Flywheel Development is headquartered in the District of Columbia and is a proud certified business enterprise (CBE).",Solar Electric Power Generation,2-10 employees,Privately Held,Washington,United States,flywheeldevelopment.com,https://www.linkedin.com/company/flywheelrenewables,TRUE,TRUE,https://www.flywheeldevelopment.com/projects/,FALSE,TRUE,❌ No relationships found,,,,,,,,,❌ No Profile Found,✅ Found 1 people,,,,,✅ Sent 0 rows,,
,,FOR Energy,FOR Energy is committed to being your single source for living a more sustainable and energy-efficient lifestyle. We understand that every home and business is unique so we offer several different products to help meet your specific energy needs. Gain control of spiraling energy costs by allowing us to create a distinctive solution-based plan for achieving your energy efficiency goals.,Renewables & Environment,11-50 employees,Privately Held,"Tempe, Arizona",United States,forenergy.com,https://www.linkedin.com/company/for-energy,TRUE,TRUE,https://forenergy.com/charity-work,FALSE,TRUE,❌ No relationships found,,,,,,,,,❌ No Profile Found,✅ Found 10 people,,,,,✅ Sent 0 rows,,
,,Forecast Energy,"Forecast Solar is a locally owned full service renewable energy contractor installing solar in Washington for over a decade. Forecast was founded on the principle of offering quality products at competitive prices, while still offering excellent customer service and installations. Visit https://www.forecastsolar.com/ to learn more and request your free-no obligation quote today!",Services for Renewable Energy,11-50 employees,Self Owned,"Everett, Washington",United States,forecastsolar.com,https://www.linkedin.com/company/forecast-energy,TRUE,TRUE,https://forecastsolar.com/commercial,FALSE,TRUE,❌ No relationships found,,,,,,,,,Found 1 People,,,,,,✅ Sent,,
,,Forecast Solar,"Forecast Solar is a locally owned full service renewable energy contractor installing solar in Washington for over a decade. Forecast was founded on the principle of offering quality products at competitive prices, while still offering excellent customer service and installations. Visit https://www.forecastsolar.com/ to learn more and request your free-no obligation quote today!",Services for Renewable Energy,11-50 employees,Self Owned,"Everett, Washington",United States,forecastsolar.com,https://www.linkedin.com/company/forecast-solar,TRUE,TRUE,https://forecastsolar.com/commercial,FALSE,TRUE,❌ No relationships found,,,,,,,,,Found 1 People,,,,,,✅ Sent,,
,,Forme Solar,"Forme Solar focuses solely on delivering an unmatched customer experience and retains an exclusive in-house team specifically equipped for rapid deployment of solar installation, solar removal and solar repairs. 

We specialize in providing energy solutions for both commercial and residential properties. Given the current incentives & cost of solar panel equipment, we believe there can be significant savings and even revenue, with a typical payback of 3-7 years when installing solar panels. We focus on 0 emission energy generation, using a combination of solar panel and battery storage. Allowing property owners true independence from the grid, and protection from power outages. 

Find out the price of a solar panel installation for your home, and what financing is available.

Solar Panel Install & Service at an Affordable Cost

As a top-rated solar panel installation company, we are proud to serve San Diego, Los Angeles, Riverside, San Bernardino, Orange, Irvine, Chino, Santa Ana, Chula Vista, Fullerton, Anaheim, Huntington Beach, and more!

With leading industry partners like Enphase Energy, Sunpower, Q Cells, Tesla, FranklinWH, LG, Tesla, SunRun, and Vivint, Forme Solar is proud to play an instrumental role in the global shift to renewable energy, one satisfied customer at a time.",Renewable Energy Semiconductor Manufacturing,51-200 employees,Privately Held,"Irvine, California",United States,formesolar.com,https://www.linkedin.com/company/formesolar,TRUE,TRUE,https://formesolar.com/services/commercial-solar/,FALSE,TRUE,❌ No relationships found,,,,,,,,,,,,,,,,,
,,Fortified Solar,"Fortified Solar roofing is an integrated steel #solar #energy solution. Using 22 gauge steel and a propriety process to incorporate solar into the #roofing panel, we have created the worlds most secure, and beautiful, solar solution.   Taking #renewables to the next level with #building integrated #photovoltaics.

We #manufacture our building integrated #photovoltaics in the United States.  

Our product qualifies for #taxcredits, commonly referred to as #ITC, that can be sold for tax free cash.  C corporations and wealthy individuals with significant tax liability can take advantage of these tax savings.",Solar Electric Power Generation,11-50 employees,Privately Held,"Taylors, South Carolina",United States,fortifiedsolar.com,https://www.linkedin.com/company/fortified-solar,TRUE,TRUE,https://fortifiedsolar.com/projects,FALSE,TRUE,,,,,,,,,,❌ No Profile Found,✅ Found 6 people,,,,,✅ Sent 0 rows,,
,,Fortis,"Our proprietary Roof Reconditioning solution extends the life of commercial roofs — even those previously considered at end-of-life. Only Fortis uses third-party verified materials, industry-certified installation teams, and performance guarantees backed by Lloyd's of London.

 70% less expensive than re-roofing
 15–25 year warranties — matched to your solar, financing, or lease timelines
 Minimal environmental impact — less landfill waste, less disruption
 Ideal for solar-ready buildings looking to avoid full tear-offs

We’ve helped property owners, solar developers, EPCs, REITs, and facility managers unlock millions in deferred maintenance savings while accelerating solar adoption and extending asset performance.",Business Consulting and Services,11-50 employees,Privately Held,"Denver, Colorado",United States,us.com,https://www.linkedin.com/company/fortis-guarantee,TRUE,TRUE,https://www.hrg.us.com/hearing-care-practices/non-profit-hearing-speech-center/,FALSE,TRUE,,,,,,,,,,Found 2 People,,,,,,✅ Sent 2 rows,,
,,Fortune Energy,"Fortune Energy is a leading nationwide wholesale distributor of top-tier solar products we provide from our warehouses. Since our inception in 2009, we have helped our clients secure materials for thousands of turn-key Solar PV systems comprised of quality equipment. From industry-leading manufacturers at market-competitive pricing and terms. We are committed to offering our client partners the best inventory in stock at the absolute lowest prices, which is a testament to the manufacturer relationships and special pricing agreements. We have established this over the last decade.

From the beginning of your experience with Fortune Energy, we provide an account manager to support your project needs, starting with the design phase through project completion and follow-up. Our account managers help you so your projects run smoothly, with utmost attention to time and energy efficiency. We strive to provide you with the highest quality, Low-Cost Solar Panels, Inverters, Solar Racking Systems, BOS components, and Solar Monitoring products.   

Fortune Energy sets itself apart from others by offering our turn key services for your current projects. When you purchase from us, our account managers help with your project process. Choosing the right people to supply and support your solar installation business plays a big part in the project's overall success. We recognize the value and peace of mind of hiring a company you can count on.   

We currently have 7 locations: Los Angeles-CA, Sacramento-CA, Boston-MA, Austin-TX, Tampa-FL, Dallas-TX, and our newest location is in Trenton- NJ. It is very important to us to be where our customers are and provide support and solutions to their solar needs.",Renewable Energy Semiconductor Manufacturing,51-200 employees,Privately Held,"Simi Valley, CA",United States,fortuneenergy.net,https://www.linkedin.com/company/fortune-energy,TRUE,TRUE,http://fortuneenergy.net,FALSE,TRUE,❌ No relationships found,,,,,,,,,Found 1 People,,,,,,✅ Sent,,
,,Freddy and Son,"Residential | Commercial | Solar 

At Freddy And Son, our mission is to passionately exceed client expectations and remain committed to building relationships. 

Our vision is to transform the building industry with leading technology while maintaining the core values and traditions from previous generations to set a foundation for the future.

Freddy And Son is a family-owned business with over 25+ years of combined experience. The company was founded by Freddy Arevalo-Amaya Jr. in 2017, who acquired his experience and knowledge of construction by working at his father's construction company.

We thrive because of our integrity, transparency, creativity, professionalism, efficiency, and reciprocity. Our core values make us who we are and helps us create the future we want to experience.",Construction,11-50 employees,Privately Held,"Manassas, Virginia",United States,freddyandson.com,https://www.linkedin.com/company/freddy-and-son-roofing,TRUE,TRUE,https://freddyandson.com,FALSE,TRUE,❌ No relationships found,,,,,,,,,,,,,,,,,
,,Fresh Coast Solar,"We help Chicagoland's residents and businesses understand and reap the benefits of clean, affordable solar energy.

Fresh Coast Solar is comprised of a team of skilled solar professionals with years of experience in the industry. From residential solar installations that are helping families realize their energy independence to large scale, utility-led projects that have opened the doors for entire communities to benefit from solar power, our team has been at the forefront of the Midwest’s energy transformation.",Renewable Energy Semiconductor Manufacturing,2-10 employees,Privately Held,"Chicago, Illinois",United States,freshcoastsolar.com,https://www.linkedin.com/company/fresh-coast-solar,TRUE,TRUE,https://freshcoastsolar.com/services/#commercial,FALSE,TRUE,❌ No relationships found,,,,,,,,,❌ No Profile Found,✅ Found 10 people,,,,,✅ Sent 0 rows,,
,,Full Spectrum Solar,"Full Spectrum Solar is a locally-owned solar power contractor serving residential and commercial customers in southern Wisconsin, including Madison, Waukesha, and Milwaukee. We offer complete turn-key installation of solar electric systems for homes, businesses, public authorities, and community organizations. In business since 2002, we are familiar with the best solar industry practices to provide you with quality, long-lasting solar electric systems.",Solar Electric Power Generation,11-50 employees,Partnership,"Madison, Wisconsin",United States,fullspectrumsolar.com,https://www.linkedin.com/company/full-spectrum-solar,TRUE,TRUE,https://fullspectrumsolar.com/about-us,FALSE,TRUE,❌ No relationships found,,,,,,,,,❌ No Profile Found,✅ Found 10 people,,,,,✅ Sent 0 rows,,
,,Future Energy Solar,"Solar Sales & Install Company

Specializing in residential solar
We offer a variety of panel and mounting options, which include both roof and ground mounted systems. Along with battery back up storage units. 

Visit our website to get you free solar quote today!",Solar Electric Power Generation,11-50 employees,Self Owned,"Woburn, Massachusetts",United States,futureenergysolar.com,https://www.linkedin.com/company/future-energy-solar-llc,TRUE,TRUE,https://futureenergysolar.com/services,FALSE,TRUE,❌ No relationships found,,,,,,,,,❌ No Profile Found,✅ Found 5 people,,,,,✅ Sent 0 rows,,
,,GAF Energy,"GAF Energy is transforming the solar and roofing industries to generate energy from every roof. A Standard Industries company, GAF Energy works with North America’s largest roofing and waterproofing manufacturer, GAF, to offer homeowners elegant, roof-integrated solar options through a national network of roofing partners. The company’s leading product, Timberline Solar, incorporates the world’s first nailable solar shingle to create an attractive, durable, and reliable solar roof. GAF Energy’s products have received numerous awards and honors, including the Fast Company 2022 World Changing Ideas Award, the CES Best of Innovation Award, named The Best Solar Shingle by CNET, and an NAHB Best of IBS Award. GAF Energy develops and assembles its products in the United States at its facilities in California and Texas.",Renewable Energy Equipment Manufacturing,201-500 employees,Privately Held,"San Jose, California",United States,gaf.energy,https://www.linkedin.com/company/gaf-energy,TRUE,TRUE,https://gaf.energy/en-us/blog/in-your-community,FALSE,TRUE,,,,,,,,,,,,,,,,,,
,,GenPro Energy Solutions,"GenPro is a quality-centric energy solutions provider focused on offering and delivering the best Engineering, Procurement and Construction services in the energy industry. By embracing a culture of health, safety and environmental stewardship nurtured in an atmosphere of optimism, teamwork, creativity, and resourcefulness, we service each client in an open and ethical manner that drives results.",Services for Renewable Energy,51-200 employees,Privately Held,"Piedmont, SD",United States,genproenergy.com,https://www.linkedin.com/company/genproenergy,TRUE,TRUE,https://genproenergy.com/,FALSE,TRUE,❌ No relationships found,,,,,,,,,Found 1 People,,,,,,✅ Sent,,
,,GenRenew,GenRenew is a fully integrated solar installation company located in NJ. We focus mainly on supporting commercial projects from 50kW - 4mW. We also support residential sales organizations for multiple installations. This is the generation that helps save our planet and we plan on helping the companies that develop these projects to build a brighter future together,Solar Electric Power Generation,11-50 employees,Privately Held,"1, New Jersey",United States,genrenew.com,https://www.linkedin.com/company/genrenew,TRUE,TRUE,https://genrenew.com/services/commercial-solar,FALSE,TRUE,❌ No relationships found,,,,,,,,,❌ No Profile Found,✅ Found 10 people,,,,,✅ Sent 0 rows,,
,,GeoPeak Energy,"GeoPeak Energy is a global turnkey renewable energy solutions company that designs, deploys, owns, and operates renewable energy systems. Through innovative technologies and exceptional customer service, we deliver high quality solutions that enable our customers to reach their cost reduction and sustainability goals.

We offer both solar energy systems for homes and renewable energy solutions for businesses including: solar energy installation, project management,  solar project financing, project management, solar leases, Power Purchase Agreements (PPAs), energy system ownership, wind turbined wind turbines , system monitoring, and more. 

GeoPeak Energy also specializes in seamless and integrated technology platforms that allow its customers to track and report their carbon reduction and sustainability initiatives globally.

Connect with Us! 
http://www.facebook.com/GeoPeakEnergy
https://twitter.com/geopeak
http://www.youtube.com/user/GeoPeakEnergy",Renewables & Environment,51-200 employees,Privately Held,"Somerset, NJ",United States,geopeakenergy.com,https://www.linkedin.com/company/geopeak-energy-llc,TRUE,TRUE,http://www.geopeakenergy.com/,FALSE,TRUE,❌ No relationships found,,,,,,,,,❌ No Profile Found,✅ Found 10 people,,,,,✅ Sent 0 rows,,
,,GeoscapeSolar,"Our mission is to build a more sustainable future. Geoscape Solar develops creative options to transition to solar energy in the way that makes the most sense for each client. Our transparent and consultative process, combined with their expertise in engineering and finance, allows them to create the right solution for your energy needs, lowering expenses and ensuring return on investment while reducing your carbon footprint.

What does it mean to be a part of Geoscape Solar?
Our Culture
Geoscape is committed to creating a culture of positivity, respect, diversity, equity, inclusion, and performance.
· United around our Mission and Core Values
· Family-oriented, Respectful and Supportive
· We are diverse in race, ethnicity, gender, age, sexual orientation, faith, veteran status, ability, and much more. We celebrate these differences.
· Value everyone and their unique contributions
· Open door policy
· Focus on the Positive
· Data Driven and Performance-based
· Recognize & Appreciate
· Think Like Customers and Act Like Owners - We are in the business of referrals – creating a great customer experience is critical to our business model
· Flexible and Nimble
· Find A Better Way: Innovation and continuous improvement; Constantly seeking personal and professional growth
· Do the Right Thing: Be guided by a solid moral compass. Stand for what is just and right; and hold ourselves to a high level of ethical standard.",Renewable Energy Semiconductor Manufacturing,51-200 employees,Privately Held,"Florham Park, New Jersey",United States,geoscapesolar.com,https://www.linkedin.com/company/geoscapesolar,TRUE,TRUE,https://geoscapesolar.com/non-profit/,FALSE,TRUE,❌ No relationships found,,,,,,,,,❌ No Profile Found,✅ Found 10 people,,,,,✅ Sent 0 rows,,
,,Glaser Solar Inc,"We provide renewable energy solutions for residential and commercial applications. $0 down, 0 payments for 12 months, We do all the work, 25 year guarantee, only the best products installed.",Services for Renewable Energy,2-10 employees,Privately Held,"Northglenn, Colorado",United States,glasersolar.com,https://www.linkedin.com/company/glaser-solar-inc,TRUE,TRUE,https://glasersolar.com/commercial-solar-installation,FALSE,TRUE,❌ No relationships found,,,,,,,,,,,,,,,,,
,,Glyde Solar,"The Glyde Solar mission is to make going solar simple and smooth. Since the process of installing solar can sometimes see daunting and lengthy, we create a seamless experience to help you easily transition for traditional power to clean solar energy.",Renewables & Environment,51-200 employees,Privately Held,"Draper, Utah",United States,glydesolar.com,https://www.linkedin.com/company/glydesolar,TRUE,TRUE,https://glydesolar.com/solar-power/,FALSE,TRUE,❌ No relationships found,,,,,,,,,Found 3 People,,,,,,✅ Sent 3 rows,,
,,Go Green Solar,"In 2006, GoGreenSolar.com was founded and operated out of a garage, the website quickly became one of the top online destinations to purchase solar panels, wind turbines, LED lights and other energy saving products. 

Since its humble beginnings of getting people started with green energy the website evolved into GigaWatt, Inc., a multimillion dollar horizontally integrated green energy corporation. 

In addition to its core business of sales and distribution of green energy products through GoGreenSolar.com, the company designs, manufacturers and installs green power systems for both ratepayers and public utilities. The company is a California C-10 Electrical Contractor #972791

Our accomplishments include:

-Featured in Entrepreneur, Inc., greentechmedia, Renewable Energy World
-First company to supply CBS's The Price is Right, a grid tie solar system as prize for the show. 
-Helped build the world's first grid tie solar bus shelter that produces over 1kW of AC power. 

Our company enables you to:

-Get your green energy projects done on time and budget
-Procure green energy at prices that are competitive to traditional energy sources. 
-Install solar panels beyond roof and precious undeveloped land by leveraging existing infrastructure within our communities. 

GoGreenSolar.com is a trademark owned by GigaWatt, Inc.",Solar Electric Power Generation,11-50 employees,Privately Held,"Anaheim, California",United States,gogreensolar.com,https://www.linkedin.com/company/gogreensolarcom,TRUE,TRUE,http://gogreensolar.com,FALSE,TRUE,❌ No relationships found,,,,,,,,,,✅ Found 10 people,,,,,,,
,,Go Solar Power,"Headquartered in Florida, Go Solar Power is the leading Solar, Battery, and Roofing contractor in our 8 states- CA TX AL NC SC GA FL LA for homeowners and building owners.  Go Solar Power provides a holistic energy approach analyzing the energy consumption, energy efficiency opportunities, demand charges, age of the roof, and more.  
   Go Solar Power is a full service, turn key contractor- Sales, Design, Engineering, Operations, Installation, Service, and Financing.  We have many financing options for both homeowners and commercial building owners to meet the energy needs, budget, and tax appetite.  
   With over 4,000 solar installations, Go Solar Power was rated #100 on the Inc.5000 fastest growing companies.  The highest ranked Solar Contractor on the list.  GSP  goes from sales to install in 30-60 days.  Let Go Solar Power provide you with a complimentary Solar Savings Plan for your home or business!",Renewable Energy Semiconductor Manufacturing,51-200 employees,Privately Held,"Boca Raton, Florida",United States,gosolarpower.com,https://www.linkedin.com/company/go-solar-program,TRUE,TRUE,https://gosolarpower.com/commercial-solar/,FALSE,TRUE,❌ No relationships found,,,,,,,,,❌ No Profile Found,✅ Found 10 people,,,,,✅ Sent 0 rows,,
,,God Given Energy,We are a renewable energy consulting firm that represent the best interests of residential and commercial clients at no cost. We are committed to providing a solace solar experience for all. Our focus is on educating clients and supporting organizations that protect clients in the renewable energy industry.,Services for Renewable Energy,2-10 employees,Self Owned,Florida,United States,godgivenenergy.com,https://www.linkedin.com/company/god-given-energy,TRUE,TRUE,https://godgivenenergy.com,FALSE,TRUE,❌ No relationships found,,,,,,,,,❌ No Profile Found,❌ No people found,,,,,✅ Sent 0 rows,,
,,Gold Path Solar,"Gold Path Solar is dedicated to supporting every property owner on their journey to energy freedom. Through a holistic approach, GPS utilizes industry expertise and a commitment to a positive customer experience to personalize home solar solutions.",Construction,11-50 employees,Privately Held,"Dublin, Ohio",United States,goldpathsolar.com,https://www.linkedin.com/company/gold-path-solar,TRUE,TRUE,https://goldpathsolar.com/why-solar/commercial,FALSE,TRUE,❌ No relationships found,,,,,,,,,❌ No Profile Found,✅ Found 7 people,,,,,✅ Sent 0 rows,,
,,Golden Group Roofing,"Why choose our roofing company for your next roofing or home project?
When you're working with the Golden Group Roofing Company team you're choosing a proven process to get your project to the finish line. We pride ourselves on the way our roofing contractors make you feel - we know your home is your biggest investment and we treat it with care.
Our growth in becoming a roofing industry leader is attributed to those hospitality feels aligning with the bigger picture that roofing is a need, and a roof protects a home, the place that matters most.
It took us time to get here, but we've earned our place as a leader in the roofing industry with our commitment to the homeowners, to our manufacturers, and to the innovations that affect the roofing process.",Construction,11-50 employees,Privately Held,"HUDSON, Massachusetts",United States,goldengrouproofing.com,https://www.linkedin.com/company/golden-group-roofing,TRUE,TRUE,http://goldengrouproofing.com,FALSE,TRUE,❌ No relationships found,,,,,,,,,❌ No Profile Found,✅ Found 10 people,,,,,✅ Sent 0 rows,,
,,Golden Solar Electric LLC,Golden Solar is a locally owned residential and commercial installer of quality solar electric (photovoltaic) systems.  We guarantee our labor for 10 years.  Materials are typically warrantied for 10-25 years.  We also do removal and reinstallation of panels for roof replacements and other solar electric system maintenance.  We install batteries for backup or off-grid solar electric systems.,Construction,11-50 employees,Privately Held,"Golden, Colorado",United States,goldensolar.net,https://www.linkedin.com/company/golden-solar,TRUE,TRUE,https://goldensolar.net/denver-commercial-solar-panel-system,FALSE,TRUE,❌ No relationships found,,,,,,,,,Found 2 People,,,,,,✅ Sent 2 rows,,
,,"Goldin Solar, LLC","Goldin Solar is a South Florida solar energy contractor. Founded in Miami, we are Committed to serving the South Florida community leading in the transition to clean energy. Goldin Solar is dedicated to serving people and the planet they live on. Relying on our strong background in engineering and construction, we believe in delivering only the highest quality installations, utilizing the best materials available on the market. Where pride in workmanship meets the beautiful aesthetic of solar photovoltaic energy. Installing affordable, high performance systems, we work with our customers to connect systems that rapidly return the investment and turn into assets with high returns. Why not reduce or eliminate your power bill? Turn your rooftop into a clean energy source of revenue - that is what we are here for.",Construction,11-50 employees,Self Owned,"Doral, Florida",United States,goldinsolar.com,https://www.linkedin.com/company/goldin-solar-llc,TRUE,TRUE,https://goldinsolar.com/commerical,FALSE,TRUE,❌ No relationships found,,,,,,,,,Found 2 People,,,,,,✅ Sent 2 rows,,
,,Good 3nergy Solar Brokerage & Commercial Turbine Brokerage,"Good 3nergy Solar Brokerage is a one stop shop for all of the major solar installers in your area. We save people time and money, by getting quotes from many solar companies and narrow down the available options in regards to a solar panel installation that best fits your needs. Not every home or business is a perfect match for solar power. We have the experience and knowledge to provide an unparalleled match based on building structure, power consumption, and equipment factors. Give us a call or send an email, and let Good 3nergy match you with the perfect solar system.

407-413-1144
WWW.GOOD3NERGY.COM
HELLO@GOOD3NERGY.COM",Environmental Services,51-200 employees,Privately Held,"Orlando, Florida",United States,good3nergy.com,https://www.linkedin.com/company/good3nergy,TRUE,TRUE,https://good3nergy.com/basic-01,FALSE,TRUE,❌ No relationships found,,,,,,,,,Found 1 People,,,,,,✅ Sent,,
,,Good Energy,"With Good Energy, households and businesses have saved hundreds of millions of dollars through community-centric energy buying and superior energy demand-reduction solutions. Nearly two decades ago, Good Energy and its founders pioneered aggressive energy procurement strategies, leading to today’s community energy-aggregation initiatives, enabling governments and residents to pool energy buying for lower electric rates overall.

The national leader in structuring and implementing community choice aggregation programs along with government energy-aggregation programs. Through such community choice aggregation programs, Good Energy serves more businesses and residents than any other energy consultant. With more than 200 Community Energy Aggregation programs representing more than 1 million households, Good Energy manages energy procurement for 1 percent of the U.S. population.

Good Energy is on the leading edge of ever-changing technologies and energy-efficient product innovations and solutions, such as community solar. And an expert in retail energy commodity supply, Good Energy specializes in several procurement categories including electricity, natural gas, fuel oil, efficiency projects, demand response and renewable-energy certificates. Good Energy also provides a variety of regional services involving local laws such as Benchmarking, Retro Commissioning, Predominant Use Studies and Municipal Energy Tax assessments.

Find out how Good Energy can help your business or community with a no-obligation, no-upfront-fee, comprehensive cost study to review all energy expenses and identify potential savings.",Utilities,11-50 employees,Privately Held,"New York, New York",United States,goodenergy.com,https://www.linkedin.com/company/good-energy-lp,TRUE,TRUE,https://goodenergy.com/worship/,FALSE,TRUE,❌ No relationships found,,,,,,,,,,,,,,,,,
,,Good Energy Solutions,"Good Energy Solutions is a full service energy partner that provides comprehensive solar consulting and electrical services to both residential and commercial clients in northeast Kansas and the Kansas City area. Founded in 2007, Good Energy Solutions has earned a reputation of reliable service, expertise, and quality workmanship. We proudly install Maxeon and REC solar panels along with offering battery backup systems from Tesla and Enphase.

Our Mission is: To provide our customers with honest, real solutions to reduce their fossil fuel consumption and lower their long term energy costs.",Renewable Energy Power Generation,11-50 employees,Privately Held,"Lawrence, KS",United States,goodenergysolutions.com,https://www.linkedin.com/company/good-energy-solutions,TRUE,TRUE,https://goodenergysolutions.com/projects/,FALSE,TRUE,❌ No relationships found,,,,,,,,,❌ No Profile Found,✅ Found 10 people,,,,,✅ Sent 0 rows,,
,,Good Faith Energy,"Good Faith Energy’s vision is to transform our energy ecosystem through smart, sustainable, reliable technology while providing a lasting social & environmental impact.

Our Core Values are Respect, Integrity, Service, & Excellence.

We believe in crafting tailor-made energy solutions for our clients while serving them a best-in-class customer service experience.

We also believe in the universal treatment of others in good faith, people & nature alike. And we also believe in business as a force for good.

Good Faith Energy is a Tesla Certified Installer of Solar Roof, Powerwall, and Electric Vehicle Charging Stations.

We are also an Elite Installer of Panasonic Solar, Certified Installer of REC Solar, & Enphase Gold-level Installer",Services for Renewable Energy,51-200 employees,Privately Held,"Addison, Texas",United States,goodfaithenergy.com,https://www.linkedin.com/company/good-faith-energy,TRUE,TRUE,https://goodfaithenergy.com/solar/commercial-solar,FALSE,TRUE,❌ No relationships found,,,,,,,,,Found 1 People,,,,,,✅ Sent,,
,,"Granite State Solar, LLC","Granite State Solar is a design, sales, distribution and integrator of solar energy systems. We provide customized energy solutions and services at affordable prices, using leading edge products with innovative system designs.

We are able to offer our many years of knowledge and provide you with a system that will supply you with economical energy for many years to come!",Utilities,11-50 employees,Partnership,"Bow, NH",United States,granitestatesolar.com,https://www.linkedin.com/company/granite-state-solar-llc,TRUE,TRUE,https://granitestatesolar.com,FALSE,TRUE,❌ No relationships found,,,,,,,,,❌ No Profile Found,✅ Found 10 people,,,,,✅ Sent 0 rows,,
,,"Green Alternatives, Inc.","Green Alternatives, Inc. offers clean and efficient PV solar and energy options to homes, businesses, farms and schools in North Central Indiana - energy generation, backup storage, or microgrid - options that make environmental and economic sense. GAI offers turnkey design, installation, and interconnection of solar energy systems to help anyone looking to reduce their energy consumption and prepare for the future with energy storage options. We have 40+ years of experience in electrical design and implementation. Call us today and start preparing your energy system for the future!",Renewable Energy Semiconductor Manufacturing,11-50 employees,Privately Held,"Flora, Indiana",United States,gai.energy,https://www.linkedin.com/company/green-alternatives-inc,TRUE,TRUE,https://www.gai.energy/commercial-case-studies/,FALSE,TRUE,❌ No relationships found,,,,,,,,,Found 1 People,,,,,,✅ Sent,,
,,Green House Solar,"We are a NABCEP certified PV Installer as well as New Jersey licensed Electrical Contractor. We are a local reputable PV  and Electrical Contractor. All our design, permitting, installation and commissioning are done in-house. While Solar and Energy Storage is our main focus, we also specialize in Electrical Contracting, Green Electrical Upgrades such as LED Retrofits and Electric Vehicle Charging, and Back Up Power Systems such as  Generator Installations and Battery Backup Systems.",Construction,2-10 employees,Privately Held,"Madison, New Jersey",United States,greenhouse.solar,https://www.linkedin.com/company/green-house-solar,TRUE,TRUE,https://greenhouse.solar/commercial-solar-installation,FALSE,TRUE,❌ No relationships found,,,,,,,,,,✅ Found 10 people,,,,,,,
,,Green Lantern Solar,"Green Lantern Solar is a vertically integrated regional renewable energy development company with a particular emphasis on turn-key commercial solar solutions for municipal, education, healthcare and government entities. Green Lantern works with landowners to revitalize and re-develop low-value sites such as brownfields, landfills, quarries/pits/extraction sites and other challenging real estate. The company provides a full suite of services: development, financing, construction and operations, maintenance and asset management.",Solar Electric Power Generation,11-50 employees,Privately Held,"Waterbury, VT",United States,greenlanternsolar.com,https://www.linkedin.com/company/green-lantern-solar,TRUE,TRUE,https://greenlanternsolar.com/our-work/,FALSE,TRUE,❌ No relationships found,,,,,,,,,Found 3 People,,,,,,✅ Sent 3 rows,,
,,Green Leaf Construction,"With over 40 years of experience in building commercial, industrial and educational facilities the executive leadership of Green Leaf Construction combine expert knowledge with an client-oriented workflow to efficiently deliver best-value construction solutions.

Go Green
Green Leaf Construction is committed to environmental sustainability. Our construction professionals are LEED Accredited and experienced in sustainable building methods, including solar and geothermal system installations.

Serving Your Needs
Located centrally in Leominster, Mass., Green Leaf Construction serves the greater New England area with design-build, preconstruction, construction management and general contracting services.",Construction,11-50 employees,Privately Held,"Leominster, Massachusetts",United States,greenleafcm.com,https://www.linkedin.com/company/green-leaf-construction,TRUE,TRUE,https://www.greenleafcm.com,FALSE,TRUE,,,,,,,,,,,,,,,,,,
,,Green Roof Technology - Jörg Breuning ,"Nationwide Leadership in Green Roofs and Solar Garden Roofs

Green Roof Technology and was the first company in North America specializing in highly professional green roof consulting. The founder Jorg Breuning has over 42 years of green roof experience which is by far unmatched in Northern America. 

Already In 1983 Jorg Breuning earned his first certification as a Green Roof installer and Green Roof professional long before any country outside Europe were aware of modern Green Roof technology. 

Green Roof Technology, Jorg Breuning is the foremost source for green roof advice in regards of green roof design, specification, green roof solutions, green roof research. Green Roof Technology has designed engineered, supervised, installed, evaluated, and maintained multi-millions of square feet of green roofs, green infrastructure, green wall projects, and greenings of extreme locations. 
The unsurpassed background of Green Roof Technology / Jorg Breuning has all the best assets to team with architects, landscape architects, developer, general contractors, roofing manufacturers and installers, landscaping companies, suppliers or structural engineers to foster highest quality for any green roof application or any green roof systems for commercial, residential, and institutional structures which includes new construction, retrofits and ongoing maintenance services.   

Green Roof Technology / Jorg Breuning creates experts, brings experts together, introduces sustainable and resilient components and points out opportunities for new comers in the industry.  

Green Roof Technology focuses on living plants and on circular economy with less or no plastic.",Environmental Services,2-10 employees,Privately Held,Baltimore,United States,greenrooftechnology.com,https://www.linkedin.com/company/greenrooftechnology,TRUE,TRUE,https://greenrooftechnology.com,FALSE,TRUE,❌ No relationships found,,,,,,,,,Found 1 People,,,,,,✅ Sent,,
,,Green Water and Power,"Green Water and Power is America's #1 electric vehicle charger installer with over 8000 chargers deployed nationally.  We design, permit, construct and commission all our projects.  Once operational we monitor, maintain, troubleshoot and repair all our installations. We utilize our exceptional in-house experts to provide maximal efficiency and end-to-end oversight of our projects from design to operations & maintenance.",Services for Renewable Energy,51-200 employees,Privately Held,"Los Angeles, California",United States,greenwaterandpower.com,https://www.linkedin.com/company/green-water-and-power,TRUE,TRUE,https://www.greenwaterandpower.com/property/nonprofit,FALSE,TRUE,❌ No relationships found,,,,,,,,,Found 1 People,,,,,,✅ Sent,,
,,Green Wave Solar,"Solar Energy company based out of Nashville, TN. We provide turnkey solar solutions for residential and commercial customers in the TVA region. We sell, design, engineer, install and commission solar energy projects for businesses and homeowners. We work with the local utilities, state and local inspectors, Tennessee Valley Authority, and other professionals in the industry to provide the market knowledge, technical and development expertise, sales channels, and working capital needed for success.",Renewables & Environment,11-50 employees,Privately Held,"Murfreesboro, Tennessee",United States,greenwavesolar.com,https://www.linkedin.com/company/ljc-holdings-llc,TRUE,TRUE,https://greenwavesolar.com/commercial-solar,FALSE,TRUE,❌ No relationships found,,,,,,,,,❌ No Profile Found,✅ Found 7 people,,,,,✅ Sent 0 rows,,
,,Green-Energy-Products.Com LLC,"Green-Energy-Products is a full-service energy efficiency distributor that offers turn-key product solutions and specializes in state-of-the-art green technology. It has actively encouraged vendors to submit products for LED Lighting Facts labels before they will be considered for purchase. Green-Energy-Products is committed to asking for an LED Lighting Facts label for each LED product it sells so customers can be assured that the products they are purchasing will perform as promised. 


The Process:
We make going green easy. The process is painless, quick and educational (in a fun way). Simply give us a call and we will set up an appointment with one of our energy consultants who will come in and do a quick survey of your property. They will discuss with you your goals and your budget; from there we will create an individualized proposal for your review. Once the process starts we will be on-hand throughout to manage the project and to make sure we are as minimally invasive as possible – one of our stated goals is to make this as simple and painless as possible so that you can continue on with your home life or your business without having to worry.",Environmental Services,2-10 employees,Privately Held,"Pinecrest, FL",United States,green-energy-products.com,https://www.linkedin.com/company/green-energy-products,TRUE,TRUE,http://green-energy-products.com,FALSE,TRUE,❌ No relationships found,,,,,,,,,❌ No Profile Found,✅ Found 4 people,,,,,✅ Sent 0 rows,,
,,GreenBrilliance,"GreenBrilliance provides turnkey, Made-in-USA, solar solutions in Virginia, Maryland, Washington DC, New Jersey, Pennsylvania, Delaware, and West Virginia. We customize our solutions for residential, commercial and government needs.",Renewables & Environment,51-200 employees,Privately Held,"Herndon, Virginia",United States,greenbrilliance.com,https://www.linkedin.com/company/greenbrilliance,TRUE,TRUE,https://greenbrilliance.com,FALSE,TRUE,❌ No relationships found,,,,,,,,,Found 2 People,,,,,,✅ Sent 2 rows,,
,,Greenlink Energy Solutions,"Greenlink Energy Solutions is located in Rockford, IL and Madison, WI. Our focus is to provide your home, business, or building the most efficient and optimal solutions to increase performance, air quality (reduce VOCs - Volatile Organic Compounds such as mold spores, allergens, dust, pollutants, etc.), durability, and most important—comfort.

We guarantee high quality work which provides the best results; this means decreased utility bills, higher level of comfort, eliminating drafts, and ensuring all aspects of a home or building are at peak and optimal performance. 

In order to provide these solutions, Greenlink utilizes the latest building science methods for insulation, ventilation, HVAC, solar panels / renewable energy, windows and doors, and indoor air quality:
 - Closed Cell Spray Foam Insulation
 - Roof Ventilation Installation and Repair
 - Mechanical Ventilation Systems: ERVs and HRVs - Purify your air and create a clean home by reducing dust and air pollutants.
 - High Performance Recycled Loose-fill / Blown-in Cellulose
 - Solar Panel Planning, Design, and Implementation: Our experienced and state certified team creates the optimal solar plan for your home or office.
 - Furnace Installation / Upgrade, Air Conditioning Unit (AC) Installation / Upgrade
 - Duct System Evaluation and Calibration: Duct sealing for leaks and gaps, monitoring air flow, and upgrading any aspect of the system as needed to ensure consistent air flow and air quality.
 - We insulate New Construction, Commercial Properties including Multi-Family Units, and Residential: Attic Insulation, Wall Insulation, Rim Joist / Band Joist Insulation, and more.
 - Attic Restoration: Removal of pest odors/feces and damage, mold remediation, complete removal of debris/trash, and re-insulation.

We're partnered with programs Wisconsin and Illinois to provide financing, discounts, and incentives for your home or place of business. This includes Focus on Energy of Wisconsin and Nicor Gas of Illinois.",Construction,11-50 employees,Privately Held,"Rockford, Illinois",United States,usgreenlink.com,https://www.linkedin.com/company/greenlink-energy-solutions-inc,TRUE,TRUE,https://usgreenlink.com/webinar/,FALSE,TRUE,❌ No relationships found,,,,,,,,,❌ No Profile Found,✅ Found 10 people,,,,,✅ Sent 0 rows,,
,,GreenLogic Energy,"GreenLogic was founded in 2005, making us one of the longest standing solar power providers on Long Island. Since then, we’ve helped our customers save millions in energy bills. Our quality, reliability and high level of performance have made us one of the most referred solar panel companies on the Island. The longevity we’ve enjoyed is thanks to our talented team of energy consultants, designers, installers and customer service representatives, all of whom are some of the most educated and experienced solar power professionals in the area.",Renewable Energy Semiconductor Manufacturing,11-50 employees,Privately Held,"Southampton, New York",United States,greenlogic.com,https://www.linkedin.com/company/greenlogic-llc,TRUE,TRUE,https://greenlogic.com/about,FALSE,TRUE,❌ No relationships found,,,,,,,,,❌ No Profile Found,✅ Found 10 people,,,,,✅ Sent 0 rows,,
,,GreenMarbles,"At GreenMarbles, we believe in challenging convention and never settling.  
With sustainability at our core, we're constantly establishing new and innovative ways to approach solutions with our partners and clients.  Through integrated technology, we enable a curb-to-core solution, delivering improved NOI for our clients and elevated living experiences for their customers. 

As one of our core offerings, we're proud to bring HomeLink Smart Home Solutions to market as the leading smart, sustainable technology solution for production and custom home builders, and all forms of multi-family properties.

Our unique programs enable our partners to offer smart, safe, sustainable solutions for residential, commercial, and multi-family communities across North America and many business verticals.  We design, install, support and finance a wide range of new home and multi-family projects, working with our clients through every step of the journey.  Partnering with us, you'll experience world class support, vendor consolidation, rationalized costs, and the introduction of new profit centers. 

Based in Northern Virginia and Southern California, our team brings together decades of experience in technology, finance, operations and world-class support to deliver an outstanding experience for our clients, every time. 

We thrive on your success and recognize that looks different for every partner, which is why we start every engagement with the most important question: How can we help?",Information Technology and Services,51-200 employees,Privately Held,"Newport Beach, CA",United States,greenmarbles.com,https://www.linkedin.com/company/greenmarblesllc,TRUE,TRUE,https://greenmarbles.com/commercial-grade-solutions,FALSE,TRUE,❌ No relationships found,,,,,,,,,,,,,,,,,
,,Greenshine New Energy LLC,"Greenshine New Energy (Greenshine), a US solar lighting manufacturer, develops and manufactures customized solar powered lighting systems for a wide range of lighting applications.

We specialize in solar street lights, parking lot lighting, pathway and trail lighting, and more. Our lights can be installed anywhere, especially areas where grid tied electricity is not available. Greenshine aims to provide advanced solar powered technology that is affordable, reliable and long term.",Renewable Energy Semiconductor Manufacturing,51-200 employees,Privately Held,"Lake Forest, California",United States,streetlights-solar.com,https://www.linkedin.com/company/greenshine-new-energy-co-ltd,TRUE,TRUE,https://streetlights-solar.com/solar-lights-for-school-and-corporate-campuses.html,FALSE,TRUE,❌ No relationships found,,,,,,,,,❌ No Profile Found,✅ Found 3 people,,,,,✅ Sent 0 rows,,
Added: Reached out to Head of Capital Markets - super seasoned. 1 mw looks small for them. Did a project for Weslyan. Reached on linked in to connect https://www.linkedin.com/in/mikeziemke/,,Greenskies Clean Focus ,might be too big ,,,,,,,,,,,,,,,,,,,,,,,,,,,,,,
,,Greenway Solar,"Greenway Solar is the trusted leader in solar energy and battery storage across Minnesota, Iowa, and Wisconsin. As a Certified Premier Installer of Tesla Solar Roof and Powerwall, we combine cutting-edge technology with stunning design to deliver sustainable energy solutions tailored to your home. 

With over 25 years of expertise, we specialize in collaborating with top builders and architects to create seamless, high-quality solar installations. We pride ourselves on our no-pressure sales philosophy and focus on building trusting, long-term relationships with our clients. 

As the Midwest's leading Tesla Solar Roof installer, Greenway Solar brings unparalleled craftsmanship and attention to detail to every installation. We’re more than a solar company, we’re a team of designers, architects, and construction experts dedicated to transforming how homes harness energy. With more Tesla Solar Roof installations than any other company in the Midwest, we’re proud to lead the region in innovation and expertise.

Our commitment to community shines through our low-income solar gardens, which support over 200 families through partnerships with MRES, Xcel Energy, and the City of Minneapolis. 

Experience beautiful designed energy solutions with Greenway Solar.
Contact us today!",Renewables & Environment,11-50 employees,Privately Held,"Minneapolis, Minnesota",United States,greenwaysolar.org,https://www.linkedin.com/company/greenwaysolar,TRUE,TRUE,http://greenwaysolar.org/community-solar-garden,FALSE,TRUE,❌ No relationships found,,,,,,,,,❌ No Profile Found,✅ Found 6 people,,,,,✅ Sent 0 rows,,
,,Greenwood Sustainable Infrastructure,"Greenwood Sustainable Infrastructure (GSI) is a renewable energy company focused on the development, construction and operation of distributed generation and utility-scale solar energy and battery storage projects in North America. Established in 2010, the company has developed over 40 renewable energy projects, many of which are still owned or operated by GSI. Combining technical, financial, and operational expertise, GSI successfully executes transactions that create both scale and value.",Renewable Energy Semiconductor Manufacturing,11-50 employees,Privately Held,"New York, NY",United States,greenwoodinfra.com,https://www.linkedin.com/company/greenwoodinfra,TRUE,TRUE,https://greenwoodinfra.com/about/,FALSE,TRUE,❌ No relationships found,,,,,,,,,Found 2 People,,,,,,✅ Sent 2 rows,,
,,GS Power Partners,"GS Power Partners, a leading Independent Power Producer (IPP), acquires, develops, finances and owns distributed generation (DG) commercial and industrial (C+I) and community solar projects. Since the company’s founding in 2015, GS Power Partners has been fully focused on project development in the DG solar sector. Backed by CVC DIF, a global investment firm with almost $20 billion in assets under management, the company maintains a portfolio of 350+ megawatts of solar assets, mainly concentrated in the Northeast and Midwest. GS Power Partners advances the clean energy transition through responsible investments and long-term partnerships.",Solar Electric Power Generation,51-200 employees,Privately Held,"New York, NY",United States,gspowerpartners.com,https://www.linkedin.com/company/gs-power-partners,TRUE,TRUE,https://gspowerpartners.com,FALSE,TRUE,❌ No relationships found,,,,,,,,,Found 9 People,,,,,,✅ Sent 9 rows,,
,,GUYOU CONSTRUCTION INC,"At Guyou Construction, we’re at the forefront of energy efficiency and sustainability in Southern California providing Engineering, Procurement and Construction (EPC) services. With over 12 years in the industry and more than 1,100+ five star reviews, we specialize in solar and roof installations, transforming homes with cutting-edge renewable technologies.

Our partnerships with leading B2B companies and our dedication to innovation set us apart. As a trusted partner for publicly traded companies, we bring top-tier expertise and exceptional service to every project.

Let’s connect and discuss how we can collaborate to build a greener, more energy-efficient future.


Licenses & Certifications:

California State Licenses:

B - General Contractor 

C-10 - Electrical Contractor 

C-46 - Solar Contractor 

C-39 - Roofing Contractor 

NABCEP Installation Professional


Certifications: 

Tesla Installer

Tesla ESS

Tesla Inverters

Solar Edge Inverters

Solaredge ESS 

Delta Inverters 

Franklin Energy ESS 

Enphase Inverters

Enphase ESS

Owens Corning Platinum Roofing Contractors

NABCEP Certified PV Installation Professionals

Board Certified Safety Professionals (BCSP)

OSHA 500 & OSHA 510 

Registered Contractor: Department of Industrial Relations (DIR)

Operations and Maintenance (O&M) Residential and Commercial

Service Department Servicing Existing Systems for Orphan Customers",Construction,51-200 employees,Privately Held,"Riverside, California",United States,guyouconstruction.com,https://www.linkedin.com/company/guyou-construction-inc,TRUE,TRUE,https://www.guyouconstruction.com/,FALSE,TRUE,❌ No relationships found,,,,,,,,,Found 1 People,,,,,,✅ Sent,,
,,Halco,"Halco is a highly accredited, national award-winning contractor that has been providing high-quality solutions to residential and commercial clients since 1984. We have divisions that offer high-efficiency heating and cooling systems, plumbing and electrical solutions, home energy assessments, insulation and air-sealing, clean renewable energy systems and so much more! We are dedicated to quality work, sustainability, innovation, and to providing extraordinary service to our clients. We are open 24/7/365 and offer 24-hour emergency service.",Renewable Energy Semiconductor Manufacturing,51-200 employees,Privately Held,"Phelps, NY",United States,halcoenergy.com,https://www.linkedin.com/company/halco,TRUE,TRUE,https://halcoenergy.com/commercial-services.html,FALSE,TRUE,❌ No relationships found,,,,,,,,,Found 1 People,,,,,,✅ Sent,,
,,Halo Solar,"Halo Solar, LLC, is headquartered in Goodfield, Illinois. We have deep ties to our Central Illinois home and will remain dedicated to your needs now and for years to come. Our talented leadership team consists of North American Board of Certified Energy Practitioners (NABCEP) Certified Photovoltaics (PV) Technical Sales Professionals who have advanced degrees in renewable energy and solar energy systems. Not only does our team benefit from technical professionals but also people with a strong understanding of customers’ needs.  When customers work with Halo, LLC, they can rest assured, knowing they are working with a team dedicated to honesty, integrity, and understanding. We are invested in our community and will provide you the solar energy systems you need. Qualified customers will benefit from meeting with a member of the Halo Solar Solution team in person first to determine needs and then to discuss a customized solution.",Services for Renewable Energy,11-50 employees,Privately Held,"Goodfield, Illinois",United States,halosolar.net,https://www.linkedin.com/company/halo-solar,TRUE,TRUE,http://halosolar.net/services/commercial-solar,FALSE,TRUE,❌ No relationships found,,,,,,,,,Found 1 People,,,,,,✅ Sent,,
,,Hannah Solar,"Headquartered in Atlanta, Georgia, Hannah Solar is a full service solar integrator dedicated to providing the Southeast with the very best in engineering, products, installation and service of solar arrays, electric vehicle (EV) charging stations, energy storage systems and Generac critical backup generators. Our team is comprised of NABCEP certified experts, licensed master electricians in AL, GA, MS, NC, SC and TN, service technicians, project management professionals, business development managers, designers and installers—working together to serve our clients as a reliable and experienced resource in sustainable energy integration. 

Awards:

2016 Outstanding Campaign Partner- EarthShare of Georgia

2016 Atlanta's Best & Brightest Companies to Work For

2015 Metro Atlanta Chamber E3 Trident Award: CEO, Pete Marte

Ranked 53rd in the nation on Solar Power World’s 2015 Top 500 Solar Contractors list and 18th on the Commercial Top 50

Named one of America’s fastest-growing private companies for the second year in a row by Inc. 5000.

Selected as one of 2016's Best & Brightest Companies to work for in Atlanta.

CEO Pete Marte awarded at the White House as one of ten “Champions of Change” for efforts to promote and expand solar deployment in the residential, commercial and industrial sectors.

TAG Names Pete Marte of Hannah Solar 2014's Georgia Smart Energy Professional of the Year

Hannah Solar ranks in Atlanta Business Chronicle’s Pacesetter Awards two years in a row (2014, 2015)",Renewable Energy Semiconductor Manufacturing,51-200 employees,Privately Held,"Atlanta, Georgia",United States,hannahsolar.com,https://www.linkedin.com/company/hannah-solar-llc,TRUE,TRUE,https://hannahsolar.com,FALSE,TRUE,❌ No relationships found,,,,,,,,,Found 2 People,,,,,,✅ Sent 2 rows,,
,,"Hardt Electric, Inc.","Hardt Electric is a respected, industry leading electrical contractor based in Chicago, Illinois.  Founded in 1973, Hardt Electric was an early adopter of new technologies, lean construction practices and heavily invested in preparing a qualified electrical workforce of IBEW skilled electricians to safely and efficiently build the renewable energy infrastructure needed for the climate challenges ahead.

Hardt Electric’s portfolio spans over two decades of renewable energy experience, supporting the migration to clean transportation and electric vehicle charging infrastructure as well as providing solar, wind, energy reducing retrofit and energy storage solutions to clients across the commercial, industrial and residential markets.

Learn more about our company and capabilities at:
www.hardtelectric.com","Appliances, Electrical, and Electronics Manufacturing",11-50 employees,Self Owned,"Chicago, IL",United States,hardtelectric.com,https://www.linkedin.com/company/hardt-electric-inc-,TRUE,TRUE,https://hardtelectric.com/about-us,FALSE,TRUE,❌ No relationships found,,,,,,,,,❌ No Profile Found,✅ Found 10 people,,,,,✅ Sent 0 rows,,
,,Harvest Power LLC,"Harvest Power was established in 2008 as a program of Friendly Construction to help residential and commercial property owners achieve energy efficiency through solar. Today Harvest Power is one of the largest residential and commercial solar providers in New York State, and has expanded operations to surrounding States.

This family-owned Long Island business is committed to serving its clients, providing them with the highest quality product and offering service at the most affordable price possible. Harvest Power takes pride in its excellent safety and client satisfaction record while staying on the cutting edge of new solar technology that serves its client to the highest levels possible.",Renewable Energy Semiconductor Manufacturing,51-200 employees,Partnership,"Islip Terrace, New York",United States,harvestpowersolar.com,https://www.linkedin.com/company/harvest-power,TRUE,TRUE,https://harvestpowersolar.com,FALSE,TRUE,❌ No relationships found,,,,,,,,,Found 1 People,,,,,,✅ Sent,,
,,HARVEST SOLAR ENERGY LLC,"At Harvest Solar we take a holistic approach to energy including usage analysis with the goal of living comfortably with all the benefits of the modern age. Through the use of technologies like Solar electric, Solar thermal and Wind power, we strive to offer solutions for living in a more sustainable way.

Renewable energy is also more affordable in the long run and hence a great investment. With the 30% federal tax credit for qualifying systems we can offer systems that pay for themselves in 10 years and return over 8% year after year. Let us help you reduce your energy bill. We work with residential and commercial customers, architects, builders and homeowners across the southwest.",Renewables & Environment,2-10 employees,Self Owned,"Tulsa, OK",United States,harvestsolar.net,https://www.linkedin.com/company/harvest-solar-energy-llc,TRUE,TRUE,https://www.harvestsolar.net/,FALSE,TRUE,❌ No relationships found,,,,,,,,,,,,,,,,,
,,Haven Energy,"Energy independence is our future. With Haven, homeowners can save on energy and put an end to power outages with our full-service solar and battery systems. With solar and battery together, we believe we can accelerate the clean energy transition and create a better future for ourselves and the planet.",Services for Renewable Energy,11-50 employees,Privately Held,Los Angeles,United States,havenenergy.com,https://www.linkedin.com/company/haven-energy,TRUE,TRUE,https://havenenergy.com,FALSE,TRUE,❌ No relationships found,,,,,,,,,Found 1 People,,,,,,✅ Sent,,
,,HDM Renewable Finance,"HDM Renewable Finance was founded in 2017 by veteran residential solar sales and finance professionals dedicated to helping customers get the most out of solar energy. Our mission is to provide the simplest and most affordable path to energy savings and solar system ownership.

We specialize in innovative financing solutions, including prepaid power purchase agreements (PPAs) and no-money-down options, enabling homeowners, non-profits, and commercial property owners to lock in the lowest electricity rates in the industry. Our programs often allow for system ownership in as little as six years, maximizing the benefits of solar investment tax credits .

At HDM, we're not just financing clean energy—we're building the foundation for a more resilient, affordable, and accessible energy future for all.",Renewable Energy Semiconductor Manufacturing,11-50 employees,Privately Held,"San Diego, CA",United States,hdmrenewablefinance.com,https://www.linkedin.com/company/hdm-cap,TRUE,TRUE,https://www.hdmrenewablefinance.com/,FALSE,TRUE,❌ No relationships found,,,,,,,,,Found 1 People,,,,,,✅ Sent,,
,,Helio Solar Power,"We are solar experts.
Helio Solar Power is a turnkey energy provider that helps residential and commercial organizations evaluate solar energy options, capture cost savings incentives and realize the benefits of sustainable green power. We are experienced engineers, electricians, roofers and general contractors, all trained to provide affordable and lasting solutions for energy independence.",Solar Electric Power Generation,51-200 employees,Privately Held,"Saint Charles, Missouri",United States,heliosolarpower.com,https://www.linkedin.com/company/helio-solar-power,TRUE,TRUE,http://heliosolarpower.com/illinois-solar-for-all-non-profit-and-public-facilities,FALSE,TRUE,❌ No relationships found,,,,,,,,,❌ No Profile Found,❌ No people found,✅ 1 decision maker found,,,,✅ Sent 0 rows,,
,,Hello Sunray,"Headquartered in Akron, Ohio, Hello Sunray is an M7 Company specializing in turnkey renewable energy solutions. Hello Sunray provides comprehensive commercial solar design, installation, and support services to businesses and communities seeking a sustainable future across the Midwest.",Solar Electric Power Generation,11-50 employees,Privately Held,"Akron, Ohio",United States,hellosunray.com,https://www.linkedin.com/company/hello-sunray,TRUE,TRUE,https://hellosunray.com,FALSE,TRUE,❌ No relationships found,,,,,,,,,❌ No Profile Found,❌ No people found,✅ 1 decision maker found,,,,✅ Sent 0 rows,,
,,High Five Solar Permits | Expedited Permit Engineering,"Who we are::
High Five Solar is a one stop solution provider for solar companies and professionals throughout the US. In the industry since 1999, with our legacy of experience in providing design services, we achieve a 99%+ AHJ approval rate with designers working day/night in 3 shifts and with more than 40,000+ designs (YOY) worth of knowledge, we ensure the best quality solutions and fastest TAT for our customers, enabling quickest possible on-field installations. Designing the most practical, accurate and cost-effective solutions is our primary focus. We ensure minimum time loss on revisions, AHJ approvals and installations. Our focus is closing the gap between the time of sale and PTO with the most cost effective solutions.

We at High Five are a team of dynamic, knowledgeable, and experienced Design Engineers, CAD Professionals, PEs, and Permit Specialists trained to provide high quality designs with the fastest turnaround times on the market, ensuring no backlog while cutting costs. Our account managers are always available during your office hours to ensure priority projects are expedited.

Headquartered in Chicago, Industry Expert as our Local Representatives in major states/ cities, with our nationwide AHJ database we can cater to any volume of work throughout the US. High Five removes the need for an in-house solar design team. Our Service Specialties include:

Rapid Solar Designs (Residential, Commercial, and Utility)
Professional Structural and Electrical Engineering Stamps
Expedited Permit Applications
Dedicated Account Managers
Same-day Revisions at No Extra Cost
Designing PV Sales Proposals (Prelim Report, Shade Analysis and Reports)
24X6 Customer Support
Less than 6 Hrs Design TAT 
Customer Templates for Expedited Designs 
No Additional Cost for Battery Designs
Strict Quality Control

To Know more visti our website at :  https://highfivepermits.com/",Services for Renewable Energy,51-200 employees,Privately Held,"Chicago, Illinois",United States,highfivepermits.com,https://www.linkedin.com/company/highfivesolar,TRUE,TRUE,https://highfivepermits.com/service/preliminary-designs,FALSE,TRUE,,,,,,,,,,❌ No Profile Found,✅ Found 10 people,,,,,✅ Sent 0 rows,,
,,Hightower Industries LLC Commercial Roofing,"Hightower Industries is officially becoming Weather Shield Roofing Systems, and we’re excited to share what that means for our customers across Florida. 

If you’ve worked with Hightower Industries before, you already know the level of care, craftsmanship, and commitment we bring to every project. Since 2019, we've proudly served the state of Florida. Now, with our rebranding, we’re taking everything you know and trust about Hightower—and enhancing it under the Weather Shield name. 

At Weather Shield Roofing Systems, we've been helping businesses protect and extend the life of their commercial roofs for over 40 years. This next step in our journey—expanding into Florida—is part of our continued transition from Hightower Industries to Weather Shield Roofing Systems, while staying true to the same principles that have always guided us: integrity, reliability, and long-term client relationships.",Construction,51-200 employees,Privately Held,"Pensacola, Florida",United States,htifl.com,https://www.linkedin.com/company/hightower-industries-llc,TRUE,TRUE,http://htifl.com/services/commercial-roofing,FALSE,TRUE,❌ No relationships found,,,,,,,,,,,,,,,,,
,,Hoffman Weber Construction,"In 1992 John Weber started John Weber Construction with little more than a tool-belt and a truck.  In 2004 his stepson Joe Hoffman became a partner and together they incorporated to form Hoffman Weber Construction, Inc. Since then Hoffman Weber Construction has greatly expanded with four regional offices. We now bring our dedication to unparalleled customer service in the remodeling and restoration industry with recognitions such as ""2022 Top Roofing Contractor"" by Construction Business Review and ""Master Design Award Winner"" by Qualified Remodeler.

Over the years we have come to specialize in restoring homes and businesses that have sustained storm-related damage back to their original condition and more often better than before. In addition to organizing the actual work to be done we pride ourselves on using our expertise and knowledge to simplify the insurance process for our customers.  We take what can be a stressful and complex situation and turn it into a positive experience.

We currently offer a full suite of exterior services, including roofing, windows, gutters, and siding construction. Hoffman Weber began as a Minnesota-based roofing and exteriors contractor that excelled in storm damage response. After expanding its contingent restoration network to multiple states, it broadened its services to include solar and exterior repair services. Hoffman Weber's current corporate headquarters is in New Brighton, MN. It also has well-established offices in Denver, CO, and Luck, WI, and a new office in Ft Meyers, FL.",Construction,51-200 employees,Privately Held,"Minneapolis, MN",United States,hwconstruction.com,https://www.linkedin.com/company/hoffmanweberconstruction,TRUE,TRUE,https://www.hwconstruction.com/locations,FALSE,TRUE,❌ No relationships found,,,,,,,,,,,,,,,,,
,,Holtec International,"Holtec International is a global turnkey supplier of equipment and services for the Nuclear, Solar, Geothermal, and Fossil Power Generation sectors of the energy and petrochemical industry.  As a fully integrated supplier, Holtec possesses in-house capabilities to design, engineer, analyze, construct, license, and deploy the technologies offered by the company; this includes technologies to manage used nuclear fuel and waste discharged from nuclear reactors and wet and dry (air cooled) heat transfer equipment for commercial power plants. Holtec is also developing a Small Modular Reactor (SMR), which will provide for modular, distributed, carbon-free, base-load energy. 

Holtec International’s industrial activities are principally focused on six continents: North America, South America, Europe, Asia, Africa and Australia. Britain, Spain, Switzerland, Belgium, China, Ukraine, Canada, Mexico, the United States and Brazil are among the countries where Holtec International has provided significant goods and services. The domestic market in the United States, however, has been the catalyst for Holtec’s technical innovations in its fields of endeavor, which the company has successfully parlayed into business successes in overseas markets. Over 70% of Holtec’s output is consumed by the domestic power industry; the balance is destined for foreign markets. Holtec’s corporate moorings are firmly and deeply anchored in the power industry: Over 150 power generation stations in the U.S., including over 80 commercial nuclear power plants, have been Holtec customers over the past two decades.

Holtec International has a long and excellent reputation for honesty and integrity in business dealings. This reputation is a priceless asset which must be safeguarded continually by all Holtec employees. To succeed, Holttec must have the trust and confidence of its customers, subcontractors, suppliers, fellow associates and the public. Maintaining an unwavering commitment to the highest standards of business ethics and conduct is crucial to Holtec’s future.",Engineering Services,"501-1,000 employees",Privately Held,"Jupiter, Florida",United States,holtecinternational.com,https://www.linkedin.com/company/holtec-international,TRUE,TRUE,https://holtecinternational.com/company/environmental-justice-mission,FALSE,TRUE,❌ No relationships found,,,,,,,,,Found 13 People,,,,,,✅ Sent 10 rows,,
,,"Home Networks, Electric & Solar","Electrical Contractor

Electrical
Solar
Low Voltage
Cabling

Home Networks, Electric & Solar
408-254-4663 office
408-254-4699 fax
http://www.homenes.com

Home Networks, Electric & Solar provides high quality electrical services for a wide range of projects (commercial & residential & industrial).
Got an Electrical or Low Voltage project? Let Home Networks assist you! Since 1999, Home Networks has been the Bay Area's One-Stop Shop!
We handle everything from electrical main panels and outlets to telephone and network cabling for all your residential or commercial needs.
We eliminate the customer's or general contractor's headache of having to search for an electrical and low voltage company. We do it all!
Our excellent reputation has been built on a continuing commitment to maintain the highest level of performance.
We are available 7 days a week to assist you with any need that you would have.
Our goal is to provide outstanding electrical services at a reasonable price.
Owner, Randy, with more than 20 years of experience is a licensed electrical Contractor that graduated from San Jose State University. 

Home Networks, Electric & Solar - the Bay Area's Premier Solar Installation Sub-Contracting Partner. Specializing in Photo-Voltaic system's streamlined aesthetics and overall system efficiency. We consistently strive to provide top-tier office to contractor to client communication, support and solutions.",Construction,11-50 employees,Self Owned,"San Jose, California",United States,homenes.com,https://www.linkedin.com/company/home-networks-&-electrical,TRUE,TRUE,https://homenes.com,FALSE,TRUE,❌ No relationships found,,,,,,,,,,,,,,,,,
,,HomeStop Inc.,"HomeStop Inc. is a specialty construction company providing unparalleled quality and customer satisfaction in pools, aquatics, outdoor structures, and exteriors for commercial and residential clients. Catering to property developers and general contractors, our comprehensive offerings span pools, spas, amenity centers, masonry, aquatic structures, and more. As a one-stop solution for homeowners, we offer various home improvement services such as patios, pergolas, windows, doors, sidings, insulation, and solar installations. 

With a senior team boasting over two decades of expertise and strong industry connections, HomeStop, along with its affiliated brands, including American Eagle Builders, Axis Commercial Inc., Axis Custom Pools, American Concrete Coatings, American Insulation, and Tejas Hardscapes, ensures top-notch construction solutions tailored to every client's needs.",Construction,11-50 employees,Privately Held,"Arlington, Texas",United States,homestop.us,https://www.linkedin.com/company/homestop-inc,TRUE,TRUE,http://homestop.us/,FALSE,TRUE,❌ No relationships found,,,,,,,,,,,,,,,,,
,,Honeydew Energy Advisors,"Honeydew Energy Advisors is a DC-based energy consultancy focused on helping multifamily, commercial and industrial buildings reduce energy expenses, gather competing solar and energy conservation proposals through RFPs, and comply with local ordinances like benchmarking and the new Building Energy Performance Standards (BEPS). We have assisted hundreds of buildings in the DMV region in complying with local regulations and reducing their energy usage and costs.",Services for Renewable Energy,2-10 employees,Partnership,"Silver Spring, MD",United States,honeydewadvisors.com,https://www.linkedin.com/company/honeydew-energy-advisors,TRUE,TRUE,https://honeydewadvisors.com,FALSE,TRUE,,,,,,,,,,❌ No Profile Found,✅ Found 4 people,,,,,✅ Sent 0 rows,,
,,Horizontal Land Partners,"We structure infrastructure-backed development at scale—bringing together land, energy, and capital to create investable megasites in overlooked regions.

Our firm specializes in converting raw and underutilized land into financeable assets by aligning zoning, utility rights, public incentives, and institutional capital. From power generation to zoning overlays, we integrate all layers of entitlement, infrastructure, and capital markets to prepare sites for long-term industrial, energy, and technology uses.

Our work spans:
— Grid-interactive land origination
— Utility Development Rights (UDRs)
— Public-private capital structuring (PABs, EB-5, 48C, ITC)
— Zoning overlays (CRA, CDD, PID, RAO, EDD)
— Advanced manufacturing and controlled environment agriculture (CEA)
— Energy-tied site finance: solar, BESS, transmission, SCADA
— Institutional-grade entitlement, underwriting, and execution

We work directly with counties, EPCs, institutional capital, and federal program stakeholders to build assets that are ready for public finance, federal alignment, and scalable job creation.

Our current pipeline includes megasite-scale projects across Florida, the Midwest, and the Gulf Coast—positioned to meet rising demand from energy, data, logistics, food, and advanced manufacturing tenants.
If you're involved in energy-tied infrastructure, federal-backed site finance, or long-term industrial strategy—we welcome introductions and partnerships.",Venture Capital and Private Equity Principals,2-10 employees,Privately Held,"Miami, Florida",United States,horizontallandpartners.com,https://www.linkedin.com/company/horizontal-land-partners,TRUE,TRUE,http://horizontallandpartners.com/critical-infrastructure-and-advanced-manufacturing,FALSE,TRUE,❌ No relationships found,,,,,,,,,,,,,,,,,
,,Hudson River Maritime Museum,"Located on the historic Rondout waterfront, the Hudson River Maritime Museum was established in 1979 and is dedicated to the preservation and interpretation of the maritime history of the Hudson River, its tributaries, and related industries.

The museum's collections include historic vessels, objects, archival material and art related to Hudson River transportation, industries and recreation such as paintings, prints, photographs, ephemera, blueprints, artifacts, ship models, a 100-year old shad boat, life boats, lighthouse tender and ice yachts.

The maritime heritage of the Hudson River encompasses industries such as ice harvesting, brick making, boat building, blue stone quarrying, cement making, coal transport, and crushed stone. The steam era of transportation, which stimulated the growth of these various industries on the Hudson River, is emphasized, and the 19th and 20th centuries are the primary time periods interpreted.

The Hudson River Maritime Museum shares its knowledge, research, and collections through public events, lectures, education programs and activities, exhibitions, and publications.","Museums, Historical Sites, and Zoos",11-50 employees,Non Profit,"Kingston, New York",United States,hrmm.org,https://www.linkedin.com/company/hudsonrivermaritimemuseum,TRUE,TRUE,https://www.hrmm.org/uploads/2/6/3/3/26336013/submerged_resources_draft_3_-_final.pdf,FALSE,TRUE,❌ No relationships found,,,,,,,,,,✅ Found 10 people,,,,,,,
,,Hunt Capital Partners,"Housing is a basic need, but feeling at home is just as vital. Together with developers and investors, we help build more than housing: We develop communities that residents can thrive in, developers can be proud of, and investors love to have in their portfolio. A well-built, well-managed, affordable property benefits everyone, from stakeholders to residents to the community surrounding it. At Hunt Capital Partners, we don’t just facilitate housing development — we help create homes.

HCP specializes in the syndication of Federal and State Low-Income Housing, Historic and Solar Tax Credits. Since our inception in 2010, HCP has raised over $3 billion in tax credit equity. We manage the 9th largest affordable multi-family portfolio in the United States. We are a diverse group of over 75 affordable housing professionals that believe in creativity, collaboration, sound business practices, and creating long lasting relationships with each other, our investor partners and development partners. We are headquartered in Encino, California where the majority of our employees are. We also have an office in Boston and smaller offices across the country in locations such as Denver, Columbus, Las Vegas, Clearwater, and Dallas.

Hunt Capital Partners is a part of Hunt Companies, Inc., a diversified, family-owned holding company that invests in operating businesses, real estate assets and infrastructure assets. Hunt believes the ability to create value stems from a commitment to sound environmental, social and governance standards, along with integrity, performance, and a culture of transparency.",Real Estate,51-200 employees,Partnership,"Encino, CA",United States,huntcapitalpartners.com,https://www.linkedin.com/company/hunt-capital-partners,TRUE,TRUE,http://huntcapitalpartners.com/impact,FALSE,TRUE,❌ No relationships found,,,,,,,,,,,,,,,,,
,,Husk Power,"Husk is one of the world’s leading distributed utilities. Founded in 2008, the company provides reliable power to rural communities and businesses, entirely from renewable energy sources – 24 hours a day, 7 days a week – at a price they can afford. It offers customers a flexible “pay-as-you-go” energy service, using a mobile-enabled smart metering system. It provides low-cost energy that matches the growing needs of our customers; for households, community services and productive uses. Its grid-compatible solution can be rolled out quickly and cost-effectively to support national electrification plans.",Solar Electric Power Generation,"1,001-5,000 employees",Privately Held,"Fort Collins, CO",United States,huskpowersystems.com,https://www.linkedin.com/company/husk-power,TRUE,TRUE,https://huskpowersystems.com/,FALSE,TRUE,❌ No relationships found,,,,,,,,,Found 4 People,,,,,,✅ Sent 4 rows,,
,,Icon Power,Icon Power is the 5th fastest growing company in Arizona and #146 on the National INC 5000 list. Icon Power provides choice and control to homeowners and businesses by providing the options that fit their energy usage needs.,Renewable Energy Semiconductor Manufacturing,51-200 employees,Privately Held,"Tempe, Arizona",United States,iconpower.com,https://www.linkedin.com/company/icon-power,TRUE,TRUE,http://iconpower.com,FALSE,TRUE,❌ No relationships found,,,,,,,,,Found 1 People,,,,,,✅ Sent,,
,,Icon Solar,"Established in 2009, Icon Solar is a local residential and commercial solar installation company for much of Indiana, Ohio and Kentucky. In addition to being a full-service turnkey installer, Icon Solar offers exclusive extended warranties, astonishing financing options and a battery backup system to which other installers can’t compare. When you choose Icon Solar, you choose quality service and products. Icon Solar has proven to be leaders in the solar industry and still going strong.",Renewables & Environment,11-50 employees,Partnership,"Milford, OH",United States,iconsolar.com,https://www.linkedin.com/company/icon-solar,TRUE,TRUE,https://iconsolar.com/helping-non-profits-go-solar/,FALSE,TRUE,❌ No relationships found,,,,,,,,,❌ No Profile Found,✅ Found 10 people,,,,,✅ Sent 0 rows,,
,,IE Construction,"IE Construction has set the standard in solar energy by providing clients with unparalleled customer service. We take pride that we are able to provide our customers with not just one, but three decades' worth of warranties on their systems and all parts",Solar Electric Power Generation,51-200 employees,Privately Held,"Fontana, CA",United States,ieconstruction.com,https://www.linkedin.com/company/ieconstruction-official,TRUE,TRUE,https://ieconstruction.com,FALSE,TRUE,❌ No relationships found,,,,,,,,,Found 1 People,,,,,,✅ Sent,,
,,ilumen Solar,"ilumen Solar is a commercial and residential solar developer and installer in Illinois.  Our ultimate goal is to educate, promote, and install solar in order to reduce carbon in the atmosphere.  We specialize in competitively priced commercial systems and highly aesthetic residential systems.",Renewable Energy Semiconductor Manufacturing,2-10 employees,Privately Held,"Lake Barrington, Illinois",United States,ilumen-solar.com,https://www.linkedin.com/company/ilumensolar,TRUE,TRUE,https://ilumen-solar.com/solar/commercial-solar,FALSE,TRUE,❌ No relationships found,,,,,,,,,❌ No Profile Found,✅ Found 3 people,,,,,✅ Sent 0 rows,,
,,ImagineSolar,"ImagineSolar has been a leader in solar and smart grid education/advising in the Sunshine States since 2002. We are a licensed electrical contractor, providing professional engineering and advisory services.  Alongside these industry services, we specialize in hands-on solar PV workshops, instructor-mentored online solar courses, and custom workforce training.

Our clients include engineering firms, utilities, government agencies, new ventures, commercial entities, project developers, investors, schools & universities, contractors, non-profits, and individuals building careers in the solar and smart grid industries.  

We have 208 hours of onsite and online courses, with both Technical and Business career pathways available, and we are a Registered NABCEP Photovoltaic Associate Exam Provider.  

We conduct our hands-on workshops at our unique solar lab, and train entrepreneurs and solar pros nationally and internationally using our Online+Online LIVE courses.  Our self-paced online courses feature long access periods and the best instructor mentorship available.  Participants have access to course resources and interactive Online LIVE classrooms throughout their 12 month access period. 

Our core curriculum is bundled as the Advanced PV Power Package.  This Onsite+Online+OnlineLIVE package gives you the best of all worlds by combining an instructor-mentored online PV design course with a 5-day hands-on project implementation workshop. This 2-course package fulfills all of the training requirements for applying to take NABCEP's PV Installation Professional certification exam.  $1595 with Early Bird Discount.
http://imaginesolar.com/training/onsite/pv-power-package/

We have courses that fulfill the advanced training requirements to apply for NABCEP's Solar PV Installation or PV Technical Sales Professional certification
.
www.imaginesolar.com for more information.",Renewable Energy Semiconductor Manufacturing,2-10 employees,Privately Held,"Austin, Texas",United States,imaginesolar.com,https://www.linkedin.com/company/imaginesolar,TRUE,TRUE,https://imaginesolar.com/about/public-policy-advocacy-and-market-transformation-projects,FALSE,TRUE,❌ No relationships found,,,,,,,,,Found 1 People,,,,,,✅ Sent,,
,,Independent Energy,"Independent Energy is a company that specializes in providing custom solar based solutions for our customers.
See how our value based approach can work for you.
Helping you decide the best solutions for your home or business.
Solar Made Simple!",Solar Electric Power Generation,11-50 employees,Privately Held,"Honolulu, HI",United States,independentenergyhawaii.com,https://www.linkedin.com/company/independent-energy-hi,TRUE,TRUE,https://independentenergyhawaii.com/commercial-solar-panels,FALSE,TRUE,❌ No relationships found,,,,,,,,,Found 1 People,,,,,,✅ Sent,,
,,Independent Power,"Independent Power has been designing and installing premium solar+storage systems for residential and commercial customers in Colorado and Montana since 1996. Our team of highly skilled engineers, electricians, and installers is committed to innovation in energy resilience and sustainability as well as helping the community achieve energy independence, do right by the environment, and save money in the process. To date, IPS has installed thousands of grid-tied, off-grid, remote wind, and microgrid systems including several challenging international projects for large commercial clients and the military. We take integrity very seriously and are not satisfied unless all our designs and installations are completed with long-term energy security and resilience in mind. Using the most powerful solar panels on the market and robust energy storage solutions, we provide high-quality, high-efficiency installations no matter the application. We’re proud to consistently achieve exceptionally high levels of customer satisfaction and delivering superior solar technologies to our communities. Our designs and installations are done in-house by our engineers, licensed electricians, and certified installers, and each comes with their own industry-leading warranty as proof of our confidence in our services and products. 
We are active in our communities, with many of our employees volunteering their time and passions with local organizations and helping to advance renewable energy policies at nearly every level of government. When our founder first started IPS, he was instrumental in educating the state utility on the virtues of solar energy and was ultimately awarded installation of the first grid-connected solar system in the state as well as the country. Today we are leaders in battery backup systems designed and installed to provide energy when it’s needed most.",Solar Electric Power Generation,11-50 employees,Privately Held,"Boulder, CO",United States,solarips.com,https://www.linkedin.com/company/independentpower,TRUE,TRUE,https://solarips.com/crew-leader/,FALSE,TRUE,❌ No relationships found,,,,,,,,,❌ No Profile Found,✅ Found 10 people,,,,,✅ Sent 0 rows,,
,,Indigo Energy,"Indigo Energy is a service-driven, wholesale distributor of petroleum products and renewable fuels. With an expansive network of distribution terminals and bulk plants, Indigo provides its customers with access to fuel nationwide. 

We understand the dynamic landscape of today’s fuel markets and place our customer relationships at the center of our service culture. At Indigo, we value our clients as strategic partners in the process of providing consistent, competitive pricing and exceptional customer service.",Oil and Gas,11-50 employees,Partnership,"ATLANTA, GA",United States,indigoenergy.com,https://www.linkedin.com/company/indigo-energy,TRUE,TRUE,https://indigoenergy.com/ev-charging/commercial,FALSE,TRUE,❌ No relationships found,,,,,,,,,Found 2 People,,,,,,✅ Sent 2 rows,,
,,Infinity Solar,"Infinity Solar, Inc. has been serving southern California communities since 1999, as Infinity Electric, providing the highest quality of electric and solar service, and efficiency to our residential and commercial clients. We are enthusiastic and motivated to provide an opportunity to every southern Californian homeowner so they can access their personalized custom designed solar solution. Concentrated service, communication, credibility, and safety are the focus of our family-owned  business.

When only the best will do….Infinity is a proud partner with the industry leading manufacturer, SolarWorld, with over 35 years of award winning high efficiency solar systems, grown and made in the USA. Our team can help you take advantage of the ultimate source of free energy, maximizing efficiency in your home or business. Have you considered solar as a potential energy solution but thought it was not affordable? Infinity provides affordability options and programs with zero money out of pocket. Infinity Solar solutions are fully backed by industry leading USA Warranties and guaranteed production. Re:Find Electric Power with Infinity. See for yourself that solar truly is: pure. simple. economical. sustainable.",Construction,11-50 employees,Privately Held,"Orange, California",United States,infinitysolar.net,https://www.linkedin.com/company/infinity-solar-orange-ca,TRUE,TRUE,https://infinitysolar.net/solar-panels/,FALSE,TRUE,❌ No relationships found,,,,,,,,,❌ No Profile Found,✅ Found 7 people,,,,,✅ Sent 0 rows,,
,,Insight Distributed Energy LLC,"Insight Distributed Energy Keeps New England’s Commercial and Industrial Properties Resilient, Agile, and Connected

The all-in-one power supply solutions provider to optimize energy efficiency and ensure business continuity.

The IDE Story

A decade ago, IDE founder and CEO Brian Kesselman spent two grueling weeks working to restore power to supermarkets across most of the Northeast region devastated by Superstorm Sandy. With the utilities unable to move quickly enough to avoid the pain and financial fallout that ensued, Brian personally felt the impact the storm had on his clients and their customers. He was determined to find a sustainable and reliable way to keep retailers that provide critical support to their local communities up and running during weather emergencies.

Today, IDE delivers energy independence to commercial and industrial properties with customized, turnkey electrical microgrids that not only keep businesses serving their customers during severe storms they optimize energy efficiency during day-to-day operations and provide reliable backup to an aging utility infrastructure.",Services for Renewable Energy,2-10 employees,Privately Held,"Sharon, MA",United States,insightdistributedenergy.com,https://www.linkedin.com/company/insight-distributed-energy-llc,TRUE,TRUE,https://insightdistributedenergy.com/ev-charging-solutions/,FALSE,TRUE,❌ No relationships found,,,,,,,,,❌ No Profile Found,✅ Found 4 people,,,,,✅ Sent 0 rows,,
,,IntegrateSun,"We are a Texas based residential and commercial solar development company that offers solar energy systems in TX, CA,GA, OK, AZ, NV, DC, MD & PA.
The Authorized Dealer enrollment is now open for solar dealers & brokers to grow their business under the IntegrateSun umbrella. We offer 25 Yr 2.99% financing, unlimited solar proposals, live sales support & much more!  Apply today at https://www.integratesun.com/become-an-authorized-solar-dealer",Renewable Energy Power Generation,11-50 employees,Privately Held,"Houston, Texas",United States,integratesun.com,https://www.linkedin.com/company/integratesun,TRUE,TRUE,https://integratesun.com/commercial,FALSE,TRUE,❌ No relationships found,,,,,,,,,❌ No Profile Found,✅ Found 10 people,,,,,✅ Sent 0 rows,,
,,"Integrity Grading & Excavating, Inc.","Established in 2006, Integrity Grading & Excavating, Inc. (IGE) is a trusted and diversified construction firm serving the Midwest, with the majority of our work performed across the state of Wisconsin.

With office locations in Madison, Schofield, and La Crosse, Wisconsin, IGE is proud to deliver high-quality excavating and utility services across a wide range of industries and projects.
Our expertise includes: Commercial site development,including utility scale solar projects, data centers and subdivisions.
Roadway construction, environmental cleanup, sewer and water installation, and landfill operations.
At IGE, we are committed to safety, quality, and integrity in every project we take on—building strong communities through dependable construction solutions.",Construction,51-200 employees,Privately Held,"Schofield, Wisconsin",United States,integrityge.com,https://www.linkedin.com/company/integrity-grading-and-excavating-inc-,TRUE,TRUE,https://integrityge.com/markets/,FALSE,TRUE,❌ No relationships found,,,,,,,,,,✅ Found 10 people,,,,,,,
,,Intelligent Solar,"Intelligent Solar Services, LLC was formed at the beginning of 2018 with the goal of providing a smarter, more cost effective, and higher quality means of solar installation and service.  We strive to provide our customers with top notch service, as we work to help them reach their energy goals.",Renewables & Environment,2-10 employees,Privately Held,"Lunenburg, MA",United States,intelligent.solar,https://www.linkedin.com/company/intelligent-solar-services,TRUE,TRUE,https://intelligent.solar/commercial,FALSE,TRUE,❌ No relationships found,,,,,,,,,Found 1 People,,,,,,✅ Sent,,
,,Ion Solar,"Ion Solar is a premium, full-service solar provider. We offer affordable solar solutions that allow our customers to enjoy the benefits of solar with little or no up-front costs. Our full service includes the design of the system, all required permitting, installation and inspection, and system maintenance, all for a fraction of the cost of traditional power and using all premium equipment.

We, along with our customers, take great pride in going green and lessening the impact on the environment. Improving the world one home at a time is a challenge that we passionately accept. For more information visit ionsolar.com.",Renewable Energy Semiconductor Manufacturing,"501-1,000 employees",Privately Held,"Provo, UT",United States,ionsolar.com,https://www.linkedin.com/company/ionsolar,TRUE,TRUE,https://ionsolar.com/about/,FALSE,TRUE,❌ No relationships found,,,,,,,,,Found 5 People,,,,,,✅ Sent 5 rows,,
,,Ion Solar Pros,"iSP is a full service solar energy provider that delivers best in class, energy efficient, most durable solar products from leading manufacturers in the industry.
Our customized solar energy solutions enable you to produce, store, and generate revenue for years to come.

When you join iSP, you become a part of our global family of sales professionals and partners dedicated to transform the solar industry. Whether you’re looking to advance your career, accelerate your earnings or sell more, iSP can help make it happen with a future powered by solar. Join our rapidly growing team of sales professionals and industry leaders. Get the resources you need to expand your reach in the solar industry.

iSP is a consumer centric brand created to connect and engage with today’s homeowners. The company’s dedicated marketing support allows you to communicate and create value for every consumer. As part of the iSP team, you will receive comprehensive and expansive marketing for every area of your business.",Solar Electric Power Generation,11-50 employees,Self Owned,"Middlebury, Connecticut",United States,ionsolarpros.com,https://www.linkedin.com/company/ion-solar-pros,TRUE,TRUE,https://ionsolarpros.com/commercial,FALSE,TRUE,❌ No relationships found,,,,,,,,,Found 2 People,,,,,,✅ Sent 2 rows,,
,,IPPsolar,"IPPsolar is an independent solar power company that develops, finances, builds, owns and operates solar power plants to supply energy to commercial and industrial customers, and electric vehicles.
Since its inception in 2008, IPPsolar has developed and installed solar projects, predominantly in the Northeast United States. The projects encompass a wide range of categories such as roof- and ground-mounted systems. Completed projects feature community solar and battery storage.

IPPsolar is headquartered in New York and is 100% owned by its founding members and employees.

Our Mission
IPPsolar’s long term mission is to bring affordable solar electricity to companies, local governments and individuals. IPPsolar intends to achieve its mission by abiding by a set of values: integrity, teamwork, cultural diversity, relationships, innovation.",Renewable Energy Semiconductor Manufacturing,11-50 employees,Privately Held,"NEW YORK, NY",United States,ippsolar.com,https://www.linkedin.com/company/ippsolar,TRUE,TRUE,https://ippsolar.com,FALSE,TRUE,❌ No relationships found,,,,,,,,,❌ No Profile Found,✅ Found 8 people,,,,,✅ Sent 0 rows,,
,,Ipsun Solar,"Ipsun Solar, a Civic Renewables Company, is a leader in clean energy services based in Virginia, Washington D.C. and Maryland. We design and install solar energy systems. We make solar energy available to homeowners, businesses, schools, non-profits and government organizations at a lower cost than their current utility bills.

Certified B Corp, Enphase Platinum Installer, SPAN Pro Installer, Tesla Powerwall Certified Installer, and more.",Renewables & Environment,51-200 employees,Privately Held,"Washington, District of Columbia",United States,ipsunsolar.com,https://www.linkedin.com/company/ipsun-solar,TRUE,TRUE,https://ipsunsolar.com,FALSE,TRUE,❌ No relationships found,,,,,,,,,Found 1 People,,,,,,✅ Sent,,
,,Isaksen Solar,Isaksen Solar is a locally/Employee owned solar company. We install beautiful and simple solar systems with a goal to save the homeowner as much as possible. We believe in simple solar ownership which allows the homeowner to free themselves from electric bills.,Renewable Energy Semiconductor Manufacturing,11-50 employees,Privately Held,"Fall River, Massachusetts",United States,isaksensolar.com,https://www.linkedin.com/company/isaksen-solar,TRUE,TRUE,https://isaksensolar.com,FALSE,TRUE,❌ No relationships found,,,,,,,,,Found 2 People,,,,,,✅ Sent 2 rows,,
,,Island Pacific Energy,Island Pacific Energy is the premier local developer/owner/operator of photovoltaic solar energy facilities in the State of Hawai‘i. Island Pacific Energy is the winner of the Governor’s Innovation Award highlighting the commitment to finding creative ways to make life better for the people of Hawai‘i and build a stronger future for the state.,Renewable Energy Semiconductor Manufacturing,11-50 employees,Privately Held,"Honolulu, HI",United States,islandpacificenergy.com,https://www.linkedin.com/company/islandpacificenergy,TRUE,TRUE,https://www.islandpacificenergy.com/commercial,FALSE,TRUE,❌ No relationships found,,,,,,,,,Found 1 People,,,,,,✅ Sent,,
,,iSolar,"iSolar is the leading brand for customer acquisition in the renewable energy industry. We specialize in the sales and marketing of community solar green energy alternatives to homeowners, renters, and businesses. Based in Colorado, we provide green energy solutions nationwide that contribute to reducing carbon emissions while saving our customers money.

iSolar believes that an individual’s energy choice plays an effective and direct role in promoting clean, green energy for the betterment of the environment and the strength of the local economy. Our goal is to encourage the adoption of clean, renewable solar power for customers, communities, and developers. Our mission is to increase energy efficiency, reduce rising electricity costs, and most importantly, to protect the environment.

iSolar is passionate about solar energy and is dedicated to educating and delivering the benefits of 100% renewable solar energy to homeowners, renters, and businesses. We bring accessible solar green energy to your community.

If you want to contribute to and benefit from the renewable energy movement, call iSolar at 844-8SOLAR8 (876-5278) or send us an email at info@isolarusa.com.",Renewable Energy Semiconductor Manufacturing,51-200 employees,Privately Held,"Denver, CO",United States,isolarusa.com,https://www.linkedin.com/company/isolarusa,TRUE,TRUE,https://isolarusa.com,FALSE,TRUE,❌ No relationships found,,,,,,,,,❌ No Profile Found,❌ No people found,✅ 1 decision maker found,,,,✅ Sent 0 rows,,
,,ITEX,"Founded in 1981, ITEX has developed over 8,000 units in over 60 communities representing more than $800 million in completed developments. The team currently manages over 7,400 attainable luxury and affordable housing units. The development of new communities — from ground-up planning to comprehensive neighborhood revitalizations — is a core component of ITEX. We greatly value the positive impact our partnerships with local governments, housing authorities, non-profits, and employers have brought to the communities in which we invest and work. ITEX has been named among America’s “Best Places to Work in Multifamily” and ""Best Place to Work in Multifamily for Women.""",Real Estate,201-500 employees,Privately Held,"Houston, Texas",United States,itexgrp.com,https://www.linkedin.com/company/the-itex-group,TRUE,TRUE,https://itexgrp.com/more-than-a-roof-itexs-social-services-empower-residents-to-thrive,FALSE,TRUE,❌ No relationships found,,,,,,,,,,,,,,,,,
,,J&K Roofing,"J&K Roofing, Inc. is an innovative roofing company, offering unparalleled customer service, superior work performance, and outstanding product installation. Built on family values and exceptional quality workmanship, our experienced staff, manufacturer certified installations, guaranteed high-quality materials, and unparalleled customer service are just a few of the reasons consumers choose us over other roofing companies in the region. Those foundations remain solidly in place today. Locally owned and operated family business since 1984, we continue to serve the greater Denver/Metro and Front Range communities, having roofed more than 50,000 homes and commercial properties.",Construction,11-50 employees,Partnership,"Golden, Colorado",United States,jkroofing.com,https://www.linkedin.com/company/jkroofing,TRUE,TRUE,https://jkroofing.com/commercial-roofing,FALSE,TRUE,❌ No relationships found,,,,,,,,,❌ No Profile Found,✅ Found 10 people,,,,,✅ Sent 0 rows,,
,,"Jackson Solar, LLC","""An ethical solution at an ethical price""
Jackson Solar LLC, located in Jackson, MO, is owned an operated by Southeast Missouri State University Graduate Jacob Long, who graduated with a Bachelor's of Science in Sustainable Energy Systems as it relates to solar energy. The belief of our company is that providing environmentally ethical solar energy generation systems, should come at a fair, honest, and ethical price, and that communities, no matter how big or small should work together to provide a cleaner earth for our generation and generations to come. For us it is so much more than running a business. Many fly-by-night solar companies, and door-to-door solar sales companies are jumping from city to city, unethically overcharging those unfamiliar with the solar industry, in many cases falsely educating them, and in turn created a poor reputation for going solar. Jackson Solar aims to change this with transparency in pricing, education, and loyal customer service provided to the community for now and many years to come!
127 West Main Street Ste A , Jackson, MO, United States, Missouri
+1 573-243-7657 (SOLR)
info@jacksonsolarllc.com
jacksonsolarllc.com",Solar Electric Power Generation,2-10 employees,Self Employed,"Jackson, Missouri",United States,jacksonsolarllc.com,https://www.linkedin.com/company/jackson-solar-llc,TRUE,TRUE,https://jacksonsolarllc.com/pages/about,FALSE,TRUE,❌ No relationships found,,,,,,,,,❌ No Profile Found,❌ No people found,✅ 1 decision maker found,,,,✅ Sent 0 rows,,
,,Jamar Power Systems,"Jamar Power Systems is a full service electrical contractor and solar integrator serving the Southern California area.  Based in San Diego County, we have active projects in San Diego, Imperial, San Bernardino, Riverside and Orange Counties.  Originally founded in 1984 as Jamar Electric.  We have over 25 years of experience in our local market providing high quality electrical contracting services.  As well, we have 6 years of solar integration experience.

Over the years we have provided electrical services on over 30,000 residential dwellings and thousands commercial projects. Our recent projects include commercial building shells and tenant improvement work, residential tract and multifamily projects, high end custom homes, solar power systems and backup generator installations.

In 2007, we launched our solar power division.  Currently our fastest growing division, we have installed hundreds of residential and several large commercial solar systems.  We are a SunPower Premier Dealer.

We are actively seeking both residential and commercial electrical and solar projects throughout Southern California.  We will take the lead as a prime solar integrator or subcontract our installation services to other contractors.

With JAMAR our clients receive a dedicated project management staff and highly trained California certified electricians performing their installations.",Construction,11-50 employees,Privately Held,"Santee, CA",United States,jamarpower.com,https://www.linkedin.com/company/jamar-power-systems,TRUE,TRUE,https://jamarpower.com,FALSE,TRUE,❌ No relationships found,,,,,,,,,,,,,,,,,
,,Jefferson Energy,"Jefferson Energy is a solar EPC —
backed by in-house electrical crews and expanded capabilities in storage, O&M, and emerging energy technologies.",Services for Renewable Energy,11-50 employees,Privately Held,"Speedway, Indiana",United States,jefferson.energy,https://www.linkedin.com/company/jefferson-electric-llc,TRUE,TRUE,https://jefferson.energy,FALSE,TRUE,❌ No relationships found,,,,,,,,,❌ No Profile Found,❌ No people found,✅ 1 decision maker found,,,,✅ Sent 0 rows,,
,,"JK Mechanical, Inc.","JK Mechanical provides Smart Energy Solutions including Geothermal, Heating, Solar, Electrical, & More in Central Pennsylvania and Maryland. 

In 1979, when we started JK Mechanical, Inc. we had one goal in mind - providing our neighbors with comfort solutions that fit not only their lifestyle, but also their budget. Over a quarter century later, we do business the same way.",Building Equipment Contractors,51-200 employees,Privately Held,"Willow Street, Pennsylvania",United States,jkmechanical.com,https://www.linkedin.com/company/jkmechanical,TRUE,TRUE,https://jkmechanical.com/commercial,FALSE,TRUE,,,,,,,,,,,,,,,,,,
,,JMS Energy,"JMS Energy is a family owned business that appreciates its employees and leads by example. Sincerity, value and unparalleled service set the foundation in every aspect of our organization. We treat our clients and our employees the way we, as individuals, want to be treated. This level of mutual respect and an unwavering can-do attitude define and drive our business

Our vision is to become a diverse company by incorporating our proven, experienced reputation and encouraging innovation and growth. To be the leading construction company in the Energy Industry through creating a safe and helpful working environment for all. JMS Energy is a family owned business that has been wiring commercial wind turbines since 2008; we have over 30 years of experience working in the industry. Today, we offer a range of services in wind, solar, battery, communication/fiber, testing/monitoring, and service. We pride ourselves on being good stewards of the environment by lessening our carbon footprint and giving back to the communities we work in.  JMS exercises the highest standard of safety, integrity and craftsmanship by employing only top quality employees.  We are helping keep the sky blue one project at a time.",Construction,51-200 employees,Privately Held,"Las Vegas, NV",United States,jmsenergy.net,https://www.linkedin.com/company/jms-wind-energy,TRUE,TRUE,https://www.jmsenergy.net/bess-solutions/,FALSE,TRUE,❌ No relationships found,,,,,,,,,❌ No Profile Found,✅ Found 10 people,,,,,✅ Sent 0 rows,,
,,Jordan Energy & Food Enterprises LLC,"Jordan Energy is a solar developer and financier with experience supporting national solar programs and partnerships in more than 24 states. We seek to build long-term relationships in the commercial PV (photovoltaic) solar industry. Jordan Energy promotes a work environment based on shared values of trust, mutual respect, optimism, balance, individual stewardship, corporate social responsibility, and perpetual progress.

Integral to our identity at Jordan Energy is giving back! We support the Let’s Share the Sun Foundation which brings light to underdeveloped countries throughout the world.",Solar Electric Power Generation,11-50 employees,Privately Held,"Troy, New York",United States,jordanenergy.org,https://www.linkedin.com/company/jordan-energy-&-food-enterprises-llc,TRUE,TRUE,https://jordanenergy.org/grants,FALSE,TRUE,❌ No relationships found,,,,,,,,,Found 2 People,,,,,,✅ Sent 2 rows,,
,,K2 Development Companies,"Founded in 2001 K2 has taken a all inclusive approach to the real estate industry building divisions in al facets of real estate including: commercial and residential development, solar PPA's, investment partnerships, general construction and property management.",Real Estate,2-10 employees,Privately Held,"Redding, CA",United States,k2dci.com,https://www.linkedin.com/company/k2-development-company-inc-,TRUE,TRUE,http://k2dci.com/our-projects/center-of-hope-apartments,FALSE,TRUE,❌ No relationships found,,,,,,,,,❌ No Profile Found,✅ Found 8 people,,,,,✅ Sent 0 rows,,
,,Kamtech Solar,"Kamtech Solar Solutions is a New York City-based alternative energy company committed to designing and installing the very best in solar energy systems. With over five years of experience in a relatively new industry, we have successfully installed thousands of solar panels on residential, commercial, and industrial structures. Unlike our competitors, we are capable of installing on flat, slate, and Spanish tile roofs, handling 80% of the city's specialty roofs.",Renewable Energy Semiconductor Manufacturing,11-50 employees,Privately Held,"Inwood, NY",United States,kamtechsolar.com,https://www.linkedin.com/company/kamtechsolarsolutions,TRUE,TRUE,https://kamtechsolar.com/commercial/why-kamtech-solar-commercial-solar-solutions,FALSE,TRUE,❌ No relationships found,,,,,,,,,❌ No Profile Found,✅ Found 10 people,,,,,✅ Sent 0 rows,,
,,Kanta Electric Corp.,"Kanta Electric Corp. (KEC) is a New York-born and bred powerhouse in electrical contracting. For over three decades, we’ve combined engineering excellence with unwavering integrity to deliver power, lighting, life‑safety, security, automation and renewable energy systems across the region—all while proudly holding NYC & NYS MBE, and DBE designations. As proud Local3 IBEW union partners, our team—from seasoned engineers and project managers to certified electricians—has safely powered marquee projects like the city’s first wind and solar farm at the famed Brooklyn Navy Yard, the Brooklyn Bridge Park, CUNY’s Advanced Science Research Center and JFK’s terminal systems. Clients trust us for our innovative solutions, on-time delivery and unmatched quality—and we stand ready to bring that same commitment to your next project.

The firm serves a broad range of clientele across multiple sectors:

Commercial Office Buildings
High Rise Residential
Cultural and Educational Institutions
Courthouses
Hospitals and Health Facilities
Aviation and Airport Facilities
Alternative Energy Installations
Public Transit",Construction,51-200 employees,Privately Held,"Woodside, NY",United States,kantaelectric.com,https://www.linkedin.com/company/kanta-electric-corp-,TRUE,TRUE,http://kantaelectric.com,FALSE,TRUE,❌ No relationships found,,,,,,,,,,,,,,,,,
,,KEEGAN ELECTRIC,"Keegan Electric was founded in 2004 in Pittsburgh Pennsylvania.  We are a NECA electrical contractor, specializing in Residential, Commercial, Industrial, EV Charging, Solar and Power Generation & DATA Center projects in the US.",Construction,2-10 employees,Self Owned,"Cape Coral, Florida",United States,keeganservices.com,https://www.linkedin.com/company/keegan-wireless-llc,TRUE,TRUE,https://keeganservices.com,FALSE,TRUE,❌ No relationships found,,,,,,,,,❌ No Profile Found,✅ Found 10 people,,,,,✅ Sent 0 rows,,
,,Keen Technical Solutions,"Keen is a Michigan based company with a focus on energy efficiency and renewable integration. We are a team of creative professionals driven to exceed our customers expectations. Our forward thinking allows us to combine cutting edge technologies with proven practices and principles to deliver innovative solutions. We are proud members of the Inc 500 list.

We serve a variety of industries including automotive, manufacturing, hospitality and commercial/retail. We strategize energy conservation techniques for lighting, water and HVAC among others. We also provide expertise and implementation of alternative energies such as solar and wind. 

Visit our website to learn how we've saved our clients over $15 million in energy costs and read case studies about our clients: www.keen-minds.com",Renewables & Environment,11-50 employees,Privately Held,"Traverse City, Michigan",United States,keen-minds.com,https://www.linkedin.com/company/keen-technical-solutions,TRUE,TRUE,https://keen-minds.com/markets,FALSE,TRUE,❌ No relationships found,,,,,,,,,Found 1 People,,,,,,✅ Sent,,
,,"Kingsbury Companies, LLC","Kingsbury is an award-winning full-service General Contractor specializing in heavy civil projects throughout New England and New York. We have experience with renewable energy projects including biomass, landfill gas recovery, solar, and district heating systems, and have also constructed and repaired dams, highways, landfills, and LFG systems. Kingsbury has built wastewater treatment plants and transmission lines for municipalities and developed sites for large tract developers. 

Our projects are intricate and detail-oriented, and we are typically engaged either as a General Contractor, Construction Manager, or Design-Builder. Because of our strong financial foundation, we enjoy a robust bonding capability and self-perform the majority of our work. Kingsbury owns a fleet of heavy equipment including specialized gear for light pressure (LGP) earthwork, global positioning (GPS) layout/grading, and HDPE gas piping fusion welding. We can handle all aspects of a project from providing in-house engineering services, through permits and construction, to startup and commissioning.",Construction,51-200 employees,Privately Held,"Middlesex, Vermont",United States,kingsburyco.com,https://www.linkedin.com/company/kingsbury-companies-llc,TRUE,TRUE,http://kingsburyco.com/community,FALSE,TRUE,,,,,,,,,,Found 1 People,,,,,,✅ Sent,,
,,Kiwa PVEL,"Kiwa PVEL is the leading reliability and performance testing lab for downstream solar project developers, financiers, and asset owners around the world. With over a decade of experience and accumulated data, Kiwa PVEL conducts testing that demonstrates PV module bankability. Its trusted, independent reports replace assumptions about PV module performance with quantifiable metrics that enable efficient solar project financing and development. Kiwa PVEL’s flagship Product Qualification Program for PV modules connects manufacturers with a global network of 400+ downstream partners. Learn how Kiwa PVEL makes data matter though PQP testing, field services and market intelligence at kiwa.com/pvel",Renewable Energy Semiconductor Manufacturing,11-50 employees,Privately Held,"Napa, CA",United States,kiwa.com,https://www.linkedin.com/company/kiwa-pvel,TRUE,TRUE,https://kiwa.com/en/about-kiwa/corporate-social-responsibility-csr,FALSE,TRUE,❌ No relationships found,,,,,,,,,Found 1 People,,,,,,✅ Sent,,
,,Kokosing Solar,"Welcome to the Official Kokosing Solar LinkedIn page. We are a family-owned company, offering clients the accessibility of a local firm with the stability and resources of the largest contractor in the Midwest and Mid-Atlantic. Kokosing Solar is a division within Kokosing Industrial, Inc., whose team is dedicated to solar and battery storage projects. 

Founded in 1951 and providing solar since 2000, Kokosing is a self-performing contractor that provides development, design, installation and service for solar and energy storage projects.  We serve commercial, institutional and utility clients throughout the Midwest and Mid-Atlantic.  With approximately 4,000 team members and an extensive fleet of equipment, Kokosing offers our clients certainty, speed, quality and safety, coupled with the capacity to self-perform on projects.

Servicing commercial clients across Ohio, Pennsylvania, West Virginia, Kentucky, Indiana and Michigan.",Renewables & Environment,"1,001-5,000 employees",Privately Held,"Athens, OH",United States,kokosingsolar.com,https://www.linkedin.com/company/kokosing-solar,TRUE,TRUE,http://kokosingsolar.com,FALSE,TRUE,❌ No relationships found,,,,,,,,,Found 2 People,,,,,,✅ Sent 2 rows,,
,,Konnexx Services Ltd,"Konnexx is the industry leader for Jamaica and the Caribbean in the field of telecommunication engineering. We provide world class services to the telecommunication giants in the Caribbean region such as Digicel and Flow.
 We've helped them build and maintain sophisticated network infrastructure throughout the Caribbean. 

Konnexx is also the leading supplier of Fiber Optics Engineering and Construction for large commercial projects and government entities. Apart form Telecommunications, our other fields are: Solar Engineering, Agricultural Engineering, Access Control System Design and Implementation. We have been operating since 2003 and consist of a team of over 300 professionals.",Telecommunications,201-500 employees,Privately Held,"Kingston 10, WI",United States,konnexx.net,https://www.linkedin.com/company/konnexxservicesltd,TRUE,TRUE,https://konnexx.net/services,FALSE,TRUE,❌ No relationships found,,,,,,,,,,✅ Found 10 people,,,,,,,
,,KPost Company,"Established in 2004 as a commercial roofing company, KPost has undergone remarkable growth in its 20-year journey. Today, we serve both commercial and residential properties across North Texas and beyond. Expanding beyond roofing, our team of experts now ventures into the building envelope category. Holding the prestigious Tesla Energy Certification, residential leads the way in innovations like the Tesla Roof and Solar technologies.
Known for integrity, we actively engage with DFW homeowners for roof inspection and repairs, earning a stellar reputation. As the official partner of the Dallas Cowboys, our portfolio boasts iconic projects such as the AT&T Stadium, Globe Life Field, Perot Museum, Facebook Data Center, Toyota HQ's, and more.
KPost is active in many local and national industry organizations including National Roofing Partners (NRP), the National Roofing Contractors Association (NRCA), and the Midwest Roofing Contractors Association (MRCA).",Construction,201-500 employees,Privately Held,"Dallas, Texas",United States,kpostcompany.com,https://www.linkedin.com/company/kpost-roofing-&-waterproofing,TRUE,TRUE,http://kpostcompany.com,FALSE,TRUE,❌ No relationships found,,,,,,,,,,,,,,,,,
,,KR Solar,"KR Solar offers renewable energy, solar, EV Chargers, insullation, telemedia, roofing, windows, and many other energy saving products and services and installations, and many more.

We offer cutting edge marketing techniques that maximize our relations and sales with customers. We design and implement aggressive campaigns such as:
 
Event Marketing
Door to Door Campaigns
Business to Business
Lead Generation
Retail Staffing
Appointment Setting
Telesales

We train our staff to be the best in the industry and promote our services with compassion, honesty, and integrity while delivering the highest value customer effectively.",Services for Renewable Energy,51-200 employees,Privately Held,"Buffalo, New York",United States,kr.solar,https://www.linkedin.com/company/krsolar,TRUE,TRUE,https://kr.solar,FALSE,TRUE,❌ No relationships found,,,,,,,,,❌ No Profile Found,✅ Found 10 people,,,,,✅ Sent 0 rows,,
,,KR Solar/KR Comm,"KR Companies (KR Solar and KR Comm) is a direct sales, promotion and installation company with a direct local marketing presence in strategic cities in the USA. We represent solar, cable and satellite tv providers, phone and internet providers, security and alarm service providers, home automation, and many more.We offer cutting edge marketing techniques that maximize our relations and sales with customers. We design and implement aggressive campaigns such as:HospitalityLodgingInstitutionsCollegesApartment ComplexesCondominiums Event MarketingDoor to Door CampaignsBusiness to BusinessLead GenerationRetail StaffingAppointment SettingTelesalesWe train our staff to be the best in the industry and promote our services with compassion, honesty, and integrity while delivering the highest value customer effectively.",Services for Renewable Energy,51-200 employees,Privately Held,"Buffalo, New York",United States,kr.solar,https://www.linkedin.com/company/kr-communications-llc,TRUE,TRUE,http://kr.solar,FALSE,TRUE,❌ No relationships found,,,,,,,,,❌ No Profile Found,✅ Found 10 people,,,,,✅ Sent 0 rows,,
,,KS Electric,"As one of the top-ranked solar subcontractors in California, KS Electric installs both residential and commercial solar with the highest quality and standards, completes projects on time, is competitively priced, and has clear and open communication throughout the entire process.

Your choice of a solar subcontractor is critical to your success. It can impact your reputation and your profit. At KS Electric we understand that your business relies on your subcontractors to deliver the highest quality installations, and to professionally represent your company to your customer. Visit our website for more!",Renewable Energy Semiconductor Manufacturing,11-50 employees,Privately Held,"Madera, California",United States,kselectric.com,https://www.linkedin.com/company/kuykendall-solar-corporation,TRUE,TRUE,https://www.kselectric.com/service-maintenance,FALSE,TRUE,,,,,,,,,,,,,,,,,,
,,KW Solar,"We put solar panels on roofs. Pretty straightforward. We like the idea of true energy independence, self reliance, and a cleaner future. We like the simplicity of photovoltaics–pure science, no moving parts. We like the economics; personal solar systems can save people significant amounts of money. But most of all, we just think it’s rad to generate our own electricity from sunlight, free energy that would otherwise just heat up the attic and melt the holiday decorations.",Construction,11-50 employees,Privately Held,"Houston, TX",United States,kw.solar,https://www.linkedin.com/company/kw-solar,TRUE,TRUE,https://kw.solar,FALSE,TRUE,,,,,,,,,,,,,,,,,,
,,L.E.B. Electric Ltd.,"Since 1986 L.E.B. Electric has been offering cutting-edge technology by staying ahead of the curve. Our staff has deep roots in the local electrical contracting industry practicing a constant commitment to quality. We are licensed and insured and employ only the most highly trained and certified electricians. 

With unparalleled technical capability and years of experience L.E.B. Electric has completed thousands of projects for clients in an exceptionally wide range of facilities, including office buildings, hospitals, assisted living facilities, schools, universities, dormitories, firehouses, libraries, retail stores, religious institutions, warehousing, industrial parks, laboratories, athletic fields, arenas, solar panels, airports and a selection of distinctive private projects.

L.E.B has expertise in servicing public works projects that include wastewater and sewer treatment plants, streetlights, athletic field lighting and traffic signals. We have become a reliable vendor for many municipalities and public authorities. L.E.B. Electric is an IBEW Local 25 Contractor and an official NECA and LIBI member.",Construction,51-200 employees,Privately Held,"Amityville, New York",United States,lebelectric.com,https://www.linkedin.com/company/leb-electric-ltd,TRUE,TRUE,https://lebelectric.com,FALSE,TRUE,❌ No relationships found,,,,,,,,,,,,,,,,,
,,Laguna Consulting Engineers,"Bringing Clean Energy to Every Structure — With Unmatched Expertise. 

With 25+ years of combined experience, we help renewable energy EPC's, installers, designers, and developers across the U.S. get projects designed, stamped, and ready to build - with precision, compliance, and lasting performance in mind.

We provide:

 Structural, electrical, and solar design services
 PE/SE stamps in 40 states
 EE stamps in all 50 states

Our strength? Proven technical expertise, rigorous attention to detail, and transparent communication — ensuring your projects meet the highest engineering standards from concept to completion.

Let’s build the future of clean energy together. ",Engineering Services,2-10 employees,Privately Held,"Laguna Niguel, California",United States,lagunaengineers.com,https://www.linkedin.com/company/laguna-consulting-engineers,TRUE,TRUE,https://lagunaengineers.com/about-us/,FALSE,TRUE,❌ No relationships found,,,,,,,,,Found 1 People,,,,,,✅ Sent,,
,,Legacy Solar Co-op,"The Legacy Solar Co-op is a Wisconsin member cooperative that strives to improve economic and ecologic conditions for our planet for future generations. We do this through helping to bring to life solar projects that focus on customer-based energy savings.

Who Is the Legacy Solar Co-op?

We are business owners, wage earners, volunteers, retired professionals, church clergy, teachers, bus drivers, farmers, entrepreneurs, homeowners and renters from all walks of life.  We come together because we feel drawn to the logic and the appeal of clean energy for the future of our planet and our children’s safety decades down the road.  

We call ourselves the Legacy Solar Co-op because once we put a solar project into use, it will quietly and beautifully provide clean energy for 4 decades or more – long after a lot of us have left this world.  We want to create a growing legacy of clean renewable energy that supports our communities for the long haul.

Who do we help?

Legacy Solar Co-op offers consulting services such as an energy analysis and solar feasibility study. For a church, a library, a school, or any other non-profit, we can help design energy efficiency and solar projects and help capitalize the funds needed to get the project built.

For those who don’t own a home or have access to a sunny roof or backyard, the Co-op lets you invest in community solar projects through Slice of Sun Solar Bonds. You can help the Co-op advance the development of solar projects in our communities and earn a modest return on your investment.

In addition, our Switch-to-Solar (S2S) program derives Renewable Energy Credits (RECs) from Wisconsin solar projects and sells the environmental value of this green energy to our members for a price that helps support even more solar development in our state.

The “Legacy” in our name draws from the long-lasting benefits that solar can provide us all.",Environmental Services,2-10 employees,Partnership,"Madison, Wisconsin",United States,legacysolarcoop.org,https://www.linkedin.com/company/legacy-solar-co-op,TRUE,TRUE,https://legacysolarcoop.org,FALSE,TRUE,❌ No relationships found,,,,,,,,,,,,,,,,,
,,LEMA Construction,"Our Mission is to provide our clients with the best construction services built on quality, reliability, and timeliness. We take pride in offering our team members career growth opportunities that promote self-development, high performance, and personal satisfaction. While the LEMA team has many responsibilities as Construction Manager, safety is at the forefront of every task we undertake. LEMA’s current EMR Rate is .89, and we have over 15 years in business with NO complaints on our license.",Construction,11-50 employees,Self Owned,"St Petersburg, Florida",United States,lemacon.com,https://www.linkedin.com/company/lema-construction-design-build,TRUE,TRUE,https://lemacon.com/portfolio/vincent-house-pasco,FALSE,TRUE,❌ No relationships found,,,,,,,,,,,,,,,,,
,,LEMA Construction,"Since our founding in 2005, LEMA Construction has developed an outstanding reputation throughout the State of Florida. We provide construction management services for every phase of the clients building process, ensuring the best possible product. No matter what type of project delivery method is used.

We apply effective management techniques to the planning, design and construction of a project from inception to completion for the purpose of controlling time & cost without infringing on quality.

Our mission is to provide our clients with the best construction services built on quality, reliability and timeliness. We also take pride in offering our team members career growth opportunities that promote self development, high performance and personal satisfaction.",Construction,11-50 employees,Self Owned,"St. Petersburg, FL",United States,lemaconstruction.com,https://www.linkedin.com/company/lema-construction-developers-inc,TRUE,TRUE,https://lemacon.com/public-works,FALSE,TRUE,❌ No relationships found,,,,,,,,,,,,,,,,,
,,Lemberg,"About Lemberg:
Lemberg is a full-service electrical contracting firm for industrial, commercial and residential customers. We have served customers in general construction, manufacturing, healthcare, education and information technology. 

• Electrical Construction / Virtual Design / Design-Build 
• Electrical Service (24/7 emergency service)
• Electrical Preventive Maintenance / Testing / IR Infrared Scanning
• Data Communication Structured Cabling / Building Automation
• Energy Technologies / Solar Electric Systems / EV Charging
• Testing & Infrared Scanning
• Award Winning Custom Signs / High Rise/High Density Installation Capabilities

Lemberg provides electrical design and construction, structured cabling, automated and programmable logic - building automation control installation, cloud-based security/safety, wireless access points, fiber optics, high-medium-low voltage work, design-build services, award-winning sign design & installation, and more. Lemberg is committed to providing quality solutions, excellent service, safe and timely results.

Mission:  
""To provide a quality experience for our employees, customers, and community.""

History:
Founded in 1928, Lemberg has diversified its services and grown to become southeastern Wisconsin's largest employee-owned electrical contracting firm.

Find out more at https://www.lembergelectric.com/",Construction,51-200 employees,Privately Held,"Brookfield, WI",United States,lembergelectric.com,https://www.linkedin.com/company/lemberg-electric-company-inc-,TRUE,TRUE,https://lembergelectric.com/about-lemberg,FALSE,TRUE,❌ No relationships found,,,,,,,,,Found 1 People,,,,,,✅ Sent,,
,,Lifestyle Solar,"We understand that price is the main barrier to going solar and we strive to continuously to give the lowest prices guaranteed for mainstream adoption. By installing more systems we’re able to help you save money and also help the environment, securing a more sustainable world.",Renewables & Environment,11-50 employees,Privately Held,"Fresno, California",United States,lifestylesolarinc.com,https://www.linkedin.com/company/lifestyle-solar,TRUE,TRUE,http://lifestylesolarinc.com/about/kilowatt-fund,FALSE,TRUE,❌ No relationships found,,,,,,,,,❌ No Profile Found,✅ Found 10 people,,,,,✅ Sent 0 rows,,
,,Limitless Solar,We are a licensed Solar Contractor in Florida.,Construction,11-50 employees,Privately Held,"Hollywood, Florida",United States,limitlesssolar.com,https://www.linkedin.com/company/limitlesssolarfl,TRUE,TRUE,https://limitlesssolar.com/commercial,FALSE,TRUE,❌ No relationships found,,,,,,,,,❌ No Profile Found,✅ Found 10 people,,,,,✅ Sent 0 rows,,
,,"LMS ENERGY -LED Lighting, Solar, Electrical & EV Charging Services","We provide LED and Electrical solutions for both commercial and residential applications. We also provide a full array of interior and exterior signage, awnings, canopies and outdoor lighting maintenance solutions, as well as complete solar design and installation!","Appliances, Electrical, and Electronics Manufacturing",11-50 employees,Privately Held,"Milwaukee, Wisconsin",United States,lmsholding.com,https://www.linkedin.com/company/lms-energy,TRUE,TRUE,http://lmsholding.com,FALSE,TRUE,❌ No relationships found,,,,,,,,,❌ No Profile Found,✅ Found 1 people,,,,,✅ Sent 0 rows,,
,,Lodestar Energy,"lode*star - 1) a star that leads or guides.  2) something that serves as inspiration model or guide.

The shared passion to develop clean renewable energy was a lodestar for Jeff Macel and Jaime Smith when they founded the company.

Lodestar brings together an experienced solar development team that utilizes:

* regulatory expertise to focus on the right markets;
* strong referral network to identify key opportunities;
* deep market knowledge to screen opportunities, execute, and maximize value:
* project and tax equity financing experience to consistently close projects.

Lodestar is a developer of commercial and public sector DG and small utility-scale solar projects.  We focus on both organic origination and acquisition.  

We have a proven track record of developing and financing over 100 projects.  We have an unwavering commitment to building pipeline.  Our regulatory and policy knowledge allows us to anticipate markets and programs.  We are problem solvers - underwriting projects, identifying and closing any development gaps (i.e. engineering, interconnection, permitting, environmental, real-estate, legal contracts).",Renewable Energy Semiconductor Manufacturing,11-50 employees,Privately Held,"Avon, CT",United States,lodestarenergy.com,https://www.linkedin.com/company/lodestar-energy,TRUE,TRUE,https://lodestarenergy.com,FALSE,TRUE,❌ No relationships found,,,,,,,,,Found 4 People,,,,,,✅ Sent 4 rows,,
,,Lonestar Solar Services,Lone Star Solar Services LLC is a company that specializes in offering electrical solutions for solar power systems in residential and commercial properties. We are a licensed electrical contractor that operates in Texas.,Renewable Energy Semiconductor Manufacturing,51-200 employees,Privately Held,"Houston, Texas",United States,lonestarsolarservices.com,https://www.linkedin.com/company/lonestar-solar-services,TRUE,TRUE,https://lonestarsolarservices.com/services,FALSE,TRUE,❌ No relationships found,,,,,,,,,Found 1 People,,,,,,✅ Sent,,
,,"Longhorn Solar, Inc.","On behalf of our team at Longhorn Solar, we would like to thank you for your interest in changing our energy future! 

With your help, Longhorn Solar has grown to be one of the top solar installers in Texas.  To date, we have completed more than 2,300 solar and energy storage installations in Texas, saving our customers roughly $14M off their electric bills...and we're just getting started!

Our Mission Statement:  “To make solar accessible to everyone by providing the best products, at the best prices, installed by the best team in the country.”  

Our Vision Statement: “We would like to see solar on EVERY rooftop in Texas!!”

Notable Quote:  ""I’d put my money on the sun and solar energy. What a source of power!  I hope we don’t have to wait until oil and coal run out before we tackle that."" - Thomas Edison",Renewable Energy Semiconductor Manufacturing,11-50 employees,Privately Held,"Pflugerville, Texas",United States,longhornsolar.com,https://www.linkedin.com/company/longhorn-solar-inc.,TRUE,TRUE,https://longhornsolar.com/services/commercial-solar/commercial-nonprofits/,FALSE,TRUE,❌ No relationships found,,,,,,,,,,,,,,,,,
,,Lotus Energy & Solar,"Based in Florida, Lotus Energy & Solar works closely with clients from around Central Florida, getting to the heart of their energy needs to develop a strategic plan and customized proposal. We know that solar energy is not one-size-fits-all and are here to meet your needs!",Renewables & Environment,11-50 employees,Privately Held,"Tavares, Florida",United States,lotusenergy.solar,https://www.linkedin.com/company/lotus-energy-solar,TRUE,TRUE,https://lotusenergy.solar,FALSE,TRUE,❌ No relationships found,,,,,,,,,❌ No Profile Found,✅ Found 3 people,,,,,✅ Sent 0 rows,,
,,"Lucent Energy Management, dba Lucent Solar","Lucent Solar, a division of Lucent Energy Management, is a full service EPC solutions company for commercial and residential customers.

1-908-7 LUCENT 


Lucent Energy Management, Inc. is a direct installer of alternative energy systems for commercial and residential customers throughout the NJ, NY, CT, PA, and DE area",Renewable Energy Semiconductor Manufacturing,11-50 employees,Privately Held,"Union, New Jersey",United States,lucent-energy.com,https://www.linkedin.com/company/lucentsolar,TRUE,TRUE,https://lucent-energy.com,FALSE,TRUE,,,,,,,,,,Found 1 People,,,,,,✅ Sent,,
,,Luminalt,"Luminalt designs, installs, and maintains premium solar electric systems for residential, commercial, and non-profit customers in the San Francisco Bay Area. Our customers receive genuine personal attention from our experienced team before, during and after installations. We make the effort to understand your needs and develop renewable energy solutions to meet those needs.",Solar Electric Power Generation,51-200 employees,Privately Held,"San Francisco, California",United States,luminalt.com,https://www.linkedin.com/company/luminalt-energy-corporation,TRUE,TRUE,https://luminalt.com/residential/commercial-solar,FALSE,TRUE,❌ No relationships found,,,,,,,,,,✅ Found 10 people,,,,,,,
,,Luqon Inc.,"At Luqon Inc., we are not just providing solar energy solutions rather we are igniting a global shift towards a greener tomorrow. Our vision is to empower businesses and consumers with cutting-edge solar technologies that seamlessly integrate sustainability into their operations and lives. 

We are driven by a profound commitment to environmental responsibility, offering innovative solutions that not only reduce energy costs but also contribute to a healthier planet for generations to come. 

Our commitment extends beyond technology. it's rooted in a deep understanding of the urgent need for environmental responsibility. By choosing Luqon Inc., you are not just investing in solar power, rather you are becoming a vital part of a movement towards a healthier, more sustainable world. Let us partner with you to power a brighter, greener future.

We believe energy should be straightforward. Our goal is to help businesses and individuals understand energy choices easily. We provide clear guidance and honest advice, making it simple to make smart energy decisions.",Services for Renewable Energy,11-50 employees,Privately Held,"Houston , Texas",United States,luqon.co,https://www.linkedin.com/company/luqon-inc,TRUE,TRUE,https://luqon.co,FALSE,TRUE,❌ No relationships found,,,,,,,,,❌ No Profile Found,❌ No people found,✅ 1 decision maker found,,,,✅ Sent 0 rows,,
,,"Lux Solutions, LLC","Energy simplified. With a strategic approach, we are dedicated to delivering exceptional service to clients that creates value and empowers them to achieve their sustainability goals by providing innovative and comprehensive energy solutions that steward our planet’s resources.

Energy Audits, Lighting, Networked Controls, EV Charging, Solar, and Battery Storage are just some of the ways that we are building renewable energy solutions with a high customer value.

To schedule a detailed audit or consultation, call 1-800-279-8805 or email info@luxsolutions.com.",Services for Renewable Energy,51-200 employees,Privately Held,"Woodstock, GA",United States,luxsolutions.com,https://www.linkedin.com/company/lux-solutionsllc,TRUE,TRUE,https://luxsolutions.com/about,FALSE,TRUE,❌ No relationships found,,,,,,,,,❌ No Profile Found,✅ Found 10 people,,,,,✅ Sent 0 rows,,
,,Maine Community Power Cooperative,"We are disrupting the energy industry by putting people first.

We are a consumer-owned cooperative that develops, owns, and operates small-scale community solar projects on behalf of our members. Think of us as part energy company, part social movement.

Our mission is to provide equitable access to clean renewable energy. Our member-owned cooperative lowers energy expenses and improves resiliency through solar power, energy storage, efficiency and education. We empower communities, strengthen local economies, and promote ecological practices through community-based energy systems.",Renewable Energy Power Generation,2-10 employees,Partnership,"Norway, Maine",United States,mainecommunitypower.com,https://www.linkedin.com/company/maine-community-power-cooperative,TRUE,TRUE,https://www.mainecommunitypower.com/,FALSE,TRUE,❌ No relationships found,,,,,,,,,Found 2 People,,,,,,✅ Sent 2 rows,,
,,Maine Energy Experts,"Maine Energy Experts is a Renewable Energy Business in southern Maine, providing solar energy, heat pumps, and new roof solutions to businesses and homeowners. Our experts are passionate about educating consumers and providing them the most affordable and quality solution. Take the hassle and worry out of your solar process by calling us today for a free consultation!",Solar Electric Power Generation,11-50 employees,Privately Held,"Portland, Maine",United States,maineenergyexperts.com,https://www.linkedin.com/company/maine-energy-experts,TRUE,TRUE,https://maineenergyexperts.com,FALSE,TRUE,❌ No relationships found,,,,,,,,,,,,,,,,,
,,Maine Solar Solutions,"Maine Solar Solutions is a locally owned solar energy company specializing in the design, installation, and service of grid-tied, battery backup, and off-grid solar electric systems for homes and businesses throughout Maine.

With over a decade of experience and thousands of completed installations, we’re proud to live and work in the same communities we serve. Our mission is simple: to guide you toward energy independence while building a cleaner, brighter future for Maine.

Trust, transparency, and dependability are at the heart of how we work. We take a customer-first approach—educating you on your options and providing honest advice without pressure. From consultation through installation and long-term service, every step is handled in-house by our dedicated Maine-based team.

Learn more at www.mainesolarsolutions.com",Solar Electric Power Generation,11-50 employees,Privately Held,"Freeport, Maine",United States,mainesolarsolutions.com,https://www.linkedin.com/company/maine-solar-solutions,TRUE,TRUE,https://mainesolarsolutions.com/,FALSE,TRUE,❌ No relationships found,,,,,,,,,Found 1 People,,,,,,✅ Sent,,
,,Malama Solar,"Mālama means “to care for.” When founders Chris and Rachel Ah Sue formed the company, they wanted a name that reflected not only their connection to their Hawaiian home, but also our duty – our kuleana – to care for the planet. Everywhere you go on our islands you’ll see the phrase Mālama ‘Āina—the Hawaiian value that if you care for the land, the land will care for you.",Renewable Energy Semiconductor Manufacturing,51-200 employees,Privately Held,"Honolulu, Hawaii",United States,malamasolar.com,https://www.linkedin.com/company/malamasolar,TRUE,TRUE,https://malamasolar.com,FALSE,TRUE,❌ No relationships found,,,,,,,,,,✅ Found 10 people,,,,,,,
,,MARS Energy Group,"Founded in 2022, MARS Energy Group (“MARS”) is a holding company pioneering renewable energy company with a mission of powering 100,000 American businesses, non-profits, and homeowners with safe, reliable, and cost-effective renewable energy. Over the years MARS has acquired four companies and incubated three brands in the C&I solar space to cater to a large range of customers across multiple geographies.",Renewable Energy Power Generation,51-200 employees,Privately Held,"Rocklin, California",United States,marsenergygroup.com,https://www.linkedin.com/company/mars-energy-group,TRUE,TRUE,https://marsenergygroup.com/pages/mars-energy-customers,FALSE,TRUE,❌ No relationships found,,,,,,,,,Found 2 People,,,,,,✅ Sent 2 rows,,
,,Mayer,"At Mayer, we are committed to revolutionizing the way energy is harnessed and consumed, delivering innovative solar and energy efficiency solutions to homes and businesses across our communities. We believe that sustainable energy presents an opportunity to transform lives and economies while safeguarding the planet.
Join us in making a positive impact while enjoying the benefits of cutting-edge energy solutions. At Mayer, we are more than just a service provider—we are your partner in building a sustainable future.",Solar Electric Power Generation,51-200 employees,Privately Held,"Plano, Texas",United States,mayersolar.com,https://www.linkedin.com/company/mayerex,TRUE,TRUE,https://mayersolar.com,FALSE,TRUE,❌ No relationships found,,,,,,,,,Found 2 People,,,,,,✅ Sent 2 rows,,
,,"McClure Engineering, Inc.","Christopher P. McClure, P.E., Founder and President of McClure Engineering, has over 23 years of experience in the civil engineering field, which includes employment in the private consulting industry, state regulatory environment, and the municipal sector.  Mr. McClure founded McClure Engineering in 2007 and has provided outstanding service to clients in both the private and public sectors for cities, towns, state agencies, schools, commercial, industrial, non-profit institutions and individual landowners in 3 states.

Peter C. Engle, P.E., joined McClure in 2018 as a Senior Engineer with over eight years of experience in the both the civil and environmental engineering fields  Peter's extensive experience as a design engineer and project manager includes site layout design, roadway layout design, hydraulic analysis and calculations, stormwater management design, Title 5 design, solar array layout and architectural design.  He holds a professional engineering and soil evaluator licenses. 

We provide land surveying and civil engineering services to numerous municipal and private sector clients. Our qualified staff has experience with: residential, commercial, industrial, institutional, transportation system, utility, recreational facility and environmental protection projects. We have the capability to assist with all phases of your project, from early conceptual planning through final design, permitting and construction.  McClure provides services for a wide variety of drinking water suppliers:  municipalities, commercial clients, industrial clients, and small public water systems: design and permitting of new systems, evaluation of existing systems, development of plans for the future expansion of systems, and the performance monitoring for system compliance. McClure’s staff maintains drinking water licenses in MA and RI.

We have the staff and resources to see your project through to its final stages.",Civil Engineering,11-50 employees,Privately Held,"Charlton, Massachusetts",United States,mcclureengineers.com,https://www.linkedin.com/company/mcclure-engineering-inc,TRUE,TRUE,https://mcclureengineers.com,FALSE,TRUE,❌ No relationships found,,,,,,,,,,,,,,,,,
,,McPherson Engineering,"Design, Engineering, Permitting & More!  Our team provides value engineering for projects throughout California, Arizona, Colorado, Nevada, Utah, Florida, and Texas.  We specialize in all residential projects, including solar, and light commercial as well.  You won’t get “over engineered” solutions from us, so send us your next project to find out!

Walk in or email us your next project at se@mcpe.group",Civil Engineering,11-50 employees,Privately Held,"Jurupa Valley, California",United States,mcphersonengineering.com,https://www.linkedin.com/company/mcp-engineering,TRUE,TRUE,http://mcphersonengineering.com,FALSE,TRUE,❌ No relationships found,,,,,,,,,❌ No Profile Found,✅ Found 10 people,,,,,✅ Sent 0 rows,,
,,"Metro Construction, Inc","Metro Construction is a Denver based construction company with offices in four states nationwide. We’re dedicated to providing top of the line service and results. Whether it’s our partnerships with national product suppliers like Behr Paints and Owens Corning or the assignment of individual Project Managers to every client, we’re taking contracting to new heights. We’re talking roofing, painting, gutters, windows, you name it. Metro is committed to ethical business practices, environmentally friendly procedures and customer education, no matter the project.",Construction,51-200 employees,Privately Held,"Denver, Colorado",United States,mymetroconstruction.com,https://www.linkedin.com/company/metro-construction-inc,TRUE,TRUE,https://mymetroconstruction.com/commercial-roofing,FALSE,TRUE,,,,,,,,,,,✅ Found 10 people,,,,,,,
,,Metro Services Inc,"We are a mechanical/electrical based services and installation company. Primary business in world wide combustion services, regional HVAC  and solar services.  Solar installations, fabrication and installation of custom solar racking, utilization of 3D Cad drawings and engineering for commercial solar and combustion installations.",Industrial Machinery Manufacturing,11-50 employees,Privately Held,"Chattanooga, Tennessee",United States,metroservicesinc.com,https://www.linkedin.com/company/metro-services-inc,TRUE,TRUE,http://metroservicesinc.com,FALSE,TRUE,,,,,,,,,,,,,,,,,,
,,Michigan Regional Council of Carpenters and Millwrights,"The MRCC represents over 14,000 carpenters, millwrights, floor coverers, pile drivers, and solar installers throughout Michigan.",Construction,"10,001+ employees",Non Profit,"Detroit, MI",United States,hammer9.com,https://www.linkedin.com/company/mrcc-union,TRUE,TRUE,https://hammer9.com/about/community,FALSE,TRUE,❌ No relationships found,,,,,,,,,,,,,,,,,
,,Mid-Atlantic Solar & Storage Industries Association,"Made of a Board of Directors comprised of solar industry leaders from NJ PA and DE, this is our mission:  MSSIA is dedicated to advancing solar energy and energy storage as the primary energy sources in the Mid-Atlantic region, to create a sustainable energy future for all segments of the population while generating economic growth and high-quality jobs.",Renewable Energy Semiconductor Manufacturing,51-200 employees,Non Profit,"Bordentown, New Jersey",United States,mssia.org,https://www.linkedin.com/company/mssia,TRUE,TRUE,https://mssia.org/wp-content/uploads/2019/02/NJPACE-Overview.pdf,FALSE,TRUE,❌ No relationships found,,,,,,,,,,,,,,,,,
,,Midwest Solar Power,Midwest Solar Power is a solar electric system design and installation firm.  We work on both commercial and residential projects.,Environmental Services,2-10 employees,Partnership,"MADISON, WI - Wisconsin",United States,mwsolarpower.com,https://www.linkedin.com/company/midwest-solar-power,TRUE,TRUE,https://mwsolarpower.com/commercial-solar-installers,FALSE,TRUE,❌ No relationships found,,,,,,,,,,,,,,,,,
,,Mighty Dog Roofing,"At Mighty Dog Roofing, we are a national leader in roofing and home exterior solutions, delivering trusted roofing services, siding, and more to homeowners nationwide.
 Complimentary Roof Inspections – Prevent Costly Damage Before It Starts
 Trusted by Thousands of Homeowners Across the Country
 Premium Materials & Certified Installers for Long-Lasting Durability
 Your Home’s Best Friend
 Find Your Local Mighty Dog Roofing →",Construction,2-10 employees,Privately Held,"Omaha, Nebraska",United States,mightydogroofing.com,https://www.linkedin.com/company/mighty-dog-roofing,TRUE,TRUE,https://es.mightydogroofing.com/eastern-nebraska/,FALSE,TRUE,❌ No relationships found,,,,,,,,,,✅ Found 10 people,,,,,,,
,,Mirage Construction,"Mirage Construction is a construction company based out of Kimberly, Idaho, United States.",Construction,2-10 employees,Self Owned,"Twin Falls, Idaho",United States,mirageconstruction.com,https://www.linkedin.com/company/mirage-construction,TRUE,TRUE,https://mirageconstruction.com,FALSE,TRUE,❌ No relationships found,,,,,,,,,❌ No Profile Found,❌ No people found,✅ 1 decision maker found,,,,✅ Sent 0 rows,,
,,Mirasol Solar,"Solar Energy At It's Best

Welcome To Mirasol Solar, a Florida based provider and innovator of energy efficient solar electric PV (Photovoltaic), solar pool heating, solar water heating and pool automation equipment.

At Mirasol our experienced professionals have been installing residential and commercial solar electric, solar water heating, solar pool heating and controls for over 45 years. 

Mirasol Solar is a SunPower Elite Dealer and FAFCO Legacy Dealer. 
We are also certified Tesla PowerWall and certified Sonnen Battery installers. 

With all of our current and future environmental challenges now is the time to Go Green, put the sun work for you and start your way to energy independence.

With federal and state tax incentives its never been more affordable to have solar technology a part of your home or business.

At Mirasol Solar we always stand by one principle:100% Customer Satisfaction!
We strive to achieve that through zero defect workmanship and always exceeding our customer's expectations, come check out our picture gallery to see.",Renewable Energy Semiconductor Manufacturing,11-50 employees,Privately Held,"Sarasota, Florida",United States,mirasolsolar.com,https://www.linkedin.com/company/mirasol-solar,TRUE,TRUE,https://mirasolsolar.com/commercial,FALSE,TRUE,❌ No relationships found,,,,,,,,,❌ No Profile Found,✅ Found 10 people,,,,,✅ Sent 0 rows,,
,,Modern Energy,"Modern Energy is a Tech Company that specialize in Solar PV and the complete energy portfolio of your home or business.  We use our professional team to ensure that you are getting an energy solution that not only reduces your environmental impact, but also maximizes your cost savings.

LIVE Energy Monitoring System

Solar PV Systems 

Standby Generators 

Energy Management Systems 

Battery Systems",Renewable Energy Semiconductor Manufacturing,2-10 employees,Privately Held,"Dublin, Ohio",United States,gomodernenergy.com,https://www.linkedin.com/company/modern-echo,TRUE,TRUE,https://www.gomodernenergy.com/solar-power-faq,FALSE,TRUE,❌ No relationships found,,,,,,,,,❌ No Profile Found,✅ Found 1 people,,,,,✅ Sent 0 rows,,
,,Moore Energy LLC,"Moore Energy is a premier firm specializing in solar photovoltaic power systems for commercial and residential properties. We are the single source for our customers providing the design, cost/benefit analysis, installation, and maintenance systems. Moore Energy is committed to providing our clients with the highest level of service. All of our systems are professionally installed and fully tested by our specially trained installers.",Renewable Energy Semiconductor Manufacturing,11-50 employees,Privately Held,"Southampton, Pennsylvania",United States,mooreenergy.com,https://www.linkedin.com/company/moore-energy-llc,TRUE,TRUE,https://mooreenergy.com/commercial,FALSE,TRUE,❌ No relationships found,,,,,,,,,❌ No Profile Found,✅ Found 8 people,,,,,✅ Sent 0 rows,,
,,Morpho Energy,"A LEADING PLATFORM PARTNER DEVELOPING AND OWNING C&I AND MULTIFAMILY CLEAN ENERGY ASSETS.

And doing our part to accelerate the transformation to the electrified economy. 

Morpho Energy was founded by prominent energy industry executives with 3GW of solar project development experience. We're capitalized to develop, acquire, and own clean energy infrastructure assets. Our timely and innovative model allows us to offer project owners and corporate energy consumers above-market rates and certainty for the future.

WE OFFER HIGHLY CUSTOMIZED CLEAN ENERGY SOLUTIONS POWERED BY THE ONLY SERVICE WE SELL: ENERGY. 

With our Energy as a Service (EaaS) offering we emphasize multi-project relationships supported by our trusted EPC and other channel partners. This allows our customers including property owners such as large REITs to quickly realize company-wide benefits that move the needle and with no upfront cost.  

Morpho EaaS is by definition continuous and long term, which means it must keep up with the pace of change. So we deploy resilient, high-efficiency technologies that future-proof our energy investments against long-term risk of change, and allow us to maximize financial returns, minimize your carbon footprint, and expand and adapt as needed.",Renewable Energy Semiconductor Manufacturing,11-50 employees,Privately Held,"El Segundo, California",United States,morphoenergy.com,https://www.linkedin.com/company/morphoenergy,TRUE,TRUE,https://www.morphoenergy.com/candi,FALSE,TRUE,❌ No relationships found,,,,,,,,,Found 1 People,,,,,,✅ Sent,,
,,Mountain View Solar (mtvSolar),"Mountain View Solar provides complete design, installation and support for solar photovoltaic systems and electric vehicle charging stations with a pride and passion that has earned high praise from communities in West Virginia, Virginia, Maryland, Pennsylvania and Ohio. Recognized as a leader in renewable energy, we have received the high-honor of speaking at many key regional and state sponsored events as well as several awards including the Small Business Administration Entrepreneurial Success Award and West Virginia Environmental Council Green Entrepreneur Award.",Renewables & Environment,11-50 employees,Privately Held,"Berkeley Springs, WV",United States,mtvsolar.com,https://www.linkedin.com/company/mountain-view-solar,TRUE,TRUE,https://mtvsolar.com,FALSE,TRUE,❌ No relationships found,,,,,,,,,❌ No Profile Found,✅ Found 10 people,,,,,✅ Sent 0 rows,,
,,Mountain West Industrial,"Mountain West Industrial is a full service project management and Industrial Construction Company, with active projects nationwide. We are a major supplier of equipment and services to the power generation, refining, mining, biomass, industrial, oil and gas, solar and waste-to-energy markets. Our organization integrates a diverse and highly skilled national workforce, an elite corps of experienced industry professionals, and advanced services and equipment to provide our Clients with the most cost effective and highest quality solutions available in the industry.",Construction,201-500 employees,Privately Held,"Salt Lake City, Utah",United States,mtnwin.us,https://www.linkedin.com/company/mountain-west-industrial,TRUE,TRUE,http://mtnwin.us,FALSE,TRUE,❌ No relationships found,,,,,,,,,Found 3 People,,,,,,✅ Sent 3 rows,,
,,Mpower Solar,"Mpower Solar is a Brooklyn-based, family-owned residential solar installation company serving New York City’s five boroughs.",Services for Renewable Energy,51-200 employees,Privately Held,"Brooklyn, New York",United States,mpowersolar.com,https://www.linkedin.com/company/mpower-solar,TRUE,TRUE,https://www.mpowersolar.com/solutions/multi-family,FALSE,TRUE,❌ No relationships found,,,,,,,,,❌ No Profile Found,✅ Found 10 people,,,,,✅ Sent 0 rows,,
,,MSL Group Inc.,"MSL Group develops, owns and operates renewable energy and real estate assets primarily in New England.

The MSL Group team has been developing real estate since 1988 and renewable energy since 2012, with experience in site identification, project development, construction and asset management.",Renewable Energy Power Generation,2-10 employees,Privately Held,"Manchester, Connecticut",United States,mslgroupinc.com,https://www.linkedin.com/company/msl-group-inc.,TRUE,TRUE,https://www.mslgroupinc.com,FALSE,TRUE,❌ No relationships found,,,,,,,,,❌ No Profile Found,✅ Found 10 people,,,,,✅ Sent 0 rows,,
,,"Muth Electric, Inc.","Muth Electric is a premier electrical contractor with 9 locations across South Dakota and Nebraska. For 50 years we have specialized in all types of electrical contracting and data cabling. Our projects speak for themselves and with the scope of work we do you will enjoy a variety of projects in your career. Our work includes hospitals, water and waste treatment facilities, wind energy, correctional facilities, airport runway lighting, roadway lighting, motel complexes, industrial plants, military facilities, schools, wind farms, solar, medical clinics, office buildings and major retail stores. 

Our employees at Muth Electric play the most important part in the growth and advancement of the company. We believe in offering our employees the most current knowledge, training, and tools to become a highly skilled professional that delivers outstanding customer service. We offer a generous benefits package, safe working environment and advancement opportunites. 
Many exciting, challenging, and rewarding opportunties away you today!

DIVISIONS
Mitchell SD, Sioux Falls SD, Rapid City SD, Watertown SD, Brookings SD, Huron SD, Aberdeen SD, Omaha NE, Columbus NE",Construction,201-500 employees,Privately Held,"Mitchell, SD",United States,muthelectric.com,https://www.linkedin.com/company/muth-electric-inc,TRUE,TRUE,https://muthelectric.com,FALSE,TRUE,❌ No relationships found,,,,,,,,,,,,,,,,,
,,My Generation Energy,"Start-to-finish residential and commercial solar installer. High quality solar panels and products, impeccable customer service, local, trusted, and experienced. 

We can assess the solar potential of your home or business and clearly explain the financial benefits. If you decide to go solar, we manage the entire installation process including permits, applications, and registrations. 

Hundreds of customers across Massachusetts and Rhode Island are reaping the benefits of installing solar with My Generation Energy. From Boston to Cape Cod and beyond, we help our customers generate solar electricity savings.",Renewable Energy Semiconductor Manufacturing,2-10 employees,Privately Held,"Hyannis, MA",United States,mygenerationenergy.com,https://www.linkedin.com/company/my-generation-energy,TRUE,TRUE,https://mygenerationenergy.com/projects/,FALSE,TRUE,❌ No relationships found,,,,,,,,,Found 4 People,,,,,,✅ Sent 4 rows,,
,,Nabu Energy LLC,"""SUSTAINABLE & RELIABLE ENERGY FOR EVERYONE Join our many satisfied customers in making your home & business sustainable! WHAT WE OFFER Residential Solar Start saving immediately by installing solar panels on your rooftop by taking advantage of net-metering. Commercial Solar Rooftop, ground-mount, or canopy solar can help your organization hedge against electricity price risk. Energy Storage Battery storage has become cheaper, benefit from reducing demand charges and shifting loads. EV Charging Station Install best-in-class charging solution to take advantage of superior charging performance and safety. O&M Equipment diagnostics and repair - Corrective and preventive maintenance - Cost-effective resolutions - Knowledge transfer""",Renewable Energy Semiconductor Manufacturing,11-50 employees,Privately Held,"Newark, CA",United States,nabuenergy.com,https://www.linkedin.com/company/nabu-energy-llc,TRUE,TRUE,https://nabuenergy.com/solar-panel-installation,FALSE,TRUE,❌ No relationships found,,,,,,,,,❌ No Profile Found,✅ Found 10 people,,,,,✅ Sent 0 rows,,
,,National Energy Installers,"National Energy Installers, a leading company in the renewable energy sector, has solidified its presence in commercial and industrial solar and battery storage solutions. Our unwavering commitment to the energy industry has directed a significant portion of our efforts towards enhancing our commercial projects, serving a diverse array of clients, including commercial enterprises, industrial establishments, non-profit organizations, multi-family residences, and affordable housing communities. Our fundamental mission is to make clean, renewable energy accessible to everyone. We work diligently to provide sustainable energy solutions that drive efficiency, savings, and a brighter, more sustainable future for all.",Solar Electric Power Generation,51-200 employees,Privately Held,"Newport Beach, CA",United States,nationalenergyinstallers.com,https://www.linkedin.com/company/national-energy-installers,TRUE,TRUE,https://nationalenergyinstallers.com,FALSE,TRUE,❌ No relationships found,,,,,,,,,❌ No Profile Found,✅ Found 8 people,,,,,✅ Sent 0 rows,,
,,National Renewable Energy Partners,"National Renewable Energy Partners stands as a locally owned and operated company with strong ties in Ohio, Texas, Connecticut, Indiana and Arkansas. Our roots in these areas fuel our dedication to enhancing the lives of homeowners in these communities.

We aim to eliminate any complexities from the process, offering clear and comprehensive information from the outset, requiring no initial commitment. It's important to us that homeowners are well-informed about the advantages of solar energy.

If you're considering whether your home is suitable for solar energy and prefer a no-commitment evaluation, now is the time to act. Contact us, and we'll ensure a home solar expert gets in touch with you.",Services for Renewable Energy,11-50 employees,Privately Held,"New Haven, CT",United States,nrep.solar,https://www.linkedin.com/company/nrep-solar,TRUE,TRUE,https://nrep.solar/refer-a-friend/green-giving,FALSE,TRUE,❌ No relationships found,,,,,,,,,❌ No Profile Found,✅ Found 9 people,,,,,✅ Sent 0 rows,,
,,Native Renewables Inc,"Our mission is to grow Indigenous-led solar knowledge and solutions with Hopi and Diné (Navajo) families and communities.

We do this by installing and donating off-grid solar PV to remote homes that have no access to grid tied electricity. We have a ways to go to electrify tens of thousands of homes. 

Native Renewables is an Indigenous-led organization that is made up of solar installers, engineers, entrepreneurs, and tribal members based on the Navajo Nation and Hopi reservation.",Renewable Energy Semiconductor Manufacturing,11-50 employees,Non Profit,"Flagstaff, AZ",United States,nativerenewables.org,https://www.linkedin.com/company/native-renewables,TRUE,TRUE,https://nativerenewables.org,FALSE,TRUE,❌ No relationships found,,,,,,,,,Found 1 People,,,,,,✅ Sent,,
,,NATiVE Solar,"Since 2007, the NATiVE Solar team has been trusted to help unlock solar energy potential for built spaces across the Lone Star State.

NATiVE is a team of veteran solar industry professionals with unrivaled domain expertise in delivering best-in-class renewable energy harvesting and smart energy storage solutions for our commercial trade partners and Texas homeowners. 

We're big enough to scale for any size project, but we're small enough to care. about Ethical Practices and Genuine connections. 

NATiVE Solar looks forward to sharing our insights with you and learning about your vision of a solar-powered future.",Services for Renewable Energy,11-50 employees,Self Owned,"Dripping Springs, Texas",United States,nativesolar.com,https://www.linkedin.com/company/native-solar,TRUE,TRUE,https://nativesolar.com/community/,FALSE,TRUE,❌ No relationships found,,,,,,,,,Found 2 People,,,,,,✅ Sent 2 rows,,
,,Native Sun Community Power Development,"Native Sun is a native-led non-profit that promotes renewable energy, energy efficiency and an equitable energy transition through education, workforce training and demonstration. We provide educational programs for K-12 schools as well as for the community. We build connections and deliver adult education that is skills-based training for solar and wind energy installations and for energy efficiency retrofits.",Non-profit Organizations,2-10 employees,Non Profit,"Minneapolis, MN Minnesota",United States,nativesun.org,https://www.linkedin.com/company/native-sun-community-power-development,TRUE,TRUE,https://nativesun.org,FALSE,TRUE,❌ No relationships found,,,,,,,,,❌ No Profile Found,✅ Found 6 people,,,,,✅ Sent 0 rows,,
,,NAZ Solar Electric,"NAZ Solar Electric is a family-owned and operated business located in Flagstaff, Arizona. 

You might know us by our previous name, Northern Arizona Wind and Sun. In 2023 we updated our name to reflect who we are today. 

For over 40 years, we’ve supplied solar systems across the globe. We’re more than a distributor. We craft custom packages for our clients, ensuring you have the perfect setup for everything you need and want to do. Our sales and engineering team aren’t just technical support. They’re Solar Geniuses — equipped and ready to tackle your next energy challenge. 

Whether you’re a newbie to this technology or a seasoned pro, their expertise guides you to a solution that exceeds your expectations. We believe in making solar available and simple for everyone. We do everything we can to take the mystery out of it and make it easy to adopt and use for years to come. 

Plug in to solar with NAZ Solar Electric and let the sun power your world.",Renewable Energy Semiconductor Manufacturing,11-50 employees,Privately Held,"Flagstaff, Arizona",United States,solar-electric.com,https://www.linkedin.com/company/nazsolarelectric,TRUE,TRUE,https://solar-electric.com/commercial,FALSE,TRUE,❌ No relationships found,,,,,,,,,,,,,,,,,
,,NC Clean Energy Fund,"The North Carolina Clean Energy Fund is a  nonprofit that operates on the “Green Bank” model successfully pioneered in other states, including Connecticut, New York, and Michigan. Our mission is to accelerate investment in clean and efficient energy solutions and increase climate resilience in North Carolina, particularly to the benefit of underserved populations. We partner with public and private investors, foundations and other non-profit organizations to deploy sustainable financing solutions that will create long-lasting environmental, economic and social benefits.",Financial Services,2-10 employees,Non Profit,"Raleigh, NC",United States,nccleanenergyfund.com,https://www.linkedin.com/company/nc-clean-energy-fund,TRUE,TRUE,http://nccleanenergyfund.com,FALSE,TRUE,❌ No relationships found,,,,,,,,,Found 2 People,,,,,,✅ Sent 2 rows,,
,,"NC Solar Now, Inc.","NC Solar Now is locally owned and is North Carolina’s leading rooftop solar power installer. Located in Raleigh, NC, we serve homeowners, businesses, and nonprofits with energy efficiency solutions across North Carolina. NC Solar Now is dedicated to providing renewable energy options for consumers while educating them on how to save money in the process. We envision energy independence for everyone, and are committed to delivering outstanding service to its customers.

NC Solar Now is listed as an Accredited Business and given an A+ rating by the Better Business Bureau. We are also proud members of the Green Home Builders of the Triangle, as well as the North Carolina Sustainable Energy Association. 

We love informing people about the benefits of renewable energy, and are committed to providing the people of North Carolina with high quality and affordable solar and energy efficiency solutions!",Renewable Energy Semiconductor Manufacturing,11-50 employees,Privately Held,"Raleigh, North Carolina",United States,ncsolarnow.com,https://www.linkedin.com/company/nc-solar-now,TRUE,TRUE,https://ncsolarnow.com,FALSE,TRUE,,,,,,,,,,Found 1 People,,,,,,✅ Sent,,
,,NCi,"Established in 1996, NCI, Inc. provides general construction and specialty contracting services as well as related management services to residential, commercial and government clients. Our company is comprised of four divisions which include solar and renewable technologies, multifamily and residential construction, commercial roofing and storm restoration. 

Our team of professionals take care of overseeing vendors and timetables so our clients can focus on what is important to them. We believe our success has been the result of building trust and developing long lasting relationships with all of our clients and vendors over the years.

If you are interested in learning more about any of our divisions and services, we invite you visit our website www.northeastusa.com or give us a call at our office headquarters (804) 271-7711. We always welcome business inquiries.",Construction,11-50 employees,Privately Held,"Richmond, Virginia",United States,northeastusa.com,https://www.linkedin.com/company/northeast-construction-inc-,TRUE,TRUE,https://northeastusa.com,FALSE,TRUE,❌ No relationships found,,,,,,,,,❌ No Profile Found,✅ Found 10 people,,,,,✅ Sent 0 rows,,
,,NEC Solar,"Welcome to NEC Solar for home and business. 
We treat you with care from start to finish. We offer high quality, turnkey solar solutions. We operate with efficiency and integrity, based on experience.

Our primary goal is for your solar experience to be nice, easy and convenient. 
We are NEC Solar.  

Newport Electric Construction & Service has been meeting customers’ needs with outstanding quality since 2008. Thanks to our customers’ continued patronage, our company has grown to offer a family of services. Our Mr. Sparky division focuses on residential electrical needs. Newport Electric Construction has became a preferred installer for some of the largest solar companies in the market with thousands of completed installations. To provide more personalized service for residential and commercial customers, we’re proud to offer NEC Solar consulting in RI and MA.",Solar Electric Power Generation,11-50 employees,Privately Held,"Portsmouth, Rhode Island",United States,nec-solar.com,https://www.linkedin.com/company/nec-solar,TRUE,TRUE,https://nec-solar.com,FALSE,TRUE,❌ No relationships found,,,,,,,,,Found 1 People,,,,,,✅ Sent,,
,,Neeeco,"Neeeco helps Massachusetts residents reduce energy consumption and costs, and increase comfort in their homes. As a partner of the Mass Save program, we offer no-cost energy assessments and home weatherization - typically through insulation and air sealing -  at steeply reduced costs thanks to the program’s generous rebates. We also install windows, solar systems and electrical upgrades, all to improve the energy efficiency of homes and commercial buildings.

There are fantastic opportunities available through the Mass Save program, federal tax rebates and incentives, and through our commercial partnerships for residents to modernize their heating and cooling systems, decarbonize their homes, and to improve indoor air quality and comfort. 

Neeeco is committed to respectful and honest communication about opportunities, obstacles and costs associated with all the work we recommend. A home is a sanctuary as well as an asset; we won’t sell you anything we wouldn’t do for our own homes.",Environmental Services,51-200 employees,Privately Held,"Wilmington, Massachusetts",United States,neeeco.com,https://www.linkedin.com/company/neeeco-llc,TRUE,TRUE,https://neeeco.com/mass-save-program-commercial-energy-assessment,FALSE,TRUE,,,,,,,,,,❌ No Profile Found,✅ Found 10 people,,,,,✅ Sent 0 rows,,
,,Neighborhood Sun,"We are your local, friendly community solar company on a mission to beat climate change. Will you join us? 

At Neighborhood Sun, our mission is to empower communities to gain access to the clean energy revolution sweeping the nation. We are not going to solve climate change or truly switch this nation to clean energy unless everyone is involved, not just the affluent. 

We seek to provide non-profit, faith, and neighborhood groups with a turn-key community solar solution, including signing up subscribers, site development, financing, and customer management. Solar shouldn't be about creating new consumers, but rather about creating strong communities.

What we do:

 - Customer Acquisition
Neighborhood Sun specializes in customer acquisition for clean energy and we’re putting our skills and experience to work in the community solar business. Our unique approach entails working from the ground-up with all the interested stakeholders and local leaders. 

 - Customer Management
We have experience managing a large group of diverse customers, whether it’s monthly billing, customer service, or frequent communication through various platforms. Utilizing Neighborhood Sun will ensure a community solar project is fully subscribed and the customers are happy with their service.
 
 - Partnerships
To build community solar projects we partner with Community Leaders and local grassroots organizations.  Visit http://www.neighborhoodsun.solar/community-leaders-sign-ups.html to let us know that your community wants a local clean energy project.

Follow us on twitter https://twitter.com/NeighborhoodSun 
Like us on Facebook https://www.facebook.com/neighborhoodsun/",Renewable Energy Semiconductor Manufacturing,11-50 employees,Privately Held,"Silver Spring, MD",United States,neighborhoodsun.solar,https://www.linkedin.com/company/neighborhood-sun,TRUE,TRUE,https://neighborhoodsun.solar/community,FALSE,TRUE,,,,,,,,,,Found 2 People,,,,,,✅ Sent 2 rows,,
,,Neil Kelly Company,"Neil Kelly is a nationally recognized business with a reputation for award-winning design, innovative practices, outstanding craftsmanship and community engagement. Since 1947, we’ve delighted homeowners with unparalleled design/build remodeling projects, including work in custom homes, energy efficiency, home improvement, handyman services and more.

As a certified B Corp, we strive to make meaningful contributions to our environment, like using formaldehyde-free cabinets and hiring LEED savvy designers.

Now, after 70 years, we’re still inspired by Neil Kelly’s vision, values and innovative spirit, and we continue to carefully craft our reputation one project — and one satisfied client — at a time.",Construction,201-500 employees,Privately Held,"Portland, OR",United States,neilkelly.com,https://www.linkedin.com/company/neil-kelly-company,TRUE,TRUE,https://neilkelly.com/neil-kelly-is-a-certified-b-corp,FALSE,TRUE,❌ No relationships found,,,,,,,,,❌ No Profile Found,✅ Found 10 people,,,,,✅ Sent 0 rows,,
,,New England Energy Experts," Affordable & Sustainable Energy for Homeowners
 Reduce Your Bills & Go Green
 Serving MA | ME | RI | CT
 https://newenglandenergyexperts.com",Solar Electric Power Generation,2-10 employees,Partnership,"Melrose, Massachusetts",United States,newenglandenergyexperts.com,https://www.linkedin.com/company/new-england-energy-experts,TRUE,TRUE,http://newenglandenergyexperts.com,FALSE,TRUE,❌ No relationships found,,,,,,,,,,,,,,,,,
,,New Leaf Electric,New Leaf Electric's mission is to provide alternative energy solutions to allow freedom from gas stations and power companies. We are a San Diego company with roots in the Solar (PV) industry that have anchored us for nearly a decade . We aim to develop and maintain the necessary clean energy infrastructure that allow our beautiful communities to flourish for years to come.,Construction,2-10 employees,Privately Held,"San Diego, CA",United States,newleafelectric.com,https://www.linkedin.com/company/new-leaf-electric,TRUE,TRUE,https://newleafelectric.com,FALSE,TRUE,❌ No relationships found,,,,,,,,,,,,,,,,,
,,NewGen Energy now MARS Energy Group,"NewGen Energy has helped power countless Agriculture, Commercial, Non-Profit and Residential clients with custom solutions for each audience. We're here to ensure that you're as efficient and profitable as possible, with the highest quality alternative energy power solutions!",Solar Electric Power Generation,51-200 employees,Privately Held,"Rocklin, California",United States,newgenenergy.com,https://www.linkedin.com/company/newgen-energy-usa,TRUE,TRUE,https://newgenenergy.com,FALSE,TRUE,,,,,,,,,,❌ No Profile Found,❌ No people found,✅ 1 decision maker found,,,,✅ Sent 0 rows,,
,,Next Generation Solar,"Next Generation Solar is an EPC founded in Texas with extremely competitive redlines that also offers HVAC, Radiant Barrier, blown in insulation and Design/Permitting/Interconnection services.",Solar Electric Power Generation,11-50 employees,Privately Held,"Fort Worth, TX",United States,nextgenerationsolartx.com,https://www.linkedin.com/company/next-generation-solar2,TRUE,TRUE,https://nextgenerationsolartx.com,FALSE,TRUE,❌ No relationships found,,,,,,,,,Found 1 People,,,,,,✅ Sent,,
,,NOCO Energy Corp.,"With a rich history spanning more than 90 years, NOCO is a leading full-service energy company servicing customers across Upstate New York. Committed to sustainable energy solutions, NOCO evolves alongside its residential and commercial clients while fostering industry innovation. 

NOCO’s commercial offerings include a comprehensive suite of services tailored to the needs of businesses, from fuels to energy efficiency solutions and environmental services. Additionally, NOCO provides a wide range of residential products and services aimed at optimizing energy usage at home, including fuels, heating and cooling systems, generators, geothermal, insulation, and home energy assessments. 

NOCO remains committed to environmental stewardship and community engagement.",Oil and Gas,201-500 employees,Privately Held,"Tonawanda, NY",United States,noco.com,https://www.linkedin.com/company/noco-energy-corp-,TRUE,TRUE,https://noco.com,FALSE,TRUE,❌ No relationships found,,,,,,,,,Found 1 People,,,,,,✅ Sent,,
,,North Texas Solar,"North Texas Solar is a solar energy contractor specializing in grid-tied, battery back-up, and off-grid Solar PV systems. We create custom commercial and residential solutions based on load profiles and usage patterns.",Solar Electric Power Generation,2-10 employees,Privately Held,"Grapevine, Texas",United States,northtexassolar.com,https://www.linkedin.com/company/north-texas-solar,TRUE,TRUE,https://northtexassolar.com/services/commercial-solar,FALSE,TRUE,❌ No relationships found,,,,,,,,,❌ No Profile Found,✅ Found 2 people,,,,,✅ Sent 0 rows,,
,,Northwind Solar,"Northwind Solar is the leading solar, solar + storage, and smart home provider for homeowners, businesses, local governments and farms in central Wisconsin.

We specialize in all types of solar electric systems.",Solar Electric Power Generation,11-50 employees,Privately Held,"Amherst, Wisconsin",United States,northwindre.com,https://www.linkedin.com/company/north-wind-renewable-energy,TRUE,TRUE,https://northwindre.com/solar-power-tax-exempt-organizations,FALSE,TRUE,❌ No relationships found,,,,,,,,,❌ No Profile Found,✅ Found 10 people,,,,,✅ Sent 0 rows,,
,,NRGTree LLC,"NRGTree is a team of renewable energy experts who collaborate with real
estate investors with commercial, industrial or residential portfolios to develop
personal revenue-generating renewable energy portfolio

NRGTree is committed to helping property owners and investors explore
renewable energy in a comprehensive way. This includes providing all the
resources needed to make an educated decision based on a financial analysis
showing how investors capitalize on their investment. From providing your
property’s optimized design, to connecting you to our pre-certified installers
and financing institutions, NRGTree provides guidance every step of the way.

NRGTree will streamline the solar development process and allow for the
shortest possible payback period.",Renewable Energy Semiconductor Manufacturing,2-10 employees,Privately Held,"Lowell, Massachusetts",United States,nrgtree.com,https://www.linkedin.com/company/nrgtree,TRUE,TRUE,https://nrgtree.com/commercial,FALSE,TRUE,❌ No relationships found,,,,,,,,,Found 3 People,,,,,,✅ Sent 3 rows,,
,,"NuWatt Energy, LLC","NuWatt Energy is a solar energy company that provides a comprehensive range of services to residential and commercial customers. We specialize in Solar Power installations, and Home Electrification services such as Energy Storage Solutions, Smart Electrical Panels, Energy Management, EV Chargers, and Heat Pump installations. 

NuWatt Energy's exceptional work in solar energy installation and innovation has been recognized by Panasonic, which has named us the fastest-growing installer in the Northeast region. This recognition is a testament to the quality of our installations and our commitment to providing excellent sustainable energy solutions and services to our customers.

NuWatt Energy is pioneering AI-driven Agrivoltaics technology to combine solar energy and agriculture to provide cost-effective solutions for farmers. This system increases crop yields while conserving water resources and promoting sustainability by reducing reliance on fossil fuels and greenhouse gas emissions.

In addition to its cutting-edge work with AI-driven Agrivoltaics, NuWatt Energy is also a leader in the development of Solar Noise Barriers. These innovative barriers can reduce noise pollution while generating renewable energy, making them an ideal solution for communities and transportation departments looking to improve sustainability and reduce noise pollution.

Our team of experts works closely with each customer to design and install customized solutions that fit their unique energy needs and budget. With locations in the Northeast, NJ, PA, GA, and TX, NuWatt Energy is committed to helping our customers reduce their carbon footprint and save money on their energy bills and achieve smart building electrification.",Renewable Energy Power Generation,11-50 employees,Privately Held,"Woburn, Massachusetts",United States,nuwattenergy.com,https://www.linkedin.com/company/nuwatt-energy-llc,TRUE,TRUE,https://nuwattenergy.com/solar-panels-for-nonprofit,FALSE,TRUE,❌ No relationships found,,,,,,,,,Found 1 People,,,,,,✅ Sent,,
,,NXTGEN Clean Energy Solutions,"NXTGEN Clean Energy Solutions is your one-stop shop for solar energy, wind energy, battery storage, electric vehicle charging and solar lighting. We provide consultation and full project development of Clean Energy Solutions for end-user customers to help them save money, generate revenue, or both, all while reducing the carbon footprint and helping the environment.

NXTGEN provides development assistance to identify which Clean Energy options are the best fit for each client. A customized approach takes into consideration client needs including energy requirements, budgets, property dynamics, schedules, and the like, which allows NXTGEN to recommend solar, wind, battery storage, electric vehicle charging stations, solar lighting, or a combination of these technologies for a maximized ROI.

NXTGEN represents the client and manages specialty design/installation contractors and technology providers to deliver zero-hassle Clean Energy Solutions.",Renewable Energy Semiconductor Manufacturing,2-10 employees,Privately Held,"Independence, Ohio",United States,nxtgencleanenergy.com,https://www.linkedin.com/company/nxtgen-clean-energy-solutions,TRUE,TRUE,https://www.nxtgencleanenergy.com/solar-energy,FALSE,TRUE,❌ No relationships found,,,,,,,,,Found 1 People,,,,,,✅ Sent,,
,,Oak Electric Service,"Our hope is that our Full Service Operation will prove to simplify things for you, our client, knowing how busy life can get - Our business is built on happy customers, customers that refer us to their neighbors, friends and family - Our customer service, exceptional work and integrity, set us apart from our competition. Our average employee has been with us for over 10 years, which speaks volumes about our company and the value we place on our employees and their contributions to our success. We started as a family-minded business and we continue to ensure this mentality remains unchanged, whether it relates to our clients or our amazing employees.",Specialty Trade Contractors,51-200 employees,Privately Held,"Waterford, Michigan",United States,oakelectric.com,https://www.linkedin.com/company/oak-electric-service,TRUE,TRUE,https://oakelectric.com,FALSE,TRUE,❌ No relationships found,,,,,,,,,❌ No Profile Found,✅ Found 10 people,,,,,✅ Sent 0 rows,,
,,Ocean Head Solar & Electric,"OceanHead Solar & Electric: Hawaii's EV Charging & Solar PV Specialists. We can do big things together.  We are a certified Women Owned Small Business (WOSB) and have been serving commercial, residential and general contracting clients in Hawaii since 2012.  We pride ourselves on our superior workmanship and extraordinary customer service.  Our goal is to exceed our client’s expectations and to conduct business in the spirit of Aloha.",Renewable Energy Semiconductor Manufacturing,11-50 employees,Privately Held,"Honolulu, HI",United States,oceanhead.com,https://www.linkedin.com/company/ocean-head-solar-&-electric,TRUE,TRUE,https://www.oceanhead.com/commercial,FALSE,TRUE,❌ No relationships found,,,,,,,,,❌ No Profile Found,✅ Found 4 people,,,,,✅ Sent 0 rows,,
,,OffGridBox,OffGridBox is the world's most powerful modular and compact unit that provides affordable renewable energy and clean water in remote areas. Our innovative technology is a solution for more than 2 billion people worldwide that need energy and clean water on a daily basis.,Renewables & Environment,11-50 employees,Privately Held,"Somerville, Massachusetts",United States,offgridbox.com,https://www.linkedin.com/company/offgridbox,TRUE,TRUE,https://www.offgridbox.com/ourmission,FALSE,TRUE,❌ No relationships found,,,,,,,,,Found 1 People,,,,,,✅ Sent,,
,,OGW Energy Resources,"A wide range of
green energy resources:
Solar Photovoltaics, LED Retrofits, Solar Thermal.
OGW Energy Resources offers turnkey solutions that can connect your home, business or farm with the power of green energy. We work closely with our customers to help them achieve their goals using the most efficient technologies. From photovoltaics to wind turbines to LED conversions, we have been meeting the needs of our customers for years.
We are accessible.
We are based in Tipp City, Ohio, and our owners are involved in the management of the company on a daily basis. You will always deal with someone who cares about your complete satisfaction.
We are accountable.
Not only will we be there for you during the installation, but you can count on us afterwards for prompt service.
We are proven.
Since 2009, we have been meeting our customers’ energy goals and can do the same for you. Need proof? Just ask our customers.",Renewables & Environment,2-10 employees,Privately Held,"Tipp City, Ohio",United States,ogwenergyresources.com,https://www.linkedin.com/company/ogw-energy-resources,TRUE,TRUE,https://ogwenergyresources.com/commercial/,FALSE,TRUE,❌ No relationships found,,,,,,,,,❌ No Profile Found,✅ Found 9 people,,,,,✅ Sent 0 rows,,
,,Okovate Sustainable Energy,"Agrivoltaics is a type of dual-use solar deployment that optimizes land use for both solar photovoltaic energy generation and agriculture production. As the world increasingly experiences the impacts of the global climate crisis, agrivoltaics is an essential part of the solution. American Farmland Trust (AFT) estimates 83 percent of new solar built in the next few decades will likely be sited on agricultural acreage. While the deployment of solar energy is a key component of the larger climate solution, it should not come at the expense of farm land - especially when the global demand for food is increasing.

Enter Okovate. We are a 100% Black-owned and-operated group building value-add services within Agrivoltaic solar research, development, and maintenance operations. We partner with crop farmers in select markets to develop agrivoltaic systems on active farmland. Okovate is a lean company looking to intentionally grow our team.","Agriculture, Construction, Mining Machinery Manufacturing",2-10 employees,Privately Held,"Washington, District of Columbia",United States,okovate.com,https://www.linkedin.com/company/okovate,TRUE,TRUE,https://www.okovate.com,FALSE,TRUE,❌ No relationships found,,,,,,,,,Found 1 People,,,,,,✅ Sent,,
,,"Oliver Heating, Cooling, Plumbing & Electrical","The Oliver company has been proudly serving the Delaware Valley since 1971. We are available to assist residential, commercial, and industrial customers with their heating, cooling, plumbing, and electrical needs. We also offer duct cleaning services, new equipment installation, and solar and geothermal solutions.",Construction,201-500 employees,Privately Held,"Morton, PA",United States,oliverheatcool.com,https://www.linkedin.com/company/j.m.-oliver-inc.,TRUE,TRUE,https://olivermechanicalservices.com,FALSE,TRUE,,,,,,,,,,,,,,,,,,
,,Olympia Community Solar,"Olympia Community Solar is a nonprofit organization in Western Washington state devoted to stewarding the transition to clean energy through project development, education, and policy development. Run by a working volunteer board of directors, we are currently developing our first community solar project in conjunction with local governments and respected nonprofit entities. Our educational portfolio involves partnerships with public schools to develop curriculum as well as showcasing and stewarding the development of renewables on campus and in the classroom. Our policy work includes close working relationships with municipalities to streamline and unify solar codes, as well as advocacy at the state level.",Solar Electric Power Generation,2-10 employees,Non Profit,"Olympia, Washington",United States,olysol.org,https://www.linkedin.com/company/olysol,TRUE,TRUE,http://olysol.org,FALSE,TRUE,❌ No relationships found,,,,,,,,,❌ No Profile Found,✅ Found 2 people,,,,,✅ Sent 0 rows,,
,,"ONYX SOLAR NETWORK, INC.","Our mission is to accelerate the global energy transformation to clean renewable energy. Our network is actively seeking, investing, and deploying the latest technologies in power generation, design & integration. 
As a community-oriented organization, our primary focus is on the customer journey, customer care, and aftersales service, this is an integral part of our business model.  Our advisors are not commission-driven. We’re here to facilitate and not negotiate people transitioning to clean renewable power. 
Our state-of-the-art platform for clean-energy-based projects is here to replace today’s sluggish and ineffectual system design tools.  If transparency, accuracy, and fulfillment are critical to your organization, then look no further. Our partners and everyone here at ONYX SOLAR NETWORK are fully committed to our mission of empowering communities for a better brighter future. 
As such, we will guarantee the best economics, financing programs, and system integration for each project regardless of its size and complexity. 
The time to act is now. Come join our premier contractor's network of vetted, local, and community-driven installers, ready to assist you with all your energy efficiency needs.",Renewable Energy Semiconductor Manufacturing,201-500 employees,Privately Held,"Fullerton, CA",United States,onyx.solar,https://www.linkedin.com/company/onyxsolar,TRUE,TRUE,https://onyx.solar,FALSE,TRUE,❌ No relationships found,,,,,,,,,❌ No Profile Found,✅ Found 1 people,,,,,✅ Sent 0 rows,,
,,Optify Group,"We help organisations transform their energy costs and achieve their business objectives through renewable energy. Unlike traditional installers or funding providers, we’re impartial advisors, focused on outcomes, not technology. Our mission is to make renewable energy projects affordable and self-funding, optimised, and aligned with your business goals, turning ESG initiatives into real financial transformation.

Our approach is built around maximising lifetime savings and ensuring every project delivers the best possible outcome for our clients. We do this by helping you:

•	Build robust business cases that get signed off by stakeholders.
•	Understand the financial and operational impact of renewable energy projects.
•	Optimise solutions for cost efficiency, savings, and long-term value.
•	Explore integrated solutions such as battery storage at no additional capex.

A cornerstone of our approach is the Feasibility Kickstarter, our world-class viability calculator tool that enables organisations to quickly assess the viability of renewable energy for their sites. In just minutes, it provides a clear picture of system size, likely savings, funding options, and how to structure a project for industry-leading ROI. It’s designed to provide “a-ha” moments for stakeholders and support decision-making with evidence-based business cases.

At Optify, we focus on client outcomes, not solar panels. We help you leverage renewable energy to drive financial, operational, and ESG transformation, ensuring every project contributes meaningfully to your business success.

If you’re ready to explore how renewable energy could transform your energy costs and deliver measurable business impact, the Feasibility Kickstarter is your starting point, it takes just 2 minutes to see the potential.",Professional Services,2-10 employees,Privately Held,Newport,United States,optifygroup.com,https://www.linkedin.com/company/optify-group,TRUE,TRUE,https://www.optifygroup.com/clients,FALSE,TRUE,,,,,,,,,,,,,,,,,,
,,Option One Solar,"Option One Corporation  (aka dba Option One Solar)

Option One Solar Vision:
To offer our customers the world’s highest performing Photovoltaic solar products, a top quality professional installation, with 100% customer satisfaction at a fair price.

Option One Solar Pledge:
At Option One Solar we do things different, we put the interests of the customer first and we focus on creating a system that will give you the best results based on your budget. We evaluate your energy consumption history and determine what size system generates the best return on your investment.

Option One Solar Values:
Option One Solar is sincerely committed to our customers and want to see your investment keep paying you over the long term. We do not gamble with inferior products just because they are the new trend, we use only the highest performing systems in the world.

Founded as J&L Electric in 1970 (*Incorporated 2013)",Construction,11-50 employees,Privately Held,"Apple Valley, CA",United States,optiononesolar.com,https://www.linkedin.com/company/option-one-corporation,TRUE,TRUE,https://optiononesolar.com/commercial/solar,FALSE,TRUE,❌ No relationships found,,,,,,,,,,,,,,,,,
,,"Orbit Energy & Power, LLC","Our Team has been involved in the construction industry throughout the US for more than 30+ years with more than 17+ years being directly involved in the Solar & Renewable Energy fields helping to both structure deals as well as Design/ Build some of the largest and highest profile projects here in the States i.e. The first ever worldwide installs for such companies as DuPont Nemours, Johnson & Johnson and MERCK Pharmaceutical.  We were involved in the original contract negotiations and build-out of such projects as The Eagles Stadium (Lincoln Financial Field), The Atlantic City Convention Center, The Liberty Science Center, GOYA Foods, Fed-Ex facilities located on the Newark-Liberty Intl. Airport property, The Liberty Science Center Museum, DelDot, Baltimore-Washington International Airport, CHOP (Children’s Hospital of Philadelphia), The New Barnes Foundation Museum in Philadelphia, Urban Outfitters in Gap, PA just to name a few…

Orbit Energy is currently comprised of a very seasoned Construction Management and Finance Team that has collectively developed, financed, designed, built and installed more than 1.5 Gigawatts + of solar projects throughout North America over the past 17+ years.

Not only do we provide Complete Turn-key Design/ Build EPC&M services for our core business model of Residential and Commercial Solar Photovoltaic Systems but we also offer Battery Storage Solutions, Back-up Emergency Power Generators, Compact CHP, Electric Vehicle Charging Stations, LED Lighting Retrofits as well as on-going systems Operations & Maintenance.

Orbit Energy has all of the necessary licenses, insurance, bonding and safety that is required to facilitate our clients’ needs.",Renewable Energy Semiconductor Manufacturing,11-50 employees,Privately Held,"Sewell, New Jersey",United States,orbitenergy.us,https://www.linkedin.com/company/orbit-energy-power,TRUE,TRUE,https://orbitenergy.us/blog/home-solutions/how-we-are-making-a-difference-in-our-community,FALSE,TRUE,❌ No relationships found,,,,,,,,,❌ No Profile Found,✅ Found 10 people,,,,,✅ Sent 0 rows,,
,,OurEnergy,"OurEnergy is an electrical power infrastructure and renewable energy consulting, engineering, project management, construction management, and development services company with clients and projects across the United States, Latin America/Caribbean, Pacific Islands, and Africa.

The company provides technical, economic, and management expertise to ensure that energy infrastructure projects are de-risked and optimized for resilience, return on investment, timely implementation, and environmental benefits.

OurEnergy specialties include solar, wind, hydrogen, battery storage, generators, EV charging, transmission/distribution, utility interconnection, and financing.

Segments served include airports, seaports, datacenters, hospitals, campuses, corporations, factories, master plan communities, government facilities, municipalities, tribes, and utilities.",Services for Renewable Energy,11-50 employees,Privately Held,"Santa Cruz, California",United States,ourenergyco.com,https://www.linkedin.com/company/ourenergy,TRUE,TRUE,https://www.ourenergyco.com/our-work,FALSE,TRUE,❌ No relationships found,,,,,,,,,Found 1 People,,,,,,✅ Sent,,
,,Ovanova,"Ovanova builds battery-powered, grid-forming energy trailers that bring clean, quiet, and resilient electricity wherever it’s needed. Our Portable Energy Trailers (PETs) are mobile microgrids designed for real-world impact. They serve as backup power during disasters, power remote work sites, enable quiet community events, and support off-grid resilience.

We combine deep expertise in battery storage, microgrid design, and U.S.-based supply chains with a smart revenue-sharing model that makes clean energy accessible to more people and places. From disaster relief to everyday reliability, Ovanova’s systems are helping to build the 21st-century energy infrastructure we need—locally manufactured, globally relevant, and community-driven.

With each PET deployed, we strengthen the networks, skills, and supply chains needed to accelerate the transition to a clean, distributed, and resilient energy future.

Learn more at 
Our Wefunder campaign: https://wefunder.com/ovanovapet
Our website: https://www.ovanova.co/",Solar Electric Power Generation,2-10 employees,Privately Held,Hillsborough,United States,ovanova.co,https://www.linkedin.com/company/ovanova,TRUE,TRUE,https://ovanova.co/about,FALSE,TRUE,❌ No relationships found,,,,,,,,,❌ No Profile Found,✅ Found 10 people,,,,,✅ Sent 0 rows,,
,,Pacific Coast Power,"Providing clean energy in the places we live, work, and play is more than a trend.  At Pacific Coast Power we believe in creating clean energy communities that provide long term solutions to our growing energy demand.  Our sole mission is to assist underserved solar customers in our communities.",Solar Electric Power Generation,2-10 employees,Partnership,"San Diego , California",United States,pacificcoastpower.com,https://www.linkedin.com/company/pacificcoastpower,TRUE,TRUE,https://www.pacificcoastpower.com,FALSE,TRUE,❌ No relationships found,,,,,,,,,Found 1 People,,,,,,✅ Sent,,
,,Palmetto,"Palmetto is a leading clean tech company on a mission to accelerate the transition to a clean energy future. With the belief that consumers can have it all, we are an uncompromising energy company that makes going green a no-brainer. Our award-winning platform empowers homeowners, businesses, and entrepreneurs to adopt renewable energy through simple, scalable, and innovative solutions.

We operate at the intersection of B2B and D2C, offering software, financial tools, and services that drive real environmental impact—without compromising value. Our Clean Energy Platform makes solar and home electrification easy to access, easy to afford, and easy to manage.

The Palmetto journey:
• Download our app
• Switch to clean energy products including solar, HVAC, and energy storage
• Finance with flexible options
• See your savings in real time with energy insights

We deliver flexible energy plans, real-time insights, and seamless customer experiences through offerings like our Consumer App and Marketplace, LightReach Solar and HVAC Subscriptions, and Asset Management tools—with more innovations on the way.

How We Think
We’ve always been told a cleaner future means sacrifice. Turn it down, pay more, wait forever. We don’t buy that. At Palmetto, we believe the future is abundant. We help homeowners have it all: lower energy bills, smarter homes, and a healthier planet.

Who We Serve
We work with homeowners, clean energy brands, and local installation partners to help them grow their impact, revenue, and customer reach.

Our Community Impact
• 1+ terawatt-hour of clean solar energy generated
• 740,000+ tons of carbon emissions avoided
• 90,000+ homes powered for a year

Careers at Palmetto
We’re a primarily remote company with team members across the U.S. and offices in Charlotte, NC and Charleston, SC. As a triple bottom line business, we’re building a better energy future—for people and the planet.",Software Development,201-500 employees,Privately Held,"Charlotte, North Carolina",United States,plm.to,https://www.linkedin.com/company/palmetto,TRUE,TRUE,https://plm.to/2P6KdDa,FALSE,TRUE,❌ No relationships found,,,,,,,,,Found 10 People,,,,,,✅ Sent 10 rows,,
,,Palomar Solar & Roofing,"Palomar Solar is Southern California’s leading “boutique” solar energy installation company. We have a creative, solution-focused organization, uniquely suited to handle any installation challenge, ie: roof, ground, commercial solar; home, business or a church. We offer top quality products and no work is sub- contracted.

Every system installed by Palomar Solar is based on our continued commitment to excellence and staying ahead of advancements in a rapidly changing industry. We handle all of the paperwork and documentation for you, including; processing city or county permits, utility interconnections and state rebates (when available).

What else sets Palomar Solar apart?  We include per panel monitoring (with Enphase Energy microinverters), for all our clients at no extra charge.  True per panel monitoring is the only way to hold all parties accountable for your systems full production potential.  It can also show you when it’s time to trim that tree.

At Palomar Solar, we are committed to providing you with the highest level of customer service and satisfaction possible. 

CSLB License #C10-945152

Note: The C-10 license is the gold standard for solar installations.  Many competitors only have a C-46 Solar license.  This only allows them to build the system.  They are not able to connect to your main panel without using a C-10.  So if they only have a C-46 that means they are subcontracting work.",Renewables & Environment,11-50 employees,Privately Held,"Escondio, CA",United States,palomarsolar.com,https://www.linkedin.com/company/palomar-solar,TRUE,TRUE,https://palomarsolar.com,FALSE,TRUE,❌ No relationships found,,,,,,,,,Found 1 People,,,,,,✅ Sent,,
,,Panasun Solar,"Panasun Solar is a top-rated solar company based in Florida. We’re an owner-operated company that is uniquely dedicated to the experience of each of our customers as we provide a more affordable energy alternative to qualified homeowners. We take care of the entire process from customized design and engineering to permitting, installation and activation of every system. Our mission is to enable our customers to take control over their rising electricity costs and start generating budget-friendly, earth-friendly power. We are committed to making the transition to renewable energy for each of our customers as delightful as possible.",Solar Electric Power Generation,11-50 employees,Privately Held,"Orlando, FL",United States,panasunsolar.com,https://www.linkedin.com/company/panasun-solar,TRUE,TRUE,https://panasunsolar.com/commercial-solar,FALSE,TRUE,❌ No relationships found,,,,,,,,,❌ No Profile Found,✅ Found 9 people,,,,,✅ Sent 0 rows,,
,,Paradise Energy Solutions,"Since 2009, Paradise Energy Solutions of Paradise, PA, has designed and installed over 2,000 PV solar energy systems for businesses, farms, and homes throughout the mid-Atlantic. 

We’re a full-service solar energy company that will handle the entire process. We install solar panel systems, EV chargers, and energy storage solutions, and we have an in-house solar maintenance & service team.

We provide solar services in DE, MD, NY, OH, PA, VA, and WV.",Services for Renewable Energy,51-200 employees,Privately Held,"Paradise, PA",United States,paradisesolarenergy.com,https://www.linkedin.com/company/paradise-energy-solutions-llc,TRUE,TRUE,https://www.paradisesolarenergy.com/solar-services/non-profit-solar,FALSE,TRUE,❌ No relationships found,,,,,,,,,❌ No Profile Found,✅ Found 10 people,,,,,✅ Sent 0 rows,,
,,Patriot Power Company,"Founded in 2022, Patriot Power Company provides innovative renewable electrification solutions for Commercial, Agricultural, Industrial, and Residential customers. Patriot Power Company’s in-house design, project management, and customer service teams manage all aspects of our engineering, procurement, and construction (EPC) services. Patriot Power Company is presently certifying as a (B) Corporation certification and is a Veteran preference and benefit company.",Solar Electric Power Generation,11-50 employees,Partnership,"Wellington, Florida",United States,patriotpowercompany.com,https://www.linkedin.com/company/patriot-power-company,TRUE,TRUE,https://patriotpowercompany.com,FALSE,TRUE,❌ No relationships found,,,,,,,,,❌ No Profile Found,✅ Found 5 people,,,,,✅ Sent 0 rows,,
,,PenTex Energy,"Our mission is that we are committed to safely providing reliable energy, competitively priced with quality service that exceeds our members' expectations.  Our vision is that of embracing innovative business, technology and employee practices while empowering our members and communities.",Utilities,51-200 employees,Non Profit,"MUENSTER, Texas",United States,pentex.com,https://www.linkedin.com/company/pentexenergy,TRUE,TRUE,https://pentex.com/charitable-foundation,FALSE,TRUE,❌ No relationships found,,,,,,,,,❌ No Profile Found,✅ Found 10 people,,,,,✅ Sent 0 rows,,
,,Peregrine Energy Group,"Peregrine Energy Group brings complex energy pictures into focus. We are an energy consulting company with a focus on energy efficiency and renewable energy (especially solar), a unique expertise in data visualization, and a passion for making energy information easy to understand, use, and share with others. Our customers are organizations with complex energy pictures — cities, states, utilities, nonprofits, and businesses. Our experienced team works with them to understand that energy picture and then take action to reduce their energy use, costs, and emissions in measurable ways.",Renewables & Environment,11-50 employees,Privately Held,"Boston, MA",United States,peregrinegroup.com,https://www.linkedin.com/company/peregrine-energy-group,TRUE,TRUE,https://www.peregrinegroup.com/,FALSE,TRUE,❌ No relationships found,,,,,,,,,Found 1 People,,,,,,✅ Sent,,
,,Phoenix Exteriors & Solar,"Welcome to Phoenix Exteriors - where innovation meets sustainability!

 Our story begins in 2007 with our CEO, Eric Stanis. Making it his lifelong mission to build a better future by integrating sustainability into every aspect of our business. In 2018, Eric’s dedication to environmentally friendly practices introduced solar energy to our company. 

 We are Tesla Certified installers in: Austin, TX | San Antonio, TX | Memphis, TN | Chicago, IL | Offering roofing, solar, and siding solutions, we are committed to providing top-notch services while minimizing our environmental impact. As the ONLY Tesla Certified installers in Chicago, we’re about making your home a model of efficiency and style. Please give us a call if you would like an inspection, free estimate, or want some more information!",Renewable Energy Power Generation,11-50 employees,Self Owned,"Schaumburg, Illinois",United States,phoenixexteriors.com,https://www.linkedin.com/company/phoenixexteriors,TRUE,TRUE,https://phoenixexteriors.com/roofing/commercial-roofing,FALSE,TRUE,❌ No relationships found,,,,,,,,,❌ No Profile Found,✅ Found 10 people,,,,,✅ Sent 0 rows,,
,,Planet Solar Solutions,"At Planet Solar Solutions, we make your transition to solar simple. Our dedicated team works with you from beginning to end, to ensure your custom system is designed and installed to meet the highest industry standards, utilizing the best quality equipment available today. Whether you own a home, business, or both, we’re here to provide the very best customer service and American-Made premium solar products to create a turn-key solar solution and brighten your future, one solar panel at a time. Planet Solar Solutions – it’s solar made simple.",Renewable Energy Semiconductor Manufacturing,11-50 employees,Privately Held,"Palm Beach Gardens, Florida",United States,planetsolarsolutions.com,https://www.linkedin.com/company/planet-solar-solutions,TRUE,TRUE,https://www.planetsolarsolutions.com/commercial,FALSE,TRUE,❌ No relationships found,,,,,,,,,❌ No Profile Found,✅ Found 9 people,,,,,✅ Sent 0 rows,,
,,PLS Consulting,"PLS takes a consulting approach to installing solar for both commercial and residential customers. We take pride in being honest, transparent and setting realistic expectations. Having an owner who has overseen the installation of over 1500 energy projects in his time in the industry has helped us streamline our processes and create lasting vendor relationships that give cost-efficient solar solutions to our clients.",Solar Electric Power Generation,2-10 employees,Privately Held,"Overland Park, Ks",United States,plsconsults.com,https://www.linkedin.com/company/plsconsults,TRUE,TRUE,http://plsconsults.com,FALSE,TRUE,❌ No relationships found,,,,,,,,,❌ No Profile Found,✅ Found 3 people,,,,,✅ Sent 0 rows,,
,,PlugPV,"PlugPV is a premier solar energy and battery storage provider. As a company, we care about the customer experience. Our goal is to solve for the energy dynamic in every home.

PlugPV has more than 100 years of combined experience in house. We are a small, high impact team that focuses on the little details throughout the Project Life-cycle. Our team has worked in small and large scale solar over the years, and we know how to make sure each customer experiences a seamless and enjoyable transition to solar. 

Solar Made Easy:
- Solar
- Battery
- EV Charging
- Monitoring

Service areas: New York, Vermont, New Hampshire, Massachusetts, Connecticut, New Jersey, Ohio, and Florida",Renewable Energy Semiconductor Manufacturing,51-200 employees,Privately Held,"Troy, New York",United States,plugpv.com,https://www.linkedin.com/company/plugpv,TRUE,TRUE,https://plugpv.com,FALSE,TRUE,❌ No relationships found,,,,,,,,,Found 2 People,,,,,,✅ Sent 2 rows,,
,,"Poco Solar Energy, Inc.","POCO Solar Energy, Inc founded in 1984 has been one of the leading solar installation companies for the Bay Area. Working in most aspects of solar including Solar Pool Heating, Solar Hot Water systems, and Photovolaics (solar electric) and Solar Installation consulting. Poco Solar is commited to outstanding customer service, and helping everyone do their part for the enviromnent.",Renewable Energy Semiconductor Manufacturing,11-50 employees,Privately Held,"Santa Clara, CA",United States,pocosolar.com,https://www.linkedin.com/company/poco-solar-energy-inc.,TRUE,TRUE,https://www.pocosolar.com/coolpv/,FALSE,TRUE,❌ No relationships found,,,,,,,,,❌ No Profile Found,✅ Found 7 people,,,,,✅ Sent 0 rows,,
,,Power,"Power is a national leader in commercial solar and renewable energy solutions, helping organizations transition to cleaner, more resilient, and cost-effective energy. With operations across the US, we specialize in turnkey commercial solar projects, energy storage, EV charging infrastructure, and energy management systems.

Founded by industry veterans with a track record of scaling solar companies, we’ve built a platform that simplifies complex energy projects—from financing and permitting to design, installation, and ongoing service. We’ve helped thousands of businesses reduce their energy costs, improve sustainability, and unlock new revenue streams through clean technology.

Whether you’re a CFO managing operational costs, an ESG leader advancing sustainability goals, or a nonprofit stewarding donor dollars, our team delivers tailored energy solutions backed by cutting-edge tech, deep expertise, and a commitment to long-term success.

Key Offerings:
	•	Commercial Solar Systems
	•	Energy Storage Solutions
	•	EV Charging Stations
	•	Solar Canopies & Carports
	•	Energy Monitoring & Carbon Management Software
	•	Proprietary Energy-Saving Device (PWRforce)
	•	Carbon Credit Monetization & ESG Strategy

Why Power?
	•	Projects completed in as little as 90 days
	•	NABCEP certified, OSHA & EPA compliant
	•	Over 300MW of solar installed
	•	Service & support in all 50 states

 The future of electricity is hyperlocal. Let us help you produce, store, and manage power where it’s needed most—on your terms.",Services for Renewable Energy,51-200 employees,Privately Held,"San Jose, CA",United States,power.solar,https://www.linkedin.com/company/pwrsolar,TRUE,TRUE,https://power.solar/places-of-worship,FALSE,TRUE,❌ No relationships found,,,,,,,,,❌ No Profile Found,✅ Found 10 people,,,,,✅ Sent 0 rows,,
,,Power Guru LLC,"Power Guru offers a wide variety of services and products to help clients generate clean electricity. Located in Bennington since 2007, we specialize in the installation of top-of-the-line solar systems for residential and commercial clients in the Southern Vermont and nearby-New York area. In addition to solar, we install battery backup systems as a certified Tesla Powerwall Installer partnered with Green Mountain Power and EV charging stations to create whole-home energy solutions. This approach ensures our clients can rest easy knowing they have reliable energy when need arises while also participating in the green energy revolution.",Solar Electric Power Generation,11-50 employees,Privately Held,"Bennington, VT",United States,power-guru.com,https://www.linkedin.com/company/power-guru,TRUE,TRUE,https://power-guru.com,FALSE,TRUE,❌ No relationships found,,,,,,,,,❌ No Profile Found,✅ Found 9 people,,,,,✅ Sent 0 rows,,
,,Powersmith Solar,"Powersmith is dedicated to providing solar renewable energy solutions. We are dedicated to providing residential and commercial sectors with solar energy. We believe we are only as good as our partnerships and being a team is what makes us stronger and more determined to make changes in our surrounding communities. With our combined decades of experience, we will bring affordable and obtainable solutions to everyone. We will never stop providing individualized attention to each and every client, ensuring we stand out from the competition. We always bring our honesty and integrity to the front lines. We continue to be the best partners by continuing to expand and educate ourselves on a wide range of technology to make business more sustainable and profitable while ensuring that our communities have access to clean and affordable solar solutions.",Solar Electric Power Generation,11-50 employees,Self Owned,"Temecula, CA",United States,powersmithsolar.com,https://www.linkedin.com/company/powersmithsolar,TRUE,TRUE,https://powersmithsolar.com/commercial,FALSE,TRUE,❌ No relationships found,,,,,,,,,❌ No Profile Found,✅ Found 5 people,,,,,✅ Sent 0 rows,,
,,"Powur, PBC","The Powur Mission: Accelerate the adoption of clean energy worldwide
We're empowering our community of homeowners and advisors to thrive in the global shift to sustainable energy.",Renewables & Environment,51-200 employees,Privately Held,San Diego,United States,powur.com,https://www.linkedin.com/company/powurpbc,TRUE,TRUE,https://impact.powur.com/wp-content/uploads/2024/05/Powur-ImpactReport-Download-final.pdf,FALSE,TRUE,❌ No relationships found,,,,,,,,,,,,,,,,,
,,Precision Electric Company,"Headquartered in Lakeside, Ca Precision Electric Company has served the San Diego, Orange, Imperial, San Bernardino, and Riverside counties since 1984.

Precision Electric Company strives to provide you with the most professional and efficient electricians in the industry. With our high standards and many cost saving solutions we will ensure you are 100% satisfied with your project. Our experience and expertise will ensure your project gets done right.",Construction,51-200 employees,Privately Held,"Lakeside, CA",United States,precisionelectricco.com,https://www.linkedin.com/company/precision-electric-company,TRUE,TRUE,https://precisionelectricco.com,FALSE,TRUE,❌ No relationships found,,,,,,,,,,,✅ 1 decision maker found,,,,,,
,,"Progressive Energy Solutions, Inc.","Progressive Energy Solutions Inc. prides itself as being a leader amongst Southern California’s Solar Integrators. We strive to meet and exceed a quality of excellence that goes above and beyond the standard in the construction industry. We are locally owned and based out of the Inland Empire with a very long reach. Our staff are seasoned in the solar, electrical, plumbing, roofing and contracting industry. We bring over 25 years of combined field experience to our projects insuring our customers’ needs are addressed with the highest level of quality and expertise. We have worked in every major jurisdiction in Southern California and are thoroughly familiar with applicable local codes and requirements.",Construction,11-50 employees,Privately Held,"Yucaipa, California",United States,progressiveenergysolutions.com,https://www.linkedin.com/company/progressive-energy-solutions-inc-,TRUE,TRUE,http://progressiveenergysolutions.com,FALSE,TRUE,❌ No relationships found,,,,,,,,,❌ No Profile Found,✅ Found 10 people,,,,,✅ Sent 0 rows,,
Added: CEO reached out to me on linked in due to an event I was at Banyan and he was too - wanted to meet me - accepted his linked in 11/29 and asked for a meeting. ,,Promittens Energy ,looks c and i/bess - good size - turn key - looks to own. CEO reached out to me on linked in post Banyan cooley event. to connect. ,Robert Niziol   https://www.linkedin.com/in/robertniziol/,Looks to be polish - very experienced - posted on the Pope ,,,,,,,,,,,,,,,,,,,,,,,,,,,,
,,Prospect Solar,"Prospect Solar specializes in the installation of commercial roof top solar power systems design, engineering, and installation as well as BIPV (Building Integrated Photovoltaic).  While we are working directly with property owners to install systems on existing properties we are also providing proposals for installations on new facilities where the design is integrated into the new construction.

We are developing relationships with solar panel manufacturers, potential power purchase agreement (PPA) providers, and solar divisions of various roofing companies so that we may provide a solar power system solution for any job specific requirements.  We can provide information and guidance regarding all available federal and state tax credits and incentives along with a complete Return On Investment analysis based on a solar power system purchase.

Together with our sister company, Prospect Waterproofing, we can provide a complete turn-key roof system with an installed solar power system while maintaining all required roof warranties.  We can coordinate all installation details with the solar panel manufacturer, racking system manufacturer, and roofing system manufacturer as we are certified applicators for every major roofing products manufacturer.

Please keep Prospect Solar in mind during budget phase, preconstruction, and bidding, and we will provide all your pricing and installation needs for coordinated roofing, roof top solar, and BIPV.  Thank you.",Renewable Energy Semiconductor Manufacturing,11-50 employees,Privately Held,"Sterling, Virginia",United States,prospectsolar.com,https://www.linkedin.com/company/prospect-solar,TRUE,TRUE,https://prospectsolar.com/our-portfolio/,FALSE,TRUE,❌ No relationships found,,,,,,,,,,,,,,,,,
,,ProVision Solar,ProVision Solar has been providing personalized turn key solar services to the Big Island since 1998. Our staff is committed to providing unparalleled customer service and the highest quality solar products installed by our team of licensed professional electrical and structural engineers here on the Big Island. We listen to you and solve your problems. Our dedicated service team will be here for you long after the installation.,Renewable Energy Power Generation,11-50 employees,Privately Held,"Hilo, Hawaii",United States,provisionsolar.com,https://www.linkedin.com/company/provisionsolar,TRUE,TRUE,https://provisionsolar.com/services-2/non-profit-solar/,FALSE,TRUE,❌ No relationships found,,,,,,,,,,✅ Found 10 people,,,,,,,
,,PRQ Exteriors,"Founded by Patrick Quinn, PRQ Exteriors began its journey in the Denver Metro area with a bold vision. More than just a roofing company, PRQ set out to revolutionize the industry plagued by trust issues and outdated practices. Emphasizing progress and trust, we've established ourselves as leaders in this transformation.

At PRQ, we harness the power of data to understand and optimize every aspect of our operations. This data-centric approach has not only enhanced our customer service but also led our sales team to become the most successful in Colorado. Our commitment to data-driven strategies and exceptional sales training is a cornerstone of our success.

Our team is our greatest asset. At PRQ, we cultivate an environment where excellence thrives, offering opportunities for career growth and continuous learning. Our culture is built on discipline, continuous improvement, robust systems, open communication, and a relentless pursuit of exceeding expectations. We believe in nurturing talent and fostering collective success.

Customer satisfaction is paramount at PRQ. We're known for providing seamless, stress-free roofing services. Our approach has earned us significant recognition, including ranking #141 on the Inc 500 in 2019. We aim to quintuple our revenue by 2027, focusing on growth, innovation, and community impact.

Community engagement is a key focus for us. From providing free roofs for Habitat for Humanity to helping those in need, we're committed to giving back and building a legacy of generosity.

Join us at PRQ Exteriors as we continue to shape the future of roofing. Be a part of a movement that's not just about business, but about enriching lives, one roof at a time.",Construction,51-200 employees,Privately Held,"Golden, Colorado",United States,prqexteriors.com,https://www.linkedin.com/company/prq-exteriors,TRUE,TRUE,https://prqexteriors.com/commercial-roofing/commercial-maintenance-program,FALSE,TRUE,,,,,,,,,,,,,,,,,,
,,PTM Solar,"At PTM Solar, we're dedicated to democratizing clean energy access for homeowners, renters, and businesses alike. Through innovative Community Solar programs and personalized solar solutions, we empower our clients to embrace sustainable energy, reduce their carbon footprint, and achieve significant savings—all without the need for rooftop installations. Join us in our mission to create a greener, more sustainable future for all.",Business Consulting and Services,51-200 employees,Privately Held,"East Syracuse, New York",United States,ptmsolar.com,https://www.linkedin.com/company/ptm-solar,TRUE,TRUE,https://ptmsolar.com/community-solar,FALSE,TRUE,❌ No relationships found,,,,,,,,,❌ No Profile Found,✅ Found 10 people,,,,,✅ Sent 0 rows,,
,,Puget Sound Solar,"Puget Sound Solar designs, sells, installs, and services solar energy systems and electric vehicle charging stations. Our customers want to make a difference by using solar energy so our job is to help them make that happen, and to provide them with high quality service. Our expert team has specified and installed hundreds of solar energy systems and EV charging stations in the Puget Sound region.
In addition to installing solar projects we are working to influence local, state, and national policy-makers, and we are educating architects, builders, planners, and the general public about solar energy’s place in our energy-hungry society.",Renewable Energy Semiconductor Manufacturing,11-50 employees,Privately Held,"Seattle, Washington",United States,pugetsoundsolar.com,https://www.linkedin.com/company/puget-sound-solar,TRUE,TRUE,https://pugetsoundsolar.com/commercial-solar/,FALSE,TRUE,❌ No relationships found,,,,,,,,,Found 3 People,,,,,,✅ Sent 3 rows,,
,,PV Squared Solar,"Founded in 2002, PV Squared Solar is a democratically-governed and 100% Worker-Owned Cooperative and Certified B Corporation that develops, designs, installs, and maintains solar electric systems for homeowners, commercial property owners, and public-sector partners.

PV Squared also provides highly specialized solar engineering, design, consulting services, as well as operations & maintenance for solar projects across Western Massachusetts and Southern Vermont.

PV Squared is the region’s most experienced home-grown solar company and is recognized as the “Nation’s Most Forward Thinking Solar Contractor” by Solar Power World Magazine.",Services for Renewable Energy,11-50 employees,Privately Held,"Greenfield, MA",United States,pvsquared.coop,https://www.linkedin.com/company/pvsquared,TRUE,TRUE,https://pvsquared.coop,FALSE,TRUE,❌ No relationships found,,,,,,,,,Found 1 People,,,,,,✅ Sent,,
,,"PV Tech, Inc","PV Tech is a California-headquartered solar technology startup, with operating subsidiaries in Southern Sudan, Kenya, and Botswana. PV Tech's approach is to be vertically integrated: developing local markets for solar energy solutions, while growing an indigenous technology- and skill-base in the regions of operation. PV Tech is working on independent power production in Southern Sudan, and solar cell/module production in Kenya and Botswana.",Renewable Energy Semiconductor Manufacturing,11-50 employees,Privately Held,"Ontario, California",United States,pvtechnologyinc.net,https://www.linkedin.com/company/pv-tech-inc,TRUE,TRUE,https://pvtechnologyinc.net/#WhoWeServe,FALSE,TRUE,❌ No relationships found,,,,,,,,,Found 1 People,,,,,,✅ Sent,,
,,"Q Meccanica, Inc.","Q Meccanica is (QMI) a engineering design firm that specializes in renewable energy and was established to close the gap between engineering design and real-world application and installation.

We design residential, commercial, and industrial energy storage and solar photovoltaic systems with a highly personalized and client-centric approach. We offer engineering services tailored to fit your project’s requirements through highly responsive coordination and outstanding design.

Our design engineers incorporate the lessons learned by the experts who install the systems and the clients that live with those systems.",Design,11-50 employees,Privately Held,California,United States,qmeccanica.com,https://www.linkedin.com/company/q-meccanica-inc,TRUE,TRUE,http://qmeccanica.com,FALSE,TRUE,❌ No relationships found,,,,,,,,,Found 1 People,,,,,,✅ Sent,,
,,RACK,"RACK is a leading energy solutions provider headquartered in Boca Raton, Florida. With decades of experience, we specialize in the installation and maintenance of whole home generators, EV chargers, propane, natural gas systems, full-service electrical work, and A/C. Our team blends technical expertise, innovation, and precision to deliver safe, dependable, and code-compliant energy solutions across residential, commercial, and industrial markets.

From hurricane preparedness to renewable transitions, Rack empowers South Florida with the infrastructure to stay powered and protected year-round. Our commitment to service excellence and safety has made us a trusted partner throughout Palm Beach, Broward, and Martin counties.

Through our specialized divisions — HVAC, Fuel Solutions, and Renewable Power — we deliver integrated, future-ready systems designed to meet the evolving energy needs of today’s homes and businesses",Construction,51-200 employees,Self Owned,"BOCA RATON, FLORIDA",United States,rackelectric.com,https://www.linkedin.com/company/rack-electric,TRUE,TRUE,https://rackelectric.com/south-florida-generator-service/hoa-generators,FALSE,TRUE,,,,,,,,,,,,,,,,,,
,,Rack Solar,"Rack Solar: Florida's #1 Solar Panel System Installer Empowering a Sustainable Future

Welcome to Rack Solar, where innovation meets sustainability. As Florida's leading solar panel system installer, we specialize in providing cutting-edge renewable energy solutions that empower homes and businesses to harness the power of the sun. Our commitment to excellence and sustainability drives us to deliver superior service and unmatched expertise in the solar industry.

Our Mission

At Rack Solar, our mission is simple: to create a sustainable future by making clean, renewable energy accessible and affordable for everyone. We believe in the transformative power of solar energy and are dedicated to helping our clients reduce their carbon footprint while enjoying significant energy savings.

What We Offer

Solar Panel Installation: Expert installation services for residential and commercial properties.
Solar Energy Consulting: Personalized consulting to maximize your energy efficiency and savings.
Custom Solar Solutions: Tailored solar system designs to meet your unique energy needs.
Maintenance & Repair: Comprehensive maintenance and repair services to ensure optimal performance.
Solar Financing: Flexible financing options to make your solar investment affordable.
Why Choose Rack Solar?

Proven Expertise: With years of experience and a track record of successful installations, we are the trusted choice for solar solutions in Florida.
Customer-Centric Approach: We prioritize our clients' needs, offering personalized service and support throughout your solar journey.
Sustainable Impact: Join us in our mission to promote environmental stewardship and reduce reliance on fossil fuels.
Connect With Us

Join the Rack Solar community and stay updated on the latest in solar technology, industry trends, and sustainability tips. Follow us for insights and updates, and learn how you can contribute to a cleaner, greener future with solar energy.

Discover the Rack Solar difference today",Solar Electric Power Generation,51-200 employees,Privately Held,"Boca Raton, Florida",United States,racksolar.com,https://www.linkedin.com/company/rack-solar,TRUE,TRUE,https://racksolar.com,FALSE,TRUE,,,,,,,,,,,,,,,,,,
,,"RDS Electric, Inc.","RDS Electric provides electrical services to residential, commercial and industrial customers. Weather you need a small repair at your home or a new circuit or panel at your office.  All of our technicians have been drug tested, background checked and professionally trained.

Our industrial department has highly skilled technical electricians who perform, motor control, industrial communications, UPS/Data center wiring, along with generator power.

Our commercial construction department does new construction and tenant improvement.

For more about what we can provide electrically, please visit our web site at www.rdselectric.com",Construction,11-50 employees,Privately Held,glendale,United States,rdselectric.com,https://www.linkedin.com/company/rds-electric-inc.,TRUE,TRUE,http://rdselectric.com,FALSE,TRUE,❌ No relationships found,,,,,,,,,,,,,,,,,
,,Re-Gen Electric Inc.,"ReGen is your best source for Renewable Energy projects.

We are able to design and install:
EV Charging Stations for commercial properties, Levels 2 and 3. Lighting Retrofits that update lighting and reduce energy usage and costs. Energy Metering, making energy visible and Solar projects for renewable energy needs.",Renewable Energy Semiconductor Manufacturing,11-50 employees,Self Owned,"Fresno, California",United States,re-genelectric.com,https://www.linkedin.com/company/regen-electric,TRUE,TRUE,https://re-genelectric.com/charging-stations,FALSE,TRUE,❌ No relationships found,,,,,,,,,❌ No Profile Found,✅ Found 6 people,,,,,✅ Sent 0 rows,,
,,Red Cloud Renewable,"Since 2002, Henry Red Cloud has been working to bring energy sovereignty to his community on the Pine Ridge Reservation in South Dakota with the dream of creating a new generation of Solar Warriors. Henry is a fifth generation direct descendant of the infamous Chief Red Cloud (Mahpiya Luta), one of the most renowned American Indian leaders in history, and is dedicated to seeing the vision of his ancestors fulfilled by ushering in a revival of the Lakota people and all Native Americans within seven generations of his great-great-great grandfather.

Red Cloud Renewable has helped provide field training and professional certifications to over a thousand individuals from over 70 tribes. Our work is focused within three strategic pillars:

Solar Installation
Native American students learn about the benefits of solar energy, including reducing electricity bills, solar powered water pumps for gardens, and the potential for energy independence by going “off the grid.”

Home Weatherization
An all-Native crew runs “The Native to Native Energy Sovereignty” Weatherization program, which is grant-funded by the U.S. Department of Energy. The crew does energy assessments and building retrofits on the reservation, helping create safe, healthy homes.

Sustainable Home Building
Completed in conjunction with our partners at ""In Our Hands,"" the “Lakota Thiyuha Project” offers innovative housing that is affordable, sustainably built, using cellular concrete and locally harvested lumber, and easy to regulate in extreme temperatures. This project not only helps alleviate stresses related to the housing crisis in our community, but also adds to our mission of workforce development as we hire only Natives for construction projects.",Non-profit Organizations,2-10 employees,Non Profit,"Pine Ridge, South Dakota",United States,redcloudrenewable.org,https://www.linkedin.com/company/red-cloud-renewable,TRUE,TRUE,https://redcloudrenewable.org,FALSE,TRUE,❌ No relationships found,,,,,,,,,,✅ Found 9 people,,,,,,,
,,"Redstone Solar, LLC",We are a premier full service provider of solar photovoltaic systems along the Wasatch Front. Our specialty is the design and installation of high-end systems on upscale homes.,Construction,11-50 employees,Privately Held,"Provo, Utah",United States,redstonecleanenergy.com,https://www.linkedin.com/company/redstone-solar,TRUE,TRUE,https://redstonecleanenergy.com/commercial-solar-and-battery-installation,FALSE,TRUE,❌ No relationships found,,,,,,,,,❌ No Profile Found,❌ No people found,✅ 1 decision maker found,,,,✅ Sent 0 rows,,
,,Redwood Energy,"Since 2011 Redwood Energy has led the design of more than 400 all-electric apartment complexes with 50%-110% solar offset arrays, including half of the all-electric residences built in California between 2011 and 2020, and 1/4th of the Zero Net Energy residences in North America. We provide Title 24 modeling, all-electric design support and Utility Allowance modeling to create cost-effective Zero Net Energy affordable housing. Our projects range from high rises to cottages, and we teach residential and commercial electrification classes for California's utilities.",Research Services,11-50 employees,Privately Held,"Arcata, California",United States,redwoodenergy.net,https://www.linkedin.com/company/redwood-energy,TRUE,TRUE,https://redwoodenergy.net/research/redwood-energys-pocket-guide-to-all-electric-commercial-retrofits,FALSE,TRUE,❌ No relationships found,,,,,,,,,Found 1 People,,,,,,✅ Sent,,
,,Refresh Exteriors LLC,"Refresh Exteriors LLC is a full-service, licensed and insured Minnesota roofing, siding, and gutter contractor specializing in replacements, repairs, and maintenance services for residential, multi-family and commercial buildings. 

The fully certified home improvement professionals at Refresh Exteriors are committed to delivering the highest quality service and materials at competitive prices. Whether it's Gutters, Roofing, Siding or Windows our experienced design team and installation crews use the latest products and materials from the country’s leading brand name manufacturers. We ensure every project we complete delivers superior performance and lasting value.

Whether you are a victim of storm damage, think you might be, or if you are just looking to make your home more comfortable and energy efficient while improving its curb appeal, we’re ready to help.

For a complimentary discussion and/or free estimate for your project, call Refresh Exteriors today at 952-334-6072.",Construction,11-50 employees,Partnership,"Eden Prairie, Minnesota",United States,refreshexteriorsmidwest.com,https://www.linkedin.com/company/refresh-exteriors-llc,TRUE,TRUE,http://refreshexteriorsmidwest.com,FALSE,TRUE,❌ No relationships found,,,,,,,,,Found 2 People,,,,,,✅ Sent 2 rows,,
,,Reilly Electrical Contractors,"Reilly Electrical Contractors, Inc. is a full service electrical and telecommunications firm serving the New England area with office locations in Easton, MA, South Yarmouth, MA, Pawtucket, RI and North Hampton, NH.

Since 1993, Reilly Electrical Contractors has successfully completed some of the most complex high profile electrical and tel/data scopes of work for projects in New England. Market segments include institutional, retail, commercial, industrial, research and development, health care, sports facilities, residential, multi-unit residential and process controls. 

Team RELCO provides electrical services including 24/7 emergency service, new electrical construction, electrical upgrades and renovations, design build services, building information modeling (BIM), infra-red testing, generators, lightning protection, solar powered systems and tel/data networking solutions. 

Reilly Electrical Contractors is one of the largest contractors providing electrical service and maintenance in New England. We have a strong partnership with local companies offering them localized electrical expertise, quick response time and qualified, licensed, trained technicians to troubleshoot their every need. RELCO's fleet of service vans are capable of small residential projects to larger commercial projects.",Construction,51-200 employees,Privately Held,"Easton, MA",United States,gorelco.com,https://www.linkedin.com/company/reilly-electrical-contractor,TRUE,TRUE,https://gorelco.com/team-relco-powered-the-new-woodman-community-and-performance-center-at-moses-brown,FALSE,TRUE,❌ No relationships found,,,,,,,,,,,,,,,,,
,,Reimagine Roofing,"In 2020, we embarked on our journey to Reimagine the roofing industry. We didn’t have much – couple people, a single truck and a small office. We made up for that with a definitive vision – That quality roofing was not just a trade but a craft.

Fast forward to today, we’ve grown into a close-knit team of over 50, having crafted over thousands of roofs with precision and care. Our dedication shines through in the roofs we’ve built and the smiles we’ve earned with every 5 star experience. While our roots will always remain in Arizona, our impact now spans across 13 states.

Our secret?

Developing our team through personal growth. It’s not just about roofing, it’s about building better humans. It’s about inspiring our team members to create the 5 star experience you deserve.

We aren't your ordinary roofers. We provide services for all types of roofs such as shingle, shake, tile, flat, foam, and metal.",Construction,51-200 employees,Partnership,"Phoenix, Arizona",United States,reimagineroofing.com,https://www.linkedin.com/company/reimagineroofing,TRUE,TRUE,https://reimagineroofing.com/commercial-roofing-services,FALSE,TRUE,❌ No relationships found,,,,,,,,,,✅ Found 10 people,,,,,,,
,,Renew Energy,"Renew Energy team has been making life better for Virginia, Southern California, Colorado and South Carolina residents since 2014. We love helping our customers save money while enjoying the luxury and comfort of energy freedom! Incentives are still available that make solar affordable, and a variety of zero-down options offer immediate savings.",Renewables & Environment,11-50 employees,Privately Held,"Virginia Beach, Virginia",United States,renewenergy.us,https://www.linkedin.com/company/renew-energy-us,TRUE,TRUE,https://renewenergy.us,FALSE,TRUE,,,,,,,,,,,,,,,,,,
,,Renewable Energy Design Group,"Renewable Energy Design Group is the leading solar installer in North Carolina and South Carolina since 2012. As a general contractor and electrical contractor we design and install solar energy systems for residential, commercial and agricultural applications.",Renewable Energy Semiconductor Manufacturing,2-10 employees,Privately Held,"Lewisville, North Carolina",United States,redgroupnc.com,https://www.linkedin.com/company/renewable-energy-design-group,TRUE,TRUE,https://redgroupnc.com/commercial-solar,FALSE,TRUE,❌ No relationships found,,,,,,,,,❌ No Profile Found,✅ Found 8 people,,,,,✅ Sent 0 rows,,
,,Renewable Energy Evolution,"Renewable Energy Evolution is a Midwest renewable energy consultancy which is solely concentrated on helping accelerate the rapid alteration taking place in the energy industry towards power generation which is cleaner, and more rationalized.",Renewables & Environment,2-10 employees,Partnership,"Burr Ridge, IL",United States,renewableenergyevolution.com,https://www.linkedin.com/company/renewable-energy-evolution,TRUE,TRUE,https://renewableenergyevolution.com/about-us/,FALSE,TRUE,❌ No relationships found,,,,,,,,,Found 2 People,,,,,,✅ Sent 2 rows,,
,,"Renewable Energy Partners, Inc. dba REP Solar","We are a full service Developer, Integrator and O&M provider solely dedicated to renewable energy. We are focused on the development, integration, financing, construction, operation, maintenance and monitoring of clean energy projects. We have the expertise to assist clients with turn-key solutions for various technologies including our focus: solar photovoltaic and energy storage.",Solar Electric Power Generation,11-50 employees,Privately Held,"Corona, California",United States,renewepi.com,https://www.linkedin.com/company/renewable-energy-partners-inc.-dba-rep-solar,TRUE,TRUE,https://renewepi.com,FALSE,TRUE,❌ No relationships found,,,,,,,,,Found 2 People,,,,,,✅ Sent 2 rows,,
,,"Renewable Energy Systems, LLC","Renewable Energy Systems, LLC, otherwise known as RESSolar installs Solar Hot Water, PV, and Solar Pool Heating. We work with residential and commercial customers to create affordable, environmentally friendly systems to reduce the use of fossil fuel.",Renewables & Environment,11-50 employees,Privately Held,"Cohasset, MA",United States,ressolar.com,https://www.linkedin.com/company/renewable-energy-systems-llc,TRUE,TRUE,http://ressolar.com,FALSE,TRUE,❌ No relationships found,,,,,,,,,Found 1 People,,,,,,✅ Sent,,
,,Renewable Solar,"RSI was formed in 2002 with a heavy focus in supporting our agricultural base in the Central Valley of California.  In 2024, RSI grew to 60MW of installed grid tied capacity. As a true turnkey EPC, our team is capable of taking on the most challenging PV or PV + Battery Energy Storage Systems.  RSI manages the full lifecycle of the projects, from design, procurement and installation, to operating and maintaining those systems through their full lifecycle.  

www.rsi.solar",Renewable Energy Semiconductor Manufacturing,51-200 employees,Privately Held,"Hanford, California",United States,renewablesolarhanford.com,https://www.linkedin.com/company/renewable-solar,TRUE,TRUE,http://renewablesolarhanford.com,FALSE,TRUE,❌ No relationships found,,,,,,,,,❌ No Profile Found,✅ Found 10 people,,,,,✅ Sent 0 rows,,
,,Renewable Thermal Collaborative,"Energy used for heating and cooling comprises approximately 50 percent of total global final energy demand and 39 percent of energy-related carbon dioxide emissions. In the United States, heating and cooling account for more than 25 percent of total energy use across residential, commercial, and industrial sectors at a cost of $270 billion annually.

Despite its large energy and carbon footprint and its significant potential to reduce carbon emissions, the use of renewable energy for heating and cooling applications, including biomass, biogas, geothermal, landfill gas, renewable electrification, renewable hydrogen, and solar thermal, has received relatively little attention compared with renewable electricity.

The Renewable Thermal Collaborative (RTC) serves as the leading coalition for organizations that are committed to scaling up renewable heating and cooling at their facilities and dramatically cutting carbon emissions. RTC members recognize the growing demand and necessity for renewable heating and cooling and the urgent need to meet this demand in a manner that delivers sustainable, cost-competitive options at scale.

The Renewable Thermal Collaborative is facilitated by the Center for Climate and Energy Solutions, David Gardiner and Associates, and World Wildlife Fund.",Industry Associations,2-10 employees,Partnership,"Arlington, Virginia",United States,renewablethermal.org,https://www.linkedin.com/company/renewable-thermal-collaborative,TRUE,TRUE,https://renewablethermal.org/community-benefits,FALSE,TRUE,❌ No relationships found,,,,,,,,,,,,,,,,,
,,Reno Solar,"Here at Reno Solar, we do much more than just solar. We care about our clients and their needs. Every project is specifically designed to fit their home and requirements.

We are a 5-star rated company on Google reviews, with the best customer care in Northern Nevada.  Our company is locally owned and operated and offers a fast, turnkey, sustainable solution that allows homeowners in Reno and Northern Nevada to save hundreds of dollars on their monthly electric bills while at the same time helping to protect our Community.

With over 10 years of experience from our team members and partners and trusted by hundreds of Homeowners in our Region, Reno Solar keeps the promise of delivering the best Residential and Commercial Solar Power Systems and making them affordable to our community with flexible plans and competitive costs.",Solar Electric Power Generation,11-50 employees,Privately Held,"Reno, Nevada",United States,reno.solar,https://www.linkedin.com/company/reno-solar,TRUE,TRUE,https://reno.solar/tag/community-support/,FALSE,TRUE,❌ No relationships found,,,,,,,,,❌ No Profile Found,✅ Found 10 people,,,,,✅ Sent 0 rows,,
,,Renova Energy,"Since 2006, Renova Energy has been the desert solar and battery specialist to the Coachella Valley and surrounding area. Our core belief is that sustainable microgrid technology and renewable energy systems are the only way forward. When you go solar with Renova Energy, you can be certain you're working with the industry's leading technology and seasoned professionals to answer every question.  As the nation's first NABCEP accredited solar company, Renova Energy takes pride in educating the next generation on the benefits of solar and battery storage, and we take active measures to stay involved in not only the growth of our industry, but also the growth of our community. CSLB# 910836",Renewable Energy Semiconductor Manufacturing,201-500 employees,Privately Held,"Palm Desert, CA",United States,gorenova.com,https://www.linkedin.com/company/renova-energy-corp,TRUE,TRUE,https://renovaenergy.com/commercial,FALSE,TRUE,❌ No relationships found,,,,,,,,,Found 1 People,,,,,,✅ Sent,,
,,Renovate Robotics,"Venture-backed startup working on construction automation, starting with roofing.",Machinery Manufacturing,2-10 employees,Privately Held,"Brooklyn, New York",United States,renovaterobotics.com,https://www.linkedin.com/company/renovate-robotics,TRUE,TRUE,https://www.renovaterobotics.com/,FALSE,TRUE,❌ No relationships found,,,,,,,,,,,,,,,,,
,,Renu Energy Solutions,"Renu Energy Solutions provides high-quality solar installations, as well as proven energy-saving products and services like energy storage and system monitoring. Based in Charlotte, NC since 2010, we have installed and serviced over 5000 homes and businesses across the Southeast. Renu's industry leading expertise provides end-to-end customized solar solutions. Proven quality, trusted partnership, and customer-focused solutions are the values that Renu embodies as the strongest clean energy provider in the Southeast. Choose smart. reliable. solar. Choose Renu!",Renewable Energy Semiconductor Manufacturing,51-200 employees,Privately Held,"Charlotte, North Carolina",United States,renuenergysolutions.com,https://www.linkedin.com/company/renu-energy-solutions,TRUE,TRUE,https://renuenergysolutions.com/nonprofit-solar,FALSE,TRUE,❌ No relationships found,,,,,,,,,Found 2 People,,,,,,✅ Sent 2 rows,,
,,Resnick Roofing & Contracting,"Since 2006, Resnick Roofing has provided top-level exterior remodeling services to local homeowners. We continuously seek to learn more about our industry and maintain the highest level of training across our team. As a result, we’ve earned prestigious standing as a GAF President’s Club Award-Winning Master Elite Contractor. Less than 1% of contractors in our market have achieved this honor!

The skilled team at Resnick Roofing knows how to protect your exterior from inclement weather, harsh UV rays, and unwanted pests. Our range of services includes:

Roofing: We offer first-class residential roof repair and replacement. Our roofers utilize shingles of the highest durability and style.
Siding: As a James Hardie Elite Preferred Contractor, we can provide top-of-the-line expertise for your home’s fiber cement siding replacement.
Solar Panels: Our highly trained roofing team also offers industry-leading solar panel installation services. We’ll take care of everything, including permitting, inspections, and electrical service.
Gutters: Our seamless gutter replacement solutions will improve the curb appeal of your property, as well as the drainage and water flow off of your roof and around your home.",Construction,11-50 employees,Self Owned,"Gibsonia, Pennsylvania",United States,resnickroof.com,https://www.linkedin.com/company/resnickroofing,TRUE,TRUE,http://resnickroof.com/roofing/commercial-roofing,FALSE,TRUE,❌ No relationships found,,,,,,,,,Found 1 People,,,,,,✅ Sent,,
,,Resource Engineering Group,"Resource Engineering Group is your engineering partner in creating high-performance, energy-efficient spaces.
Our firm has a long history of progressive, outside-the-box creativity in building systems engineering.
We offer engineering excellence, progressive thinking, and clear communication.  

Resource Engineering Group, Inc. (REG) provides a unique set of engineering skills for projects across the country and the world. We live and breathe resource efficiency, and specialize in designing mechanical, electrical, energy, and structural systems to aggressively reduce material and energy use. In addition to full S-M-E-P services with internal coordination between engineering disciplines, REG engineers are also active in forensic structural analysis, commissioning, re-commissioning, energy auditing, and general troubleshooting to make buildings run better. Instead of saying “you can’t do that because we’ve never done it before,” we say, “yes we can.” We were among the first engineers of record to promote and design underfloor air systems, dedicated outside air systems, ground-source heat pumps, radiant cooling, night-sky radiation, and passive cooling towers.

We believe in passive solar.
We believe that architects can be our partners in creating exceptional, beautiful, and energy efficient spaces.
We believe in the 2030 Challenge—and we’ll help you meet it.
We believe in a sustainable future.
Net Zero Energy is possible. 
Net Zero Carbon is possible. 
Let's work together and make it happen.",Design,11-50 employees,Privately Held,"Crested Butte, CO",United States,reginc.com,https://www.linkedin.com/company/resource-engineering-group,TRUE,TRUE,https://reginc.com/where,FALSE,TRUE,❌ No relationships found,,,,,,,,,❌ No Profile Found,✅ Found 7 people,,,,,✅ Sent 0 rows,,
,,Revolusun,"Locally owned and operated, RevoluSun is Hawaii's most trusted full-service provider of photovoltaic systems, battery storage and energy efficient home and commercial property improvements. Ranked consistently as Hawaii's best solar company, RevoluSun has helped 8,000+ families and businesses save over $25 million in utility expenses annually.

RevoluSun's Total Performance solutions now include roofing, air conditioning and Smart Power financing which enables home and business owners to switch to PV + storage for as little as $0 down and realize immediate monthly savings. When getting the best value matters, clients rely on RevoluSun’s proven installation methods, commitment to service and the best warranties in the business. Visit RevoluSun’s showroom in SALT at Our Kaka`ako to see, touch and learn about their innovative energy products.

Contact Info:
REVOLUSUN
660 Ala Moana Blvd #220A, Honolulu
(808) 748-8888 | RevoluSun.com",Renewables & Environment,51-200 employees,Privately Held,"HONOLULU, Hawaii",United States,revolusun.com,https://www.linkedin.com/company/revolusun-llc,TRUE,TRUE,https://revolusun.com,FALSE,TRUE,❌ No relationships found,,,,,,,,,Found 1 People,,,,,,✅ Sent,,
,,RevoluSun Idaho,"RevoluSun is Idaho’s most trusted solar provider. With many companies having come and gone, RevoluSun’s unwavering commitment to quality shows in the people we hire, the services we offer and the products we carry.  Our relationship with our clients continues long after the installation is complete. RevoluSun is proud to have over eight thousand families and businesses continue to rely on us for their home improvement needs including solar energy, battery storage, heating and cooling.

RevoluSun is locally owned and operated. We live in the same neighborhoods, our kids go to the same schools, our families play in the same mountains. We take care of our clients and our community like family. We support a variety of local nonprofits that continue to make Idaho a better place to live and play. Our goals are much more than being a part of Idaho’s top solar provider. We are leaving a legacy of clean energy for our children.",Renewable Energy Semiconductor Manufacturing,11-50 employees,Privately Held,"Boise, ID",United States,revolusun.com,https://www.linkedin.com/company/revolusunidaho,TRUE,TRUE,https://revolusun.com,FALSE,TRUE,❌ No relationships found,,,,,,,,,Found 1 People,,,,,,✅ Sent,,
,,"ReWild Renewables, LLC","We are passionate about solar energy. We are passionate about biodiversity preservation and enhancement. We are ReWild Renewables. 

ReWild cares about both solar energy development and improving the biodiversity of our planet. ReWild is a professional solar development company that is employee owned and ecologically conscious. We develop solar energy farms and provide clean power to tens of thousands of residents, businesses, municipalities, and universities by siting our projects in areas where solar is an appropriate use of the land. We help to ""ReWild"" our sites with voluntary pollinator grass seeds to attract pollinator species, bird and bat boxes, and agricultural fences to invite wildlife passage. We also donate a portion of our proceeds to permanently protect large, connected, resilient habitat for biodiversity preservation and enhancement. 

Through efforts like this, coupled with thoughtful energy policy, we can decarbonize our planet while protecting the biodiversity of species we all depend on. 

ReWild was created by the team that built and sold SunRaise Investments LLC.",Renewable Energy Semiconductor Manufacturing,2-10 employees,Privately Held,"Portsmouth, New Hampshire",United States,rewildrenewables.com,https://www.linkedin.com/company/rewild-renewables-llc,TRUE,TRUE,https://rewildrenewables.com/for-landowners-communities/communities,FALSE,TRUE,❌ No relationships found,,,,,,,,,Found 2 People,,,,,,✅ Sent 2 rows,,
,,"Ridge Valley Exteriors, Inc","When it comes to superior roofing experience, nothing comes close to Ridge Valley Exteriors. Operating in 38 states, Ridge Valley Exteriors is a family-owned and operated roofing business founded by Ashley and Derric Stull in 2009. 

Since then, the company has amassed a solid client base. Offering the best OC warranty and representing less than 1% of roofing contractors, the top network of Platinum Preferred Contractors who commit to offering high performance products for every customer’s roofing needs. Recognized for high quality craftsmanship, training and focus, the roofing contractor optimizes such warranties for its countless customers while backed by the most trusted brand in Home Improvement – OWENS CORNING. 

Ridge Valley Exteriors continues to provide a commitment to dependable quality training, and installing roofing systems that are always A+ as rated by the Better Business Bureau.  

Having a roof over one’s head is important. But having the Ridge Valley Exteriors guarantee is an assurance that the roof will run strong through the years and be a family’s pride that raises the roof.",Construction,11-50 employees,Privately Held,"Kennesaw, Georgia",United States,ridgevalleyexteriors.com,https://www.linkedin.com/company/ridge-valley-exteriors,TRUE,TRUE,https://ridgevalleyexteriors.com/services/commercial-roofing,FALSE,TRUE,❌ No relationships found,,,,,,,,,,,,,,,,,
,,Rite Way Energy,Solar the Rite Way,Solar Electric Power Generation,11-50 employees,Privately Held,"Central Valley & Central Coast, Ca",United States,ritewayenergy.com,https://www.linkedin.com/company/ritewayenergy,TRUE,TRUE,https://ritewayenergy.com,FALSE,TRUE,❌ No relationships found,,,,,,,,,❌ No Profile Found,✅ Found 2 people,,,,,✅ Sent 0 rows,,
,,Riverside Electric Inc.,"At Riverside Electric Inc. we’re electricians at our core—skilled professionals dedicated to powering businesses and homes with precision, safety, and innovation. Since 1945, we’ve grown into one of the most trusted names in electrical contracting, lighting, and maintenance, with offices in Cincinnati (Home Office), Columbus, and Indianapolis.

We specialize in highly professional electrical contracting services for local business owners, industrial and warehouse facilities, national property management companies, leading institutions, national corporations, and REITs. 
Our team is committed to delivering reliable, code-compliant, and future-ready solutions tailored to the unique needs of each client.

We specialize in exterior lighting repair and maintenance, but our capabilities extend far beyond. From a single lamp replacement to full-scale retrofits, we deliver dependable electrical contractor services backed by decades of experience and a commitment to staying ahead of the curve in lighting and energy technology. Our offerings include 24/7 electrical service, lighting management programs, LED retrofits, and more—designed to maximize efficiency, safety, and long-term value.

Residential customers have also enjoyed the same professional, 24/7 service and competitive pricing through our generator and clean energy solutions, including solar energy systems and EV charger installations. We are also proud to be Cincinnati’s Top-Rated PowerPro Premier Generac Dealer, offering trusted backup power solutions for homes across the region.",Facilities Services,11-50 employees,Privately Held,"Cincinnati, OH",United States,riverside-elec.com,https://www.linkedin.com/company/riverside-electric-inc.,TRUE,TRUE,https://riverside-elec.com/institutional-and-church-electrical-services,FALSE,TRUE,❌ No relationships found,,,,,,,,,❌ No Profile Found,✅ Found 10 people,,,,,✅ Sent 0 rows,,
,,Rix Petroleum,"Rix Petroleum is one of the oldest remaining family-owned, independent domestic and commercial fuel distributors in the UK. We're proud to have a depot network of more than 15 supply locations throughout the country.

Rix delivers petroleum-based products and services to domestic, commercial, haulage, and agri-businesses across the UK. 

We provide heating oil, gasoil , diesel, superheat35, AdBlue, additives, tanks, tank accessories, lubricants , fuel cards, truck services and heating services .",Oil and Gas,201-500 employees,Privately Held,Hull,United States,rix.co.uk,https://www.linkedin.com/company/rix-petroleum-limited,TRUE,TRUE,https://rix.co.uk,FALSE,TRUE,❌ No relationships found,,,,,,,,,❌ No Profile Found,✅ Found 10 people,,,,,✅ Sent 0 rows,,
,,Robco Electric,"Robco Electric, Inc., was established and incorporated in 1997. Robco Electric Inc., consists of two principal corporate officers: Robert Kowalczik, President (rob@robcoelectriclv.com) and Kimberly Kowalczik (Treasurer / Secretary.) 
 
Robco Electric, Inc., is a C-2 electrical contractor licensed in the State of Nevada with numerous completed commercial projects and an unlimited bid amount. Robco Electric, Inc., skillfully coordinates with the client to help guide the construction and development of a project. With a solid track record in the construction of commercial buildings, Robco Electric, Inc., boasts an excellent reputation for bringing in projects both on time and within budget.
 
The main goal of Robco Electric, Inc., is to achieve 100% customer satisfaction. We feel that by utilizing newest computer software available to the construction industry, this will assist the customer in the development, design, budget analysis and construction of any proposed project.
 
At Robco Electric, Inc., we pride ourselves in offering a complete team that enables us to utilize the disciplines of design, project management and construction.  These are the disciplines which build strong customer relationships.  Robco Electric, Inc., believes in listening and responding to the client’s ideas, Robco Electric, Inc., builds relationships that are based on a foundation of trust, service and a history of success.

Robco Electric's Solar Team has been in the solar industry for over 30 years. We have been installing PV systems in Nevada for the past seven years and have hundreds of satisfied customers. Our certified installers have over 70 years of construction experience and we employ some of the best electrical and structural engineers in the West.",Construction,51-200 employees,Privately Held,"Las Vegas, NV",United States,robcoelectriclv.com,https://www.linkedin.com/company/robco-electriclv,TRUE,TRUE,https://robcoelectriclv.com,FALSE,TRUE,❌ No relationships found,,,,,,,,,,,,,,,,,
,,ROI Construction,"ROI Construction is a trusted, licensed and insured company providing customers with high quality roofs, solar, siding, windows and gutters for over 25 years. A family owned and operated company committed to providing a positive Return On Investment to families in the greater Washington, DC area (Maryland, DC, Virginia). Our gold standard is 100% customer satisfaction 100% of the time.",Construction,11-50 employees,Self Employed,"Savage, Maryland",United States,roiconstruction.com,https://www.linkedin.com/company/roiconstruction,TRUE,TRUE,https://blog.roiconstruction.com/2022/01/new-video-by-roi-construction-on-youtube_10.html,FALSE,TRUE,❌ No relationships found,,,,,,,,,,,,,,,,,
,,"Roman Roofing, Inc.","Roman Roofing is a small yet fiercely competitive roofing
company located in Cape Coral, FL. Established in 2015,
we specialize in residential roofing services including re
roofs, repairs, inspections, and insurance claims. In
addition, Roman Roofing has started expanding into solar
installation and commercial roofing to further grow our
footprint in SWFL.

With a strong sales culture and healthy compensation
package that empowers and rewards our workforce for
achieving goals, we set ourselves above our competition
and easily attract top talent. Our mission is to provide the
best roofing experience for homeowners by utilizing our
experience, top tier customer service, and constant
technological innovation.

Our amazing and talented team of estimators, production,
and support staff have earned a place in the INC 500 &
5000 for the past three years running. This award among
many others shows the dedication and passion we
possess to be the roofing authority within our region.",Construction,201-500 employees,Privately Held,"Cape Coral, FL",United States,romanroofing.com,https://www.linkedin.com/company/romanroofing,TRUE,TRUE,https://romanroofing.com/commercial-roofing,FALSE,TRUE,,,,,,,,,,,,,,,,,,
,,Roofing & Reconstruction Contractors of America LLC,"RRCA – Roofing & Reconstruction Contractors Of America LLC – is a TOP 50 Roofing Contractor in the U.S. that focuses on providing the best customer experience for Solar, Residential & Commercial Roofing.",Construction,201-500 employees,Self Owned,"Naples, Florida",United States,rrcausa.com,https://www.linkedin.com/company/rrca,TRUE,TRUE,https://rrcausa.com,FALSE,TRUE,❌ No relationships found,,,,,,,,,❌ No Profile Found,✅ Found 10 people,,,,,✅ Sent 0 rows,,
,,Roofing by Curry,"Roofing by Curry, also known as ""Why Worry Call Curry"" is Sarasota's leading residential roofing company.  We specialize in roof leak repair, roof replacements, and new construction of tile, metal and shingle roofs. Call us today and see what we can do for you!",Construction,51-200 employees,Privately Held,"Sarasota, FL",United States,roofingbycurry.com,https://www.linkedin.com/company/roofing-by-curry,TRUE,TRUE,http://roofingbycurry.com,FALSE,TRUE,❌ No relationships found,,,,,,,,,❌ No Profile Found,✅ Found 10 people,,,,,✅ Sent 0 rows,,
,,Roofing Rochester NY,"Roofing Rochester NY is a local, family-owned roofing company specializing in residential and commercial roof installation and repair services of many varieties, including: solar, metal, shingle, and more. We service all of New York State for the installation of the Tesla Solar Roof.",Construction,51-200 employees,Privately Held,"Rochester, New York",United States,roofingrochesterny.com,https://www.linkedin.com/company/roofingroc,TRUE,TRUE,http://roofingrochesterny.com,FALSE,TRUE,❌ No relationships found,,,,,,,,,Found 1 People,,,,,,✅ Sent,,
,,Rooftop Power,"Rooftop Power is a leading solar contractor for Residential/Commercial projects servicing Rhode Island and Massachusetts. We take a full service approach for each project, providing an in house touch for every step. Locally owned and operated, we understand the processes and incentives for our area. This enables us to provide the best customer experience possible and help our customers find a way to make a profit, while making a difference.",Renewable Energy Semiconductor Manufacturing,51-200 employees,Privately Held,"Warwick, Rhode Island",United States,rooftoppowerco.com,https://www.linkedin.com/company/rooftop-power,TRUE,TRUE,https://rooftoppowerco.com/commercial-solar,FALSE,TRUE,❌ No relationships found,,,,,,,,,❌ No Profile Found,✅ Found 10 people,,,,,✅ Sent 0 rows,,
,,Rose Energy,"We are committed to changing the way the world is powered.

With over 10 years of experience in the solar & electrical industries, we provide clean, reliable, and affordable solar power & battery storage solutions for homeowners throughout Virginia, North Carolina, South Carolina, & Georgia.

The future is electric & the time is now!",Renewable Energy Semiconductor Manufacturing,2-10 employees,Privately Held,"Greenville, South Carolina",United States,rose-energy.com,https://www.linkedin.com/company/rose-energy,TRUE,TRUE,https://rose-energy.com/services,FALSE,TRUE,❌ No relationships found,,,,,,,,,❌ No Profile Found,✅ Found 1 people,,,,,✅ Sent 0 rows,,
,,RSP Systems,"RSP Systems is the exclusive distributor of Capstone Turbine for the Greater NY Region including Metro NY, Long Island, Westchester County and the State of Connecticut.  RSP Systems helps customers reduce their overall energy usage, while enhancing their facilities resilience in the event of grid outage.  We know that a reliable, secure power system is an essential component in our customers’ business plans and success, so we work closely with them to understand their requirements and then design and deliver the most cost-effective system available.",Renewable Energy Semiconductor Manufacturing,11-50 employees,Privately Held,"Bronx, New York",United States,rsp-systems.com,https://www.linkedin.com/company/rsp-systems,TRUE,TRUE,https://www.rsp-systems.com/about,FALSE,TRUE,❌ No relationships found,,,,,,,,,,,,,,,,,
,,Run on Sun,"We got started in this business for two reasons – we wanted to have an impact in changing how we power our lives here in sunny Southern California, and we were frustrated by the lack of knowledge – and passion – displayed by our competitors. 

We believed then, and even more so now, that customers are eager to find a company that can make the process of installing a solar power system as easy as it is desirable.

Today, all of the Principals of Run on Sun are NABCEP Certified Solar PV Installers - a distinction that none of our competitors can claim. That means that when you choose Run on Sun you are assured of working with the best trained, best educated, and most highly certified team of professionals in the solar industry.",Renewables & Environment,2-10 employees,Privately Held,"Pasadena, CA",United States,runonsun.solar,https://www.linkedin.com/company/run-on-sun,TRUE,TRUE,https://runonsun.solar/html/solar-for-non-profits.html,FALSE,TRUE,❌ No relationships found,,,,,,,,,,,,,,,,,
,,RxSun,"RxSun is a leading residential solar energy provider headquartered in Chicago, Illinois. Founded by energy entrepreneur Christopher Gersch, RxSun offers comprehensive solar solutions—from consultation and custom design to financing and installation. 

RxSun has been featured on Solar Power World's Top Solar Contractors list and named an Inc. 5000 honoree.

Beyond clean energy, RxSun is committed to social impact by donating 1,000 meals for every solar system installed, supporting hunger relief in the communities it serves.

With a mission to make solar accessible, affordable, and impactful, RxSun empowers homeowners to reduce energy costs, increase property value, and contribute to a sustainable future.",Renewable Energy Semiconductor Manufacturing,2-10 employees,Privately Held,"Chicago, Illinois",United States,rxsun.com,https://www.linkedin.com/company/rxsun,TRUE,TRUE,https://rxsun.com/why-rxsun/rxsun-gives-back,FALSE,TRUE,❌ No relationships found,,,,,,,,,❌ No Profile Found,✅ Found 4 people,,,,,✅ Sent 0 rows,,
,,SafeHome.Solar,"SafeHome.Solar is a NEW START-UP in the solar industry bringing the best to you - and leaving the bloated costs behind! We offer:
PV solar systems
BESS battery energy storage
MPU main panel upgrades
FUN/Smart Home Solutions
Video Doorbells
...and more!",Solar Electric Power Generation,2-10 employees,Privately Held,"Los Angeles, CA",United States,safehome.solar,https://www.linkedin.com/company/safehomesolar,TRUE,TRUE,https://safehome.solar/about,FALSE,TRUE,❌ No relationships found,,,,,,,,,Found 1 People,,,,,,✅ Sent,,
,,Sandbar Solar & Electric,"As one of the largest solar & battery installers in the Central Coast of California, Sandbar Solar & Electric supports the solar photovoltaic industry as an electrical contractor with a depth of experience in delivering solar power and backup battery solutions that can save money; both on-grid and off-grid systems, and within residential and/or commercial installations. From the conceptual feasibility stages of a project and through your project's installation to the final commissioning and interconnection, Sandbar has a proud history of delivering results to satisfied customers since 2004. Whether it be creating innovative financing structures or tackling some of the most challenging project environments, Sandbar continues to come through with some of the highest levels of customer satisfaction. Sandbar Solar & Electric offers a complete line of design, integration and installation services throughout California and select international communities.

California State Contractor's License: 846294 (C10)",Renewable Energy Semiconductor Manufacturing,51-200 employees,Privately Held,"Santa Cruz, California",United States,sandbarsc.com,https://www.linkedin.com/company/sandbar-solar-and-electric,TRUE,TRUE,http://sandbarsc.com,FALSE,TRUE,❌ No relationships found,,,,,,,,,Found 1 People,,,,,,✅ Sent,,
,,Save On Solar Now,"Save On Solar Now helps commercial property owners, landlords, and real estate investors turn rooftops into long-term revenue — with no out-of-pocket cost.

We specialize in commercial solar strategies using the 30% Federal Solar Tax Credit and 100% Bonus Depreciation, making it easier than ever to cut utility costs and increase NOI.

 Solutions for:
• Apartment Buildings & Multi-Family
• Warehouses, Industrial, Retail Centers
• Property Management Firms

 No Upfront Cost
 Free Solar Income Estimate Tool
 Tenant-Safe Agreements
 Nationwide Coverage

 Learn more or request your custom solar ROI report at GetSOSNow.com",Renewable Energy Power Generation,2-10 employees,Privately Held,"San Diego, California",United States,saveonsolarnow.com,https://www.linkedin.com/company/the-real-save-on-solar-now,TRUE,TRUE,https://saveonsolarnow.com/commercial,FALSE,TRUE,❌ No relationships found,,,,,,,,,Found 1 People,,,,,,✅ Sent,,
,,Scale Microgrids,"Scale is a vertically-integrated energy company that designs, builds, finances, owns, and operates distributed energy assets that deliver cheaper, cleaner, and more resilient power. Our team helps large energy-consuming customers take charge of their energy supply with microgrids that integrate on-site energy assets such as solar and battery storage, and further accelerates growth in distributed energy by providing financing to project developers. Scale is a portfolio company of EQT Group.",Services for Renewable Energy,51-200 employees,Privately Held,"Ridgewood, New Jersey",United States,scalemicrogrids.com,https://www.linkedin.com/company/scale-microgrids,TRUE,TRUE,https://www.scalemicrogrids.com/,FALSE,TRUE,❌ No relationships found,,,,,,,,,Found 11 People,,,,,,✅ Sent 10 rows,,
,,Scott Simpson Design + Build,"DISTINCTIVE DESIGN + BUILD OF  SOULFUL, EXQUISITE NEW HOMES. 

With more than 30 years of experience, we know that each space needs the right measure of passion, process and patience to evolve into an accomplished design and quality build. Whether you’re needing design-build expertise for brand new construction, historic renovation or sophisticated eco-conscious/green building, our work together will be collaborative, organized, lively and open to discovery.

DESIGN + BUILD
A unified team collaborating on a single vision under a single contract is proven to save money, tighten the delivery schedule and heighten out-of-the-box creativity. Your project benefits immensely when our firm holds responsibility from design through performance.

GREEN BUILDING
We educate homeowners on the healthiest building choices. We’ll help you understand geothermal energy, solar panels, green roofs, local sourcing and reclaimed materials. We are dedicated to sustainability not only as it relates to earth-friendly materials and long-lasting quality construction, but also the recycling of 97% of our construction waste.

HISTORIC RENOVATION
Scott Simpson Design + Build is the winner of multiple historic preservation awards. Scott Simpson Design + Build has the expertise and fine craftspeople to address the most challenging historic renovation projects. The goal of our work is to restore a historic home as closely to its heritage as possible, while making updates that meet the needs of the family.

We will listen to you. We will keep your budget in mind at all times. We will look out for you. And, if our past experiences hold any indication, we will form a lasting friendship.

We look forward to showing you our best work.",Architecture and Planning,11-50 employees,Privately Held,"Northbrook, IL",United States,scottsimpsondesignbuild.com,https://www.linkedin.com/company/scott-simpson-builders,TRUE,TRUE,https://scottsimpsondesignbuild.com/community-outreach,FALSE,TRUE,,,,,,,,,,,✅ Found 9 people,,,,,,,
,,Scout Energy,"The SCOUT approach ensures an accurate sizing and a solar system that performs according to your energy consumption. Avoid over spending on a system or installing a system that is too small. Log your energy usage for two weeks and really understand how you use energy. The Scout unit measures: Total Consumption, Day / Night Consumption, Peak Consumption. We use this data to size the correct solar system for you. Book a Scout installation today.

Find an installer near you: https://scout.energy/contact-us/",Services for Renewable Energy,2-10 employees,Privately Held,Nation Wide,United States,scout.energy,https://www.linkedin.com/company/scout-energy,TRUE,TRUE,https://scout.energy,FALSE,TRUE,❌ No relationships found,,,,,,,,,❌ No Profile Found,✅ Found 2 people,,,,,✅ Sent 0 rows,,
,,Seal Solar,"Seal Solar is your one stop shop for any and all EPC needs. Our solar and storage design, engineering, procurement, and construction team here at Seal Solar has over 50 years of combined experience in the industry. We can help make your goals a reality. 
Seal Solar’s team hold many certifications and accreditations necessary to design and install a multitude of systems. Give our team a chance to prove why we are the best in the business.",Renewable Energy Semiconductor Manufacturing,51-200 employees,Privately Held,"North Little Rock, AR",United States,sealsolar.com,https://www.linkedin.com/company/seal-corporation,TRUE,TRUE,https://sealsolar.com/yeager/,FALSE,TRUE,❌ No relationships found,,,,,,,,,Found 1 People,,,,,,✅ Sent,,
,,Secure Solar Futures,"Secure Solar Futures, LLC serves as the first mover and market leader in commercial-scale solar development in Virginia, and as the policy leader in helping to reduce barriers to distributed solar in the legislative and regulatory environments. The Company is expanding into the Carolinas and West Virginia. As a Certified B-Corp, the Company continuously seeks to promote the common good as it develops innovative customer-driven  financial, contractual and service solutions.",Renewable Energy Semiconductor Manufacturing,11-50 employees,Partnership,"Staunton, VA",United States,securesolarfutures.com,https://www.linkedin.com/company/secure-solar-futures,TRUE,TRUE,https://securesolarfutures.com/sectors/non-profits,FALSE,TRUE,❌ No relationships found,,,,,,,,,Found 3 People,,,,,,✅ Sent 3 rows,,
,,SELF (Solar and Energy Loan Fund),"SELF’s mission is to rebuild and empower underserved communities by providing access to affordable and innovative financing for sustainable property improvements, with the primary focus on energy efficiency, renewable energy, and climate resilience in low- and moderate-income (LMI) neighborhoods. We strive to create positive social, economic, and environmental impacts by helping people improve the health, safety, and quality of life in their homes while reducing operating costs and greenhouse gas emissions.",Non-profit Organizations,11-50 employees,Non Profit,"Fort Pierce, Florida",United States,solarenergyloanfund.org,https://www.linkedin.com/company/self-loan-fund,TRUE,TRUE,https://solarenergyloanfund.org/florida-solar-for-all,FALSE,TRUE,❌ No relationships found,,,,,,,,,Found 2 People,,,,,,✅ Sent 2 rows,,
,,Service Solar LLC,"Service Solar LLC was founded to partner with companies and customers in all areas of South Carolina that remove and replace residential and commercial solar PV systems. Our team specializes in the removal and reinstallation of solar PV systems from customer's homes or businesses for a variety of reasons including new roof installation. Service Solar also has expert technicians that can diagnose and resolve any issues with existing solar systems on homes and businesses.

Our solar panel removal jobs are just as great as original installations. We follow strict safety procedures designed to protect your investment and ensure system performance. We are confident that our reinstallation process will be as diligent if not more than your original install.",Specialty Trade Contractors,2-10 employees,Privately Held,"Greenville, SC",United States,servicesolarllc.com,https://www.linkedin.com/company/servicesolarllc,TRUE,TRUE,https://www.servicesolarllc.com/,FALSE,TRUE,❌ No relationships found,,,,,,,,,❌ No Profile Found,✅ Found 2 people,,,,,✅ Sent 0 rows,,
,,Sherman Associates,"Sherman Associates is a growing commercial real estate development and management firm based in Minneapolis with properties throughout the Midwest, Colorado, and Florida. Sherman develops, owns, and operates its assets with a long-term vision to build neighborhoods, enrich communities, and empower people.

Sherman Associates has developed over 13,000 multifamily units and currently owns and manages over 7,000 multifamily rental units (affordable and market-rate). Sherman also owns and manages over 720,000 square feet of commercial space, five hotels, four Starbucks, three restaurants, and two solar gardens.

We believe that thriving neighborhoods are built with a mix of uses, encompassing a variety of people and places. As a result, we partner with cities to revitalize neighborhoods and transform entire city blocks. Our commitment to environmental sustainability, achieving positive social impact, and upholding community-enhancing governance grows with us as we build for future generations.",Real Estate,"501-1,000 employees",Privately Held,"Minneapolis, Minnesota",United States,sherman-associates.com,https://www.linkedin.com/company/sherman-associates,TRUE,TRUE,https://www.sherman-associates.com,FALSE,TRUE,❌ No relationships found,,,,,,,,,Found 5 People,,,,,,✅ Sent 5 rows,,
,,Shinnova,"At Shinnova, we believe that home improvement should be accessible, high-quality, and tailored to meet the unique needs of every homeowner. As a locally owned and veteran-operated business, we proudly serve Kansas City, St. Louis, and the surrounding areas, providing industry-leading solar energy solutions, premium roofing services, energy-efficient windows, stylish doors, and durable siding.

We are driven by our commitment to excellence and customer satisfaction, offering a wide range of services that help enhance the value, beauty, and energy efficiency of your home. From solar panel installations that reduce energy bills to sturdy roofing that protects against the elements, and from modern, stylish doors and windows to long-lasting siding, we’re your trusted partner for all things home improvement.",Services for Renewable Energy,11-50 employees,Partnership,"Kansas City, Kansas",United States,shinnova.com,https://www.linkedin.com/company/shinnova,TRUE,TRUE,https://shinnova.com/solar/commercial,FALSE,TRUE,❌ No relationships found,,,,,,,,,❌ No Profile Found,❌ No people found,✅ 1 decision maker found,,,,✅ Sent 0 rows,,
,,Shinnova Solar,"Our Name Means Something
We’ve found that going solar is the smartest choice a homeowner can make to protect against escalating rates and to reduce their carbon footprint.

Solar continues to prove itself as a true Smart Home Innovation, and as Shinnova Solar, we continue to provide the same all-inclusive custom energy solutions, including system design, solar panel installation and 24/7 real-time energy monitoring. That’s what we’re good at, it’s what has helped us ascend to among the highest rated and fastest growing clean energy companies throughout Kansas and Missouri.",Renewable Energy Semiconductor Manufacturing,11-50 employees,Partnership,"Kansas City, Kansas",United States,energywithasmile.com,https://www.linkedin.com/company/smart-home-innovations,TRUE,TRUE,https://energywithasmile.com/solar/commercial,FALSE,TRUE,,,,,,,,,,,,,,,,,,
,,Sidera Energy,"Sidera Energy designs and builds solar energy and battery storage systems for businesses and agriculture operations.

With our leadership team having more than 30 years of experience in renewable energy, engineering, construction, and handling projects of all sizes — from residential homes to large developments — our expertise is broad and deep.

But it’s our approach that really sets us apart. We’re here to guide our clients, offering straightforward advice without the sales pressure, always focusing on what’s best for them.

Our leadership team was taught from a young age that what really matters is doing things right. No cutting corners, just solid, reliable solar systems that meet our client expectations.

And when it comes down to it, we’re doing what we love: capturing the energy in the sky to power our community. It’s not just about business for us; it’s about forging a future where we all benefit from reliable, cost-effective energy.",Solar Electric Power Generation,2-10 employees,Privately Held,"Alexandria, LA",United States,sideraenergygroup.com,https://www.linkedin.com/company/sidera-energy-group,TRUE,TRUE,https://sideraenergygroup.com/commercial,FALSE,TRUE,❌ No relationships found,,,,,,,,,,,,,,,,,
,,"Sierra Pacific Home & Comfort, Inc.","When you turn to us for your homes' energy efficient upgrade, you can take comfort in knowing you've made the right choice for your Plumbing, Electrical, Solar or Heating and Air needs. Founded in 1984, Sierra Pacific has earned the trust of over 40,000 current satisfied clients who repeatedly choose us as they take additional measures to reduce their energy use.

When it comes to delivering quality service, we realize that actions speak louder than words. So instead of just talking about quality, we practice it by doing continuous training for our craftsmen. You can count on Sierra Pacific to stand behind our work and be there to provide service long after the sale.",Specialty Trade Contractors,51-200 employees,Privately Held,"Rancho Cordova, CA",United States,sierrapacifichome.com,https://www.linkedin.com/company/sierra-pacific-home-&-comfort-inc.,TRUE,TRUE,https://sierrapacifichome.com/about/community-involvement,FALSE,TRUE,❌ No relationships found,,,,,,,,,❌ No Profile Found,✅ Found 10 people,,,,,✅ Sent 0 rows,,
,,Sievert Electric,"Chicagoland's leader in Electrical Construction. Sievert Electric's knowledge and experience has evolved over the years to its present day capabilities of:

• Hoist and overhead crane sales
• Service and repairs
• Electrical repairs and new construction
• Communication installations
• Repairs and maintenance
• Scoreboard repair and construction
• Electric Vehicle (EV) charging solutions
• and electric motor repair. 

A skilled, technically adept service and repair staff offer customers a complete solution, in-the-field and in-house. Problem diagnosis, course of action, parts & accessories and the skill to implement these factors makes Sievert the single source company for these services - either in-the-field or through its in-house facilities.",Construction,51-200 employees,Privately Held,"Forest Park, IL",United States,sievertelectric.com,https://www.linkedin.com/company/sievert-electric,TRUE,TRUE,https://www.sievertelectric.com/about-us,FALSE,TRUE,❌ No relationships found,,,,,,,,,❌ No Profile Found,✅ Found 10 people,,,,,✅ Sent 0 rows,,
,,Sigenergy North America,"Sigenergy is a forward-thinking company focusing on developing cutting-edge home and business energy solutions, including energy storage systems, solar inverters, and EV chargers. Our world-class R&D team of hundreds of industry talents shares the vision of making the world greener through continuous innovation.",Renewable Energy Semiconductor Manufacturing,"1,001-5,000 employees",Privately Held,"Los Angeles, California",United States,sigenergy.com,https://www.linkedin.com/company/sigenergynorthamerica,TRUE,TRUE,https://sigenergy.com/en/installer/community,FALSE,TRUE,❌ No relationships found,,,,,,,,,❌ No Profile Found,✅ Found 10 people,,,,,✅ Sent 0 rows,,
,,Simmitri,"Simmitri empowers its customers to become energy progressive through our unique holistic approach to efficient, sustainable energy solutions.

We provide a complete package of services that includes Energy Optimization, Solar, Energy Storage, and advanced Roof Systems to improve our customers’ homes and their lives.

Simmitri is proud to be one of the only company that strives to reduce our customers’ energy demand before providing them with an energy solution – creating even more value for the customer.

By delivering the expertise, care, and reliability that we are known for to our customers, we hope to create an energy independence revolution.

Simmitri is restoring the balance of power.",Renewable Energy Semiconductor Manufacturing,11-50 employees,Privately Held,"Campbell, CA",United States,simmitri.com,https://www.linkedin.com/company/simmitri,TRUE,TRUE,https://simmitri.com/projects/solar-roofing-for-advent-lutheran-church-in-morgan-hill-ca/,FALSE,TRUE,❌ No relationships found,,,,,,,,,,,,,,,,,
,,Simple Power Solar,Custom affordable Solar systems for residential and commercial buildings and properties in the Reno-Tahoe & Truckee area. NABCEP certified Solar contractor in Grid-tied and Off-grid Solar PV systems. We specialize in maximizing your utilities rebates. Our design and installation experience in the harsh Sierra climate(snow) is what sets us apart from the flat land & big box solar companies. Call us and get your solar system for home or business now before the massive rebates go away.,Renewable Energy Semiconductor Manufacturing,11-50 employees,Privately Held,"Reno, Nevada",United States,simplepowersolar.com,https://www.linkedin.com/company/simple-power-solar,TRUE,TRUE,https://simplepowersolar.com/commericial-solar,FALSE,TRUE,❌ No relationships found,,,,,,,,,,,,,,,,,
,,SimpleFlow,"We are here to make a shift in the way we produce power for the home.  Simple Flow is here to take the headache away from home improvements, whenever you do business with us we make sure to make it simple.  We pride ourselves on our customer service, someone will always be here for you throughout your process & years down the road.  With our team of certified professionals we ensure to get the job done right the first time.  Simple Flow only offer’s Tier 1 equipment to all of it’s customer’s, we treat you like we would treat our own family, we feel that’s the only way to do business.",Renewable Energy Semiconductor Manufacturing,11-50 employees,Partnership,"Walnut Creek , California",United States,gosimpleflow.com,https://www.linkedin.com/company/gosimpleflow,TRUE,TRUE,https://gosimpleflow.com/commercial-solar,FALSE,TRUE,❌ No relationships found,,,,,,,,,Found 1 People,,,,,,✅ Sent,,
,,Simply Energy US,Residential and commercial solar sales organization providing Tier 1 products at a fraction of the cost of other companies due to our streamlined processes.,Solar Electric Power Generation,51-200 employees,Partnership,"Atlanta, GA",United States,simplyenergy.solar,https://www.linkedin.com/company/simply-energy-us,TRUE,TRUE,https://simplyenergy.solar/,FALSE,TRUE,,,,,,,,,,,,,,,,,,
,,Simply Solar,"There’s a better way to make power.

At Simply Solar, we help homeowners and their communities generate clean, renewable power, and save money on electricity. We offer affordable, simple solar solutions for both homes and businesses in the Bay Area and throughout Northern California.

We help you take advantage of valuable tax credits to save you money while owning your own power. When you invest in solar, go with a trusted partner in Simply Solar. We design, install and monitor your system to ensure that you are getting the most out of your solar panels. 

Start enjoying your world, powered by solar today.",Renewable Energy Semiconductor Manufacturing,51-200 employees,Privately Held,"Petaluma, CA",United States,simplysolarcalifornia.com,https://www.linkedin.com/company/simply-solar,TRUE,TRUE,https://simplysolar.com/services/solar-power-for-business,FALSE,TRUE,❌ No relationships found,,,,,,,,,Found 3 People,,,,,,✅ Sent 3 rows,,
,,Simply Solar LLC (CA),"Going solar should not be a complicated matter. In fact, we believe that it should be Simple! So in 2013 a group of seasoned professionals got together to change the solar industry by making solar system ownership easier for commercial and residential properties throughout Southern California.

Simply Solar is a full-service solar photovoltaic installation company that specializes primarily in solar system sales with installation of quality, state of the art, American made products. A one-stop shop for anything solar electric, we take pride in understanding our customers needs and providing exceptional customer service from the very beginning to well past system completion. 

By zeroing in on the needs of our customers, we strive to provide a hassle free experience and a quality system to last for generations to come! 

Find out more: www.SimplySolarSocal.com",Renewable Energy Semiconductor Manufacturing,11-50 employees,Privately Held,"Rancho Cucamonga, California",United States,simplysolarsocal.com,https://www.linkedin.com/company/simply-solar-llc-ca-,TRUE,TRUE,https://www.simplysolarsocal.com/commercial/,FALSE,TRUE,❌ No relationships found,,,,,,,,,,,,,,,,,
,,"Siox Global, LLC","SIOX Global isn’t just a company, it’s a growth ecosystem.

From our roots in hospitality, we’ve expanded into logistics, solar, IT and healthcare recruiting, and real estate solutions building a future-ready, multi-industry presence across global markets.

With a mindset of constant evolution, our mission is simple:
Reinventing the future through smart services, trusted partnerships, and scalable solutions that help businesses grow faster, stronger, and more sustainably.

SIOX Global - Where Possibilities Become Progress.",Holding Companies,201-500 employees,Privately Held,"College Park, Georgia",United States,sioxglobal.com,https://www.linkedin.com/company/siox-global,TRUE,TRUE,https://sioxglobal.com/#services,FALSE,TRUE,❌ No relationships found,,,,,,,,,❌ No Profile Found,✅ Found 10 people,,,,,✅ Sent 0 rows,,
,,Sky Power Solar,"Sky Power has been in the solar design and installation business since 2001. We have become a leading provider of turnkey solar electric solutions for homes, businesses and ranches/farms.  We serve Alameda, Contra  Costa, Marin, Sonoma, San Mateo, Santa Clara, Solano, and San Joaquin counties. 

We are a SunPower Premier dealer, delivering the World’s Highest Efficiency solar systems that are also the best looking solar solutions available.  SunPower solutions offer up to 50% more power than conventional solar systems, and the all-black panels blend in beautifully with your home’s rooftop.",Renewable Energy Semiconductor Manufacturing,11-50 employees,Privately Held,San Ramon,United States,skypowersolar.com,https://www.linkedin.com/company/sky-power-systems,TRUE,TRUE,https://skypowersolar.com,FALSE,TRUE,❌ No relationships found,,,,,,,,,,✅ Found 8 people,,,,,,,
,,Skylar Solar UK,"Skylar Solar are a well-established renewable energy company specialising in solar PV and battery storage.
With combined experience of 30+ years in designing and installing solar PV systems, our hands-on team tailor each project to individual requirements.

Proudly MCS, NAPIT and HIES accredited, we only use the most qualified and experienced installers when it comes to domestic and commercial solar panels. 

The most important thing to us is quality. Quality customer service, quality products and quality installation. 

We are an LG PRO Certified Partner. This sought-after accreditation is extremely special to us as very few companies are awarded it. We are extremely proud to be able to display this logo.",Renewable Energy Semiconductor Manufacturing,11-50 employees,Privately Held,Brentwood,United States,skylarsolar.co.uk,https://www.linkedin.com/company/skylar-solar-uk,TRUE,TRUE,https://skylarsolar.co.uk/services/commercial-solar-panels,FALSE,TRUE,,,,,,,,,,❌ No Profile Found,✅ Found 6 people,,,,,✅ Sent 0 rows,,
,,Skytech Solar-A SF Bay Area Solar Company,"Skytech Solar is one of the best solar companies in the San Francisco Bay Area.  If you are looking to install solar panels for your home or a commercial solar project, we are ready to help you with your solar installation.  Skytech Solar is a local San Francisco solar energy company, yet we have installed over 1,100 solar power systems in the Bay Area.   As one of the top solar panel installation companies we can provide you with the best solar panels (Sharp Solar Panels, LG Solar Panels, Solar World, Canadian Solar Panels) at the best solar panel prices.  We work hard to be one of the top solar companies and we want to create a “Solar San Francisco”, where your home and your electric car are solar powered.  
	 Skytech Solar is a certified Go Solar SF solar power company, which allows us to provide San Francisco Solar systems with rebates ranging from $750 to over $10,000, plus the 30% Federal Rebate. We are one of the few solar companies in San Francisco that is able to reduce your solar panel installation costs for solar power.  To educate the public about the benefits of solar energy, Skytech Solar has taken part in several incentive initiatives, ranging from participation in the city’s Workforce Development program that earned praise from former Mayor Gavin Newsom to job-creation planning as part of a Presidential special task force.
Installing solar panels is an art as well as a science and using the best bay area solar company with experienced solar installers will insure that your solar energy system is installed properly and professionally.",Construction,11-50 employees,Privately Held,"San Francisco, CA",United States,skytechsolar.com,https://www.linkedin.com/company/skytech-solar,TRUE,TRUE,https://skytechsolar.com,FALSE,TRUE,❌ No relationships found,,,,,,,,,,,,,,,,,
,,Smarter Energy Services,"Smarter Energy Services is an energy consulting agency. For over 13 years we've help you integrate solar into your home or business with or without panels, either by choosing community solar or opting for a solar installation. What’s community solar you ask?… Through the community solar program you can get solar energy integrated directly into your electricity supply completely free of charge with no change to your supplier or utility! 

COMMUNITY SOLAR: 

New York State pays back subscribers of community solar for up to 10% of their annual electricity bills just for using solar energy… it’s really that simple! Private solar farms registered with the New York State Department of Public Service collect the energy and send it to your utility. You receive a green energy dollar amount credited back to your monthly bill. It’s all a part of New York State’s goal to have 100% emission-free electricity by 2040, and by choosing to phase out fossil fuels from your own supply you are contributing to the cause! Select solar projects are limited by ZIP code and capacity available so don't wait.",Business Consulting and Services,11-50 employees,Privately Held,"Brooklyn, New York",United States,smarterenergyservices.com,https://www.linkedin.com/company/smarter-energy-services,TRUE,TRUE,https://smarterenergyservices.com,FALSE,TRUE,❌ No relationships found,,,,,,,,,❌ No Profile Found,✅ Found 10 people,,,,,✅ Sent 0 rows,,
,,"SMP Electric, LLC","SMP Electric is a Licensed Electrical Contractor that specializes in residential wiring, service and repair. Additionally, we are certified to service and install Photovoltaic Systems and Energy Storage Systems. Proudly serving South FL. Call us today!",Construction,2-10 employees,Self Employed,"Boca Raton, Florida",United States,smpelectricllc.com,https://www.linkedin.com/company/smpelectricllc,TRUE,TRUE,https://smpelectricllc.com/electrical-services,FALSE,TRUE,❌ No relationships found,,,,,,,,,❌ No Profile Found,✅ Found 1 people,,,,,✅ Sent 0 rows,,
,,Sol by Sunna Design,"We’re on a mission to help governments and businesses build safer, more usable, and more sustainable outdoor spaces with high-quality solar lighting products. For 35 years, we’ve stayed true to this mission, educating customers about the advantages, mechanics, and potential pitfalls of solar lighting while continuously driving the technology forward. 

Our solutions can be found in more than 60 countries around the world, providing reliable, resilient, and cost-effective illumination of everything from streets to playgrounds to parking lots. In addition to enhancing the safety and atmosphere of these spaces, they provide significant economic and environmental benefits. By drawing their energy from the sun instead of non-renewable fossil fuel sources, our lights eliminate utility bills, reduce grid load, and play an integral role in the renewable transition.",Electric Lighting Equipment Manufacturing,11-50 employees,Privately Held,"Miami, Florida",United States,solarlighting.com,https://www.linkedin.com/company/sol-inc-solar-outdoor-lighting,TRUE,TRUE,https://solarlighting.com,FALSE,TRUE,❌ No relationships found,,,,,,,,,,,,,,,,,
,,"Solace Enterprises, Inc.","Solace Enterprises is a commercial heating and air conditioning contractor serving Sacramento and surrounding counties. We are passionate about achieving employee and customer success through dependable HVAC solutions. Shared success is created through dedicated commitment to our core values, principles that drive the way we communicate and act. Accordingly, our team members are:

-Committed. We are relentlessly committed to your success
-Fun. We love what we do and do what we love
-Collaborative. We work collaboratively for the greater good
-Knowledgeable. We bring smart time and energy solutions to every conversation
-Family First. We are focused on family and forging strong human connections",Facilities Services,51-200 employees,Privately Held,"Rancho Cordova, California",United States,solace-ent.com,https://www.linkedin.com/company/solace-enterprises-inc,TRUE,TRUE,https://solace-ent.com/hvac/design-build-construction,FALSE,TRUE,❌ No relationships found,,,,,,,,,Found 1 People,,,,,,✅ Sent,,
,,Solar Bear,"Solar Energy for your home or business, based in Tampa Bay, Florida. Contact us to find out why solar is right for you and start saving money today!",Renewable Energy Semiconductor Manufacturing,2-10 employees,Privately Held,"Saint Petersburg, Florida",United States,oursolarbear.com,https://www.linkedin.com/company/solar-bear,TRUE,TRUE,https://solarbear.com/services,FALSE,TRUE,❌ No relationships found,,,,,,,,,,,,,,,,,
,,Solar CenTex,"Solar CenTex is leading the effort to bring the solar industry to our own part of Central Texas...but as importantly, we design, install, and monitor solar power systems that will lower energy bills right now AND lock in those rates for the next 25 years.",Renewables & Environment,11-50 employees,Privately Held,"San Angelo, TX",United States,solarcentex.com,https://www.linkedin.com/company/solar-centex,TRUE,TRUE,https://solarcentex.com/commercial-solar,FALSE,TRUE,❌ No relationships found,,,,,,,,,❌ No Profile Found,✅ Found 7 people,,,,,✅ Sent 0 rows,,
,,Solar Design Studio,"The Solar Design Studio is a continuation of Bob Solger’s “sustainability quest” which began in 2003 with the creation of a small business, known as The Energy Savings Store.   Headquartered in the Kansas City, MO area, we provide engineering, design, consulting and project services to solar installers, developers, EPCs, utilities, solar manufacturers and real estate developers.  Since 2003, we have completed over 4,000 projects throughout the country, Europe and the Middle East.  

Solar, Energy Storage Systems and Micro Grid Services Offerings

Feasibility & Financial Analysis 
•	Assessment of site conditions, utility requirements, local government regulations and incentives
•	Deliverable includes feasibility summary and ROI analysis, based on project budgetary cost estimate
 
Site Survey 
•	Onsite assessment of electrical system condition to interconnect a solar and/or energy storage system

Engineering and Design Services
•	On-grid and Off-grid systems 
•	Utilizes the 30-60-90 design process to deliver Issue for Construction (IFC) plans sets
•	Provide plan sets for utility interconnection and permitting submission
•	Provide bidding, construction and “As Built” plans

Utility Submission Services
•	Prepare and submit utility applications

Due Diligence Services

•	Support of owners and investors during the acquisition or sale of solar assets is a complex process. 

Glare Analysis Services
•	Evaluating the impact of PV glare is important to the FAA, local zoning and regulatory agencies when locating a solar array can be potentially hazardous to aviation, motorists and other observers. 

EV Charging Design Services
•	Integrated design

Solar Business Support Services
•	Assist companies new to the solar industry with consulting services to develop strategies to market and sell systems, as well as manage their operations
•	Structure training program for solar team utilizing NABCEP certification criteria",Solar Electric Power Generation,2-10 employees,Privately Held,"Platte City, MO",United States,solardesignstudio.com,https://www.linkedin.com/company/solar-design-studio,TRUE,TRUE,https://solardesignstudio.com/commercial-solar,FALSE,TRUE,❌ No relationships found,,,,,,,,,❌ No Profile Found,✅ Found 3 people,,,,,✅ Sent 0 rows,,
,,Solar Edge Pros LLC,"Originally Builders Edge Pros until 2014, Solar Edge Pros has only grown in size and in demand. With over 5,000 installations in the state of Texas, we believe everyone homeowner deserves to see the benefits of Solar Done Right.",Construction,51-200 employees,Partnership,"San Antonio, Texas",United States,solaredgepros.com,https://www.linkedin.com/company/solar-edge-pros-llc,TRUE,TRUE,https://solaredgepros.com/solar-panels-for-churches/,FALSE,TRUE,,,,,,,,,,❌ No Profile Found,✅ Found 10 people,,,,,✅ Sent 0 rows,,
,,Solar Electric Power Company,"SEPCO is an environmentally conscious company that manufactures solar LED lighting and off-grid solar power systems. We are helping the world shift from traditional to renewable energy sources for their outdoor lighting and remote power needs. With our solar LED lighting systems, you can save as much as 75% on energy costs, reduce your carbon footprint, and never worry about blackouts again! Our solar lighting and power systems have a variety of uses, such as providing illumination to streets, roadways, parking lots, pathways, area and security, signs, billboards, transit systems, and so much more. Our solar lighting systems are robust, reliable, and user-friendly. Want to learn more? Contact us today at www.sepco-solarlighting.com to see how we can assist you with your next solar lighting or power project.",Electric Lighting Equipment Manufacturing,11-50 employees,Privately Held,"Stuart, FL",United States,sepco-solarlighting.com,https://www.linkedin.com/company/solar-electric-power-company,TRUE,TRUE,https://www.sepco-solarlighting.com,FALSE,TRUE,❌ No relationships found,,,,,,,,,❌ No Profile Found,✅ Found 10 people,,,,,✅ Sent 0 rows,,
,,Solar Electric Supply,"Solar Electric Supply provides complete Solar Electric Systems for Home, Business, Commercial, Government and Remote Industrial Applications. 

Why SES? We have unbeatable prices, an easy to reach sales and support staff, outstanding technical support, superior customer service and a wide variety of systems to choose from top-tier manufacturers. 

Solar Electric Supply offers system consultation and planning, rapid turnaround on quotes, support and service, unparalleled technical support, complete single and three line electrical schematics, and NABCEP certified system designers.",Renewables & Environment,11-50 employees,Privately Held,,United States,solarelectricsupply.com,https://www.linkedin.com/company/solar-electric-supply,TRUE,TRUE,https://solarelectricsupply.com,FALSE,TRUE,❌ No relationships found,,,,,,,,,❌ No Profile Found,✅ Found 6 people,,,,,✅ Sent 0 rows,,
,,SOLAR ELECTRIC SYSTEMS INC.,"Solar Electric Systems, Inc. is a professional, experienced electrical contracting and engineering company. Since 1975, we have proudly served Westchester, Fairfield, Putnam and Rockland Counties and the five boroughs of New York City with the highest level of service. We work in all aspects of the electrical industry and are committed to providing electrical installations that are best-suited and most cost-effective to the overall project.

It has been our philosophy since inception to ensure that our work is backed by a skilled team of project managers and engineers . We have developed a team of project managers,engineers and support staff that is essential to deliver the best electrical solutions for the best value.

We are a family-owned company that has been incorporated under the laws of The State of New York since 1975. We are members of the National Electrical Contractors Association (NECA) and are bonded and insured.",Construction,201-500 employees,Privately Held,"WHITE PLAINS, NY",United States,solarelectric.org,https://www.linkedin.com/company/solarelectricsystems,TRUE,TRUE,https://solarelectric.org/projects,FALSE,TRUE,❌ No relationships found,,,,,,,,,,,,,,,,,
,,Solar Energy Partners,"Our mission is to bring clean energy, cost savings, and peace of mind to every homeowner in the world. Off-the-grid reliable power, from a system that you can own at a cost less per month than your current energy bill. It’s that simple.",Renewable Energy Semiconductor Manufacturing,51-200 employees,Privately Held,"Modesto, California",United States,solarenergy.partners,https://www.linkedin.com/company/solar-energy-partners-1,TRUE,TRUE,https://solarenergy.partners,FALSE,TRUE,❌ No relationships found,,,,,,,,,,✅ Found 10 people,,,,,,,
,,Solar Energy Partners,"Welcome to Solar Energy Partners, where we understand that one size does not fit all when it comes to solar system design. We recognize that every community, business, and home has its own energy needs and production potential, often influenced by unique variables specific to its location. That's why we offer tailored solutions and local expertise to guide you through your journey to energy independence. Trust us to customize the perfect solar solution to help you achieve your energy independence goals!",Renewable Energy Semiconductor Manufacturing,11-50 employees,Partnership,"Smyrna, Georgia",United States,solarenergypartners.com,https://www.linkedin.com/company/solarenergypartners,TRUE,TRUE,https://solarenergypartners.com,FALSE,TRUE,❌ No relationships found,,,,,,,,,,,,,,,,,
,,"Solar Energy Services, Inc.","Solar Energy Services, Inc., (SES) is a leading solar design and installation contractor located in Millersville, Maryland. We install solar electric (PV) and energy storage systems for residential, commercial, and institutional customers. Most of our projects are in Maryland, Washington, DC, and Northern Virginia. 

Our company values honesty and integrity above all. We respect and seek out diverse backgrounds and perspectives. We honor mutual trust and long-term commitments to family, customers, and the company. We promote a respectful and safe work environment. We value learning, knowledge-sharing, personal development, and the social contributions of our work. We empower our employees to make informed business decisions and we provide advancement opportunities to team members based upon merit. In the conduct of our business, we value safety, planning, measurement, teamwork, communication, accountability, results, and profitability. We strive to continuously improve through customer feedback, experience, training, and process measurement.",Renewable Energy Power Generation,11-50 employees,Privately Held,"Millersville, MD",United States,solarsaves.net,https://www.linkedin.com/company/solar-energy-services-inc.,TRUE,TRUE,https://solarsaves.net/Case%20Studies/catholic-charities,FALSE,TRUE,❌ No relationships found,,,,,,,,,Found 2 People,,,,,,✅ Sent 2 rows,,
,,Solar Farms NY,"Solar Farms NY is building solar farms in your community. Powered by New York sun, we generate 100% solar energy without rooftop panels and no upfront cost. Our community solar farms let everyone offset his or her carbon footprint with green solar energy. 

We represent one of the largest developers of solar farms in the United States. We prefer to support solar farms that are built on ""brown fields"" or, land that is not productive farmland like landfills, rocky soil, and quarry sites. Our job is to help customers take advantage of the solar electricity generated by these farms.

Visit us at https://www.solarfarmsny.com/ to learn more.",Renewable Energy Semiconductor Manufacturing,2-10 employees,Privately Held,"Albany, New York",United States,solarfarmsny.com,https://www.linkedin.com/company/sf-ny,TRUE,TRUE,https://www.solarfarmsny.com,FALSE,TRUE,❌ No relationships found,,,,,,,,,❌ No Profile Found,✅ Found 2 people,,,,,✅ Sent 0 rows,,
,,Solar Forward,"Solar Forward is an Elite SunPower Dealer and Tesla Certified Installer with over fifteen years of experience installing residential and commercial solar systems. We are locally owned and operate in sunny Santa Monica, and serve the greater region of southern California. All of our projects are custom designed in order to meet individual needs and look architecturally pleasing. We take care of everything from system design and permitting to installation and rebate paperwork. We are an industry leader in installing battery backup and solar storage solutions.
     Our installations remain essentially maintenance-free for the lifetime of the system. We use SunPower products because they are the most efficient and powerful solar panels on the market and with an unparalleled 25-year Power & Product Warranty. We are proud to provide a 15-year Workmanship Warranty. 
     Solar Forward performs award-winning work, has 100% customer satisfaction and is actively involved in solar permitting and legislative development. 

Call us for a free on site evaluation at (310) 433- 3770. Purchase, loan, and lease financing options are available.

For more information about Solar Forward:
- Visit us on the web at: http://www.solarforward.com
- Like us on Facebook: https://www.facebook.com/solarforward/
- Follow us on Instagram: https://www.instagram.com/solarforward/",Renewable Energy Semiconductor Manufacturing,11-50 employees,Privately Held,"Santa Monica, CA",United States,solarforward.com,https://www.linkedin.com/company/solar-forward,TRUE,TRUE,https://solarforward.com/projects,FALSE,TRUE,❌ No relationships found,,,,,,,,,Found 2 People,,,,,,✅ Sent 2 rows,,
,,Solar Gain,"Our mission is to make the world a better place, one solar panel system at a time. We are energy pioneers, and see each system we design and install as a way of making not only our clients’ lives better, but as moving society as a whole in a positive direction. 

Solar Gain’s top priority is and always will be our customers. 
We pursue your needs, goals and interests above all else, and our process is specifically designed to deliver a hassle-free, enjoyable and affordable solar power experience.

Innovation is the life-blood of the solar industry, and Solar Gain works hard to stay on the cutting edge of solar technology. We are a leader in design, engineering and implementation of high-performance, integrated solar energy projects. As an EPC contractor, we handle every aspect of your solar panel system installation, and we maintain the highest standards throughout the process. Our engineers welcome design challenges, and rise to them using a range of the industry’s latest solar panel technologies. Our specialists stay current on the safest practices for installation. We use the use the best people and practices to produce quality solar panel systems that are efficient, sustainable and beautiful, and backed by the strongest warranties available.

Solar Gain believes in empowering people. It is why we do what we do. We believe that quality solar P.V. systems bring people and businesses independence, and offer people a way to help improve their communities and the world.  Our founders are proud owners of solar panel systems, and we have seen how solar power benefits our lives as well as the world around us. Designing and installing residential and commercial solar panel systems is our way of sharing the independence we have found with our valued customers. It is our way of empowering our friends, neighbors, community members and fellow citizens of Planet Earth. It is our way of helping you make the world a better place.",Renewable Energy Semiconductor Manufacturing,51-200 employees,Privately Held,"Tucson, Arizona",United States,solargaininc.com,https://www.linkedin.com/company/solar-gain,TRUE,TRUE,https://solargaininc.com/business-solar-systems,FALSE,TRUE,❌ No relationships found,,,,,,,,,Found 3 People,,,,,,✅ Sent 3 rows,,
,,Solar Head of State,"Solar Head of State is a non-profit association formed by a team of solar energy activists around the globe. By installing solar energy systems on government buildings, the country's leadership is given first-hand experience with the proven benefits of renewable technologies.
 
Each system is a demonstration project to inspire the mass adoption of solar energy and other renewable energy technologies by the citizens of the country and around the world. We aim to create an aspirational solar leadership club that inspires other leaders to follow suit by installing solar energy on their own executive residence's and adopting favorable renewable energy policies.",Renewable Energy Semiconductor Manufacturing,11-50 employees,Non Profit,"Oakland, California",United States,solarheadofstate.org,https://www.linkedin.com/company/solar-head-of-state,TRUE,TRUE,https://solarheadofstate.org/press-releases/2020/11/30/join-the-solar-head-of-state-nonprofit-board,FALSE,TRUE,❌ No relationships found,,,,,,,,,❌ No Profile Found,✅ Found 3 people,,,,,✅ Sent 0 rows,,
,,"Solar Installation Group, Inc.","Family owned and operated solar installation business with over 40 years collective experience, based in Oakdale, California; built on a solid foundation of quality work and loyal customers who we consider family. CA LIC: 997639",Utilities,11-50 employees,Privately Held,"Oakdale, CA",United States,sig.solar,https://www.linkedin.com/company/solar-installation-group-inc.,TRUE,TRUE,https://sig.solar,FALSE,TRUE,❌ No relationships found,,,,,,,,,❌ No Profile Found,✅ Found 10 people,,,,,✅ Sent 0 rows,,
,,"Solar Lighting International, Inc.","Solar Lighting International Inc. manufactures high-quality commercial solar LED street lights, solar LED parking lot lights, and traffic management products, including solar crosswalks, solar pedestrian beacons, solar school speed warning systems, and solar-powered railroad crossing signals.",Electric Lighting Equipment Manufacturing,2-10 employees,Privately Held,"Lancaster, South Carolina",United States,solarlightingitl.com,https://www.linkedin.com/company/solar-lighting-international-inc-,TRUE,TRUE,https://www.solarlightingitl.com,FALSE,TRUE,,,,,,,,,,,,,,,,,,
,,Solar Lights & More,"Kevin & Kathy McMonigle, owners of Solar Lights & More, have been providing outstanding energy efficient, solar products and service since 1996 in North Central Florida. Kevin McMonigle is a State Certified Solar Contractor (CVC56750) and a Certified Energy Rater by the State of Florida Solar Energy Center (FSEC).

Solar Lights & More has sold and installed more solar products since 1996 than any other company in North Central Florida, and works with over 50 builders in this region. These builders rely on their professionalism and quality products and service.

Solar Lights & More has also been the recipient of several awards at national manufacturing conventions for outstanding sales, installation, and service. In 2001, Solar Lights & More received a community-service award after providing free solar products to the Marion County Center for the Blind in Ocala.

Solar Lights & More is continually seeking out only the best solar products in the industry. So, you can be assured of the most up-to-date technology in all of their products.",Renewables & Environment,11-50 employees,Privately Held,"Ocala, Florida",United States,solarlightsinc.com,https://www.linkedin.com/company/solar-lights-&-more,TRUE,TRUE,https://solarlightsandmore.com/solar-services/residential,FALSE,TRUE,❌ No relationships found,,,,,,,,,❌ No Profile Found,❌ No people found,✅ 1 decision maker found,,,,✅ Sent 0 rows,,
,,Solar Master Pro,Solar Master Pro is a premium and cost-effective solar service provider in the United States of America with years of experience in the renewable energy sector. We aim to provide professional and advanced services in the USA.,Solar Electric Power Generation,11-50 employees,Self Owned,"Camp Hill, Pennsylvania, Pennsylvania",United States,solarmasterpro.com,https://www.linkedin.com/company/solar-master-pro,TRUE,TRUE,http://solarmasterpro.com,FALSE,TRUE,❌ No relationships found,,,,,,,,,,,,,,,,,
,,Solar Me USA,"Solar Me is a full  service solar PV integration company focused on bringing high quality, site specific PV solar solutions to customers in a range of markets. Solar Me is founded on the belief that there is a better way to power our world and ""how"" it is accomplished is the mission of Solar Me. The company is operated with complete transparency to the customer and the expectations are met and beaten on every project.",Renewable Energy Semiconductor Manufacturing,11-50 employees,Privately Held,"South Amboy, New Jersey",United States,solarmeusa.com,https://www.linkedin.com/company/maiersolarengineering,TRUE,TRUE,https://solarmeusa.com/services/commercial-solar-installation,FALSE,TRUE,❌ No relationships found,,,,,,,,,❌ No Profile Found,✅ Found 6 people,,,,,✅ Sent 0 rows,,
,,Solar Me USA,"Solar Me is a full  service solar PV integration company focused on bringing high quality, site specific PV solar solutions to customers in a range of markets. Solar Me is founded on the belief that there is a better way to power our world and ""how"" it is accomplished is the mission of Solar Me. The company is operated with complete transparency to the customer and the expectations are met and beaten on every project.",Renewable Energy Semiconductor Manufacturing,11-50 employees,Privately Held,"South Amboy, New Jersey",United States,solarmeusa.com,https://www.linkedin.com/company/solar-me-usa,TRUE,TRUE,https://solarmeusa.com/services/commercial-solar-installation,FALSE,TRUE,❌ No relationships found,,,,,,,,,❌ No Profile Found,✅ Found 6 people,,,,,✅ Sent 0 rows,,
,,Solar Optimum,"5-Time Winner Panasonic National Solar Installer of the Year (2020-24)

Solar Optimum is an award-winning, premium-certified industry leader in solar energy, battery storage and roof installations in California, Nevada, Arizona and Florida. Serving the residential and commercial sectors, we have installed over 350 megawatts of solar energy and battery storage projects since 2008.

As a vertically-integrated and technology-agnostic organization for the residential and commercial sectors, we leverage the best and most reliable solutions – providing the greatest value to our clients. From the moment you contact us with your solar, battery, or roofing needs, we consider you a top priority and a potential lifelong customer. Our team is made up of professionals that aim to protect the environment with the latest technologies as well as offer long-term savings to homeowners and businesses. 

Energy Experts. Real Relationships. Honest Talk.

CSLB #972228 / NSCB # 0089542 / AZ ROC: # 337886, # 337887, # 337888 / FL Lic #CGC1534603",Services for Renewable Energy,51-200 employees,Privately Held,"Glendale, California",United States,solaroptimum.com,https://www.linkedin.com/company/solar-optimum-inc,TRUE,TRUE,https://solaroptimum.com/commercial-solar,FALSE,TRUE,❌ No relationships found,,,,,,,,,Found 1 People,,,,,,✅ Sent,,
,,Solar Panel Installer,"Meet your town’s best solar panel installer. We are your trusted partner for reducing budget consumption and limiting carbon footprints. With our solar installation services, you can say goodbye to budget-consuming power resources. Talk to us to get top-of-the-line installation services today!",Solar Electric Power Generation,11-50 employees,Privately Held,"Camp Hill, Pennsylvania",United States,solarpanelinstaller.us,https://www.linkedin.com/company/solarpanelinstaller-us,TRUE,TRUE,https://solarpanelinstaller.us/commercial-solar-panel-installer/,FALSE,TRUE,❌ No relationships found,,,,,,,,,,✅ Found 1 people,,,,,,,
,,Solar Power Midwest,"We are a PV Solar Systems installer of panels for residential, commercial, industrial and agricultural locations.  We specialize in roof & ground mounted energy producing solar systems.  We provide turn key solar service in addition to complimentary design services.",Renewable Energy Semiconductor Manufacturing,11-50 employees,Self Owned,"Lockport, IL",United States,solarpowermidwest.com,https://www.linkedin.com/company/solar-power-midwest,TRUE,TRUE,https://solarpowermidwest.com/about-us-2/,FALSE,TRUE,,,,,,,,,,❌ No Profile Found,✅ Found 1 people,,,,,✅ Sent 0 rows,,
,,Solar Power Pros Inc.,"Solar Power Pros specializes in residential and commercial solar energy system installations.

We envision a future where the world is powered by clean energy.   We will play a key part in enabling that future.  We will help change the way energy is produced and reduce negative impacts to our environment.

Our mission is to provide responsible, renewable energy to our customers.  We approach every solar installation with an entrepreneurial spirit and place our customers first.

We are currently providing services in the Denver, CO and the surrounding front range area.

We are seeking talented, entrepreneurial employees that share our values.  We want to work with employees with strong integrity, respect for colleagues and a customer-first attitude.

We are also seeking partners and investors to meet the growing needs of our current market and to expand to new markets.",Renewables & Environment,11-50 employees,Privately Held,"Centennial, Colorado",United States,solarpowerpros.com,https://www.linkedin.com/company/solar-power-pros-inc-,TRUE,TRUE,https://solarpowerpros.com/commercial-solar/,FALSE,TRUE,❌ No relationships found,,,,,,,,,Found 1 People,,,,,,✅ Sent,,
,,Solar Savings Direct,We are a growing business in California servicing our community by providing savings with solar and batteries.,Construction,51-200 employees,Privately Held,"Shingle Springs, California",United States,solarsavingsdirect.com,https://www.linkedin.com/company/solar-savings-direct,TRUE,TRUE,https://solarsavingsdirect.com/commercial-projects,FALSE,TRUE,❌ No relationships found,,,,,,,,,Found 1 People,,,,,,✅ Sent,,
,,Solar Service,"Solar Service is a solar repair and maintenance company operating in Central Texas.

Founded by lifelong friends and Central Texas natives Brian Rodriguez & Harrison Moats, Solar Service is a true service company that is connected to its community for the long haul.",Solar Electric Power Generation,11-50 employees,Privately Held,"Austin, Texas",United States,solarservice-tx.com,https://www.linkedin.com/company/fiesta-solar,TRUE,TRUE,https://solarservice-tx.com/blog,FALSE,TRUE,❌ No relationships found,,,,,,,,,,,,,,,,,
,,"Solar Side Up, LLC","Locally known, Trusted, Experienced, Engaged, Established, and Growing.
Solar Side Up is a collection of talent.  We all bring our uniqueness to our company that believes in our mission to empower people with the very best in solar energy.  

Solar Side up is a full-service, premium solar provider throughout Colorado.   

We pride ourselves in helping to find affordable, custom, reliable, solar energy solutions for your unique energy needs.  

Our full service includes the design of the system, all required permitting, installation and inspection, and system maintenance, all for a fraction of the cost of traditional power and using all premium equipment. 

Our solar panels come with a standard warranties, and we design all of our systems to provide virtually maintenance free solar electrical generation system for years to come.

We also offer attractive financing through credit unions backed by the State of Colorado that allow our customers to enjoy the benefits of solar with little or no up-front costs.   

We are your provider in expert design and installation for systems ranging from 3KW to 500 KW.  We pride ourselves in helping finding custom solutions for your unique energy needs.

We sell solar panels, inverters and racking for residential and commercial installations.  Our industry contacts and connections help to purchase these items at the best prices.  This enables us to pass-on the best pricing to you.

We can help you with assistance in obtaining the most current utility rebates and tax incentives.  This makes solar pay for itself in a very short time while providing years of clean energy for your home or business.

We can also assist your roofing company perform the necessary removal and reinstallation of solar panels and all components so that your investment is protected and with our warranty.",Renewable Energy Semiconductor Manufacturing,2-10 employees,Privately Held,"Loveland, Colorado",United States,solarsideup.com,https://www.linkedin.com/company/solar-side-up-llc,TRUE,TRUE,https://solarsideup.com/services,FALSE,TRUE,❌ No relationships found,,,,,,,,,,,,,,,,,
,,Solar Solution,"Solar Solution, based in Washington D.C., was founded in 2008 and has grown to become one of the largest solar PV installers and developers in the region. We are driven by the pursuit of a cleaner, healthier, America by providing a clean energy option through solar PV systems installed on the rooftops of homes and businesses. We work to educate our community on how solar systems work, the installation process, and the government incentives available to offset costs. Solar Solution has also developed it's own solar programs financed internally to help D.C. homeowners and businesses go solar with $0 upfront cost and no credit checks. Solar Solution is a Certified Business Enterprise (CBE) and an authorized contractor by the D.C. Department of Energy and Environment (DOEE) and the D.C. Sustainable Energy Utility (DCSEU).

Depending on your state, incentives can cover up to 70% of system costs for a solar PV system installed at your home or business. Lease systems are also available in select states at no upfront cost. Solar Solution also provides the largest solar program in Washington D.C., allowing customers to pay for their panels with interest-free installment payments cheaper than conventional electric rates, with $0 down, and no credit checks!

Solar Solution LLC won the DC Mayor's 2014 Sustainability Award for supporting the green economy by putting thousands of Solar Renewable Energy Credits (SREC's) into circulation while saving residents thousands of dollars each year on their energy bill. In 2016 alone, we helped retain over $2,000,000 in the pockets of DC residents; meaning more money circulating in local DC businesses and it's economy.

Call us to schedule a FREE site evaluation today!",Services for Renewable Energy,51-200 employees,Privately Held,"Washington, DC",United States,solarsolutiondc.com,https://www.linkedin.com/company/solar-solution-llc,TRUE,TRUE,http://solarsolutiondc.com,FALSE,TRUE,,,,,,,,,,Found 1 People,,,,,,✅ Sent,,
,,SOLAR SOURCE,"We are a solar contractor that designs and installs residential and commercial solar systems in Southern California. 

We have installed solar for churches, and condo associations. We have installed solar systems in Los Angeles County, Orange County and Riverside County, and are familiar with the requirements of each city building department. 

We are a privately owned company that has been in business since 2008, and have installed hundreds of solar projects. We offer the best quality solar products, and are committed to excellent customer service. In addition to that our prices are competitive. We have a very satisfied customer base and have worked steadily based on referrals for the past 13 years. 

Call us today for a Free Energy Analysis. 562-852-5626",Renewable Energy Semiconductor Manufacturing,2-10 employees,Privately Held,"Long Beach, California",United States,solarsourceinc.com,https://www.linkedin.com/company/solar-source,TRUE,TRUE,https://www.solarsourceinc.com/faqs/,FALSE,TRUE,❌ No relationships found,,,,,,,,,❌ No Profile Found,✅ Found 8 people,,,,,✅ Sent 0 rows,,
,,Solar States,"Founded in 2008, with a dual mission to install solar and educate the next generation, Solar States has completed projects for residential and commercial clients, impacted over a thousand students, and hired several of those students through our established educational programs. Solar States specializes in solar engineering, design, installation, eduction, monitoring and maintenance for a diverse set of clients. Beyond solar installations, we specialize in educational platforms that sync with school's curriculum to create a brighter future for tomorrow through hands on solar classes.",Renewable Energy Semiconductor Manufacturing,11-50 employees,Privately Held,"Philadelphia, Pennsylvania",United States,solar-states.com,https://www.linkedin.com/company/solar-states-llc,TRUE,TRUE,https://www.solar-states.com/solarize-2/,FALSE,TRUE,❌ No relationships found,,,,,,,,,Found 1 People,,,,,,✅ Sent,,
,,Solar Symphony,"Solar Symphony is Southern California's most compelling value in solar energy! 

Solar Symphony Construction, Inc. is pleased to offer you the most compelling value in solar energy today. At Solar Symphony value is defined by our customers, and means delivering the highest quality solar energy systems, with “raving fan” customer service, at a very reasonable cost. We realize this is a rare combination, and you may be a little skeptical, but get in touch with us, and we’ll show you how we consistently deliver industry leading value and create customers for life.",Construction,11-50 employees,Privately Held,"Escondido, CA",United States,solarsymphony.com,https://www.linkedin.com/company/solar-symphony,TRUE,TRUE,https://estimate.solarsymphony.com/commercial-solar,FALSE,TRUE,❌ No relationships found,,,,,,,,,❌ No Profile Found,✅ Found 10 people,,,,,✅ Sent 0 rows,,
,,Solar Tech Elec,"Solar Tech Elec is a leading Solar Installation Company based in Clearwater, Florida. We offer bespoke design service and solar panel installation for both residential and commercial properties statewide. Solar Tech Elec covers the Pinellas county, Tampa and the rest of the sunshine state. We pride ourselves on being customer focused ensuring clients the best solar service for their home or business. For us, our goal is to meet the needs of every single customer that comes our way and nothing more. We, therefore, pay special attention to your energy requirements to agree the best deal without compromising on service or quality. Are you thinking of going Solar in the sunshine state? Contact us for the leading solar energy solutions.",Specialty Trade Contractors,2-10 employees,Privately Held,"Clearwater, Florida",United States,solartechelec.com,https://www.linkedin.com/company/solar-tech-elec,TRUE,TRUE,https://solartechelec.com/solar/commercial,FALSE,TRUE,❌ No relationships found,,,,,,,,,❌ No Profile Found,✅ Found 2 people,,,,,✅ Sent 0 rows,,
,,Solar Technologies,"Founded in 1998, Solar Technologies has installed more than 100,000 solar panels and helped thousands of Bay Area home and business owners save money with solar. We're successful because we provide customers with high-quality, reasonably priced solar energy systems installed by the most experienced personnel — all backed by award-winning customer service and a best-in-industry warranty. This is why customers are choosing to trust us to install and care for their solar power systems and why a manufacturer such as SunPower selected us to be their exclusive Bay Area Master Dealer.

After 25 years, we’re still intensely focused on quality, and our customers are still at the heart of everything we do.",Renewable Energy Semiconductor Manufacturing,51-200 employees,Privately Held,"San Ramon, CA",United States,solartechnologies.com,https://www.linkedin.com/company/solar-technologies,TRUE,TRUE,https://solartechnologies.com/nonprofits/,FALSE,TRUE,❌ No relationships found,,,,,,,,,Found 3 People,,,,,,✅ Sent 3 rows,,
,,Solar Topps,"Based out of Phoenix, Solar Topps was founded in pursuit of helping everyone make smarter financial decisions when it came to their energy independence. We aren't roofers, electricians, or salespeople that decided to get into the solar industry, we are a local, NABCEP-certified engineering firm that specializes in designing, installing, and servicing rooftop, ground mount, and shade structure solar systems for homes and businesses. 

Our promise is simple: to always do right by you. The critical difference with our company is that if solar does not make sense for you, we will let you know. We value an honest and open relationship over a sale. Our simple energy management solutions provide the best value in Solar, Battery Backup and EV Charging options designed to fit your lifestyle, today and tomorrow. 

By choosing Solar Topps, you have the peace of mind that your system will use premium products that are precisely engineered and installed to deliver premium results. The only thing that isn't premium about us is our price. But it is not just our prices that make us one of Arizona's best. It's our industry-recognized performance, project management, well-functioning systems, and, when needed, service. For us, it's all about top-notch customer experiences. 

We hire, train and use only our installers, not third-party contractors. We provide our crews with the right tools and fully loaded trucks, so they can get the job done right, the first time. With a reduced need to revisit sites multiple times, we are able to help our customers save more. We develop relationships with key decision-makers at the Utility, City, and HOAs to ensure projects go smoother. We cultivate relationships with our customers, making sure they are happy before, during, and after the installation process, doing our best to reduce any amount of downtime. That's the Solar Topps difference.

Get your energy, your way. Whether online, over the phone or in-person, our team is ready to work with you.",Renewable Energy Semiconductor Manufacturing,51-200 employees,Privately Held,"Phoenix, Arizona",United States,solartopps.com,https://www.linkedin.com/company/solartopps,TRUE,TRUE,https://solartopps.com,FALSE,TRUE,❌ No relationships found,,,,,,,,,❌ No Profile Found,✅ Found 10 people,,,,,✅ Sent 0 rows,,
,,Solar Trek,"Our company offers the best in designing and installing solar pool heat systems. We have been in business for over 29 years and thus have tested everything out there. We are the exclusive Heliocol dealer in Alachua, Marion, Sumter, Levy, and Citrus. We also offer Smartcool Green Technology which we can save you 20% of your heating and cooling electricity costs. We also install solar hot water systems which can pay for it's self with in two years!",Renewables & Environment,11-50 employees,Self Owned,"Ocala, Florida",United States,gosolartrek.com,https://www.linkedin.com/company/solar-trek,TRUE,TRUE,https://gosolartrek.com/commercial-solar-electric,FALSE,TRUE,❌ No relationships found,,,,,,,,,,,,,,,,,
,,Solar Works Energy,We offer residential and commercial solar electric systems that provide affordable and clean power to our customers.,Renewable Energy Semiconductor Manufacturing,51-200 employees,Privately Held,"Albuquerque, New Mexico",United States,solarworksenergy.com,https://www.linkedin.com/company/solar-works-energy,TRUE,TRUE,https://solarworksenergy.com,FALSE,TRUE,❌ No relationships found,,,,,,,,,❌ No Profile Found,✅ Found 10 people,,,,,✅ Sent 0 rows,,
,,Solar2SK LLC,We offer both D.I.Y. and professionally installed solar and non solar energy storage solutions. We work with the customer to figure out his/her energy consumption and what it would take for them to make the switch to a cheaper cleaner solar energy solution.,Renewables & Environment,11-50 employees,Partnership,"Wylie, Texas",United States,solar2sk.com,https://www.linkedin.com/company/solar2sk,TRUE,TRUE,https://www.shop.solar2sk.com/our-services/,FALSE,TRUE,❌ No relationships found,,,,,,,,,❌ No Profile Found,✅ Found 6 people,,,,,✅ Sent 0 rows,,
,,Solara Home Energy,"CA's largest privately held Solar Provider strategically formed for New Home Builders.  We operate 100% in-house and handle all aspects of our trade.  T24, Solar Design, Plan Sets, Permits, Sales, Buyer Consultations, Finance, Installation, Interconnection and Post-Close customer service.  We work with the state's largest Publicly Traded Builders, as well as local Regional Builders.  We are built solely to handle and process New Home Builder communities fast, efficiently, and affordable.",Solar Electric Power Generation,51-200 employees,Privately Held,"Rocklin, California",United States,gosolara.com,https://www.linkedin.com/company/gosolara,TRUE,TRUE,https://gosolara.com/pages/commercial-energy,FALSE,TRUE,❌ No relationships found,,,,,,,,,❌ No Profile Found,✅ Found 10 people,,,,,✅ Sent 0 rows,,
,,SolareAmerica,"SolareAmerica is a proud woman owned renewable energy provider that was recently named as one of the top 250 solar contractors in America.  The Green Energy Initiative in the U.S. has opened the door for a multitude of new service providers in the energy segment. However, many providers are only single purpose installers or energy managers.  Unlike its competitors, SolareAmerica corporate strategy has enabled our company to develop comprehensive partnerships across a multitude of technologies that provides our clients with a broad spectrum of services, products and most importantly, expertise.  Delivering each sale through a “turn-key” business approach.  We truly partner with our customers every step of the way to reach their financial goals by satisfying their energy needs. 

We are pleased to provide the industry’s first fully integrated renewable energy company combining and maximizing multiple renewable energy technologies into a single seamless system.  Our unique technology coupled with a highly efficient business model and sales approach; provide our clients with a customized solar solution. Our new patented solar canopy is a technological and design break through that provides up to 95% more solar than traditional solar parking canopy products.  This enormous step forward in efficiency allows SolareAmerica to offer the best solar canopy in the nation. 

SolareAmerica offers a preferred partner network which allows us to service our clients regardless of geography.  Couple that advantage with our desire to educate our customers so that our motto, ""Going Green can make you Green,"" is realized every time.  Our corporate mission is to enlighten individuals, municipalities, nonprofits and businesses on how converting to solar renewable energy now, can help generate greater revenues, savings and value in the future.",Renewable Energy Semiconductor Manufacturing,11-50 employees,Privately Held,"Upper Darby, PA",United States,solareamerica.com,https://www.linkedin.com/company/solare,TRUE,TRUE,https://solareamerica.com,FALSE,TRUE,❌ No relationships found,,,,,,,,,❌ No Profile Found,✅ Found 10 people,,,,,✅ Sent 0 rows,,
,,Solarex,Solarex offers turnkey solutions that can connect your home with the power of green energy. We work closely with our customers to help them achieve their goals using the most efficient technologies.,Renewable Energy Power Generation,11-50 employees,Privately Held,"Houston, Texas",United States,solarexpro.com,https://www.linkedin.com/company/solarexpro,TRUE,TRUE,https://solarexpro.com,FALSE,TRUE,❌ No relationships found,,,,,,,,,❌ No Profile Found,❌ No people found,✅ 1 decision maker found,,,,✅ Sent 0 rows,,
,,Solaris Renewables,"Our mission is to energize homes and businesses with clean, reliable, and sustainable power. Our full-service solar company exceeds industry standards with every project we put our name on. With thousands of installations under our belt, we have the experience to be a trusted partner in your journey toward energy independence. If you’re happy, saving money, and reducing your impact on the planet, then we’re doing our job right.

Locally owned and operated in Burlington, Massachusetts, our customers are our neighbors. We pride ourselves on our superior customer care and place your needs first. From consultation to installation, our collaborative approach makes every part of going solar stress-free and transparent. 

As a SunPower Elite Dealer, Panasonic Elite Installer, Solaria Pro Partner, and Tesla Powerwall Certified Installer, we deliver trusted energy solutions with superior warranties. With these strong partnerships, we’re one of only a few chosen installers in the country able to provide comprehensive protection for decades. We also offer an array of financing options, from leasing to purchasing, allowing you to control your electricity costs and investment the way it makes sense for you.

Our commitment to excellence has earned us local and national recognition from prominent organizations. Among others, we’ve received an A+ rating from the Better Business Bureau, Best of North Shore Editor’s and Readers’ Choice awards from Northshore Home Magazine, and have been named a Top Residential Solar Installer in Massachusetts and in the U.S. by Solar Power World.",Renewables & Environment,11-50 employees,Privately Held,"Burlington, MA",United States,solarisrenewables.com,https://www.linkedin.com/company/solaris-renewables,TRUE,TRUE,https://solarisrenewables.com/commercial-solar,FALSE,TRUE,❌ No relationships found,,,,,,,,,❌ No Profile Found,✅ Found 10 people,,,,,✅ Sent 0 rows,,
,,"Solaris Technology Industry, Inc.","Solaris-shop.com is your single source solution for all of your solar energy needs. We have a large inventory to choose from, with the best manufacturers in the business. We work with businesses and consumers alike for solutions tailored to your specific needs. Whether you are a homeowner looking to build your own system, or an installer looking to get supplied for the next job, we've got you covered.",Renewable Energy Semiconductor Manufacturing,2-10 employees,Privately Held,"Englewood, Colorado",United States,solaris-shop.com,https://www.linkedin.com/company/solaris-technology-industry-inc-,TRUE,TRUE,https://www.solaris-shop.com/industrial,FALSE,TRUE,❌ No relationships found,,,,,,,,,,,,,,,,,
,,SolarSesame,"SolarSesame is a construction company and serve CA, FL & TX. | CA License Number - 1116168 | FL License Number - EC13014201 | TX License Number - 38785.

Our office is located on the 4th Floor of WeWork building in San Mateo, CA.
Warehouse located in San Lorenzo, CA.",Services for Renewable Energy,11-50 employees,Privately Held,"Hayward, California",United States,solarsesame.com,https://www.linkedin.com/company/solarsesame,TRUE,TRUE,https://solarsesame.com/commercial-solar/,FALSE,TRUE,❌ No relationships found,,,,,,,,,❌ No Profile Found,✅ Found 10 people,,,,,✅ Sent 0 rows,,
,,SolarTech,"With over 20 years of industry expertise, SolarTech provides cutting-edge solar solutions across California and Arizona. We specialize in the design and installation of high-efficiency solar panels, advanced energy storage systems, roofing, and solar pool heating for residential, multifamily, and commercial properties. Our dedicated team ensures seamless project execution and long-term support.",Renewables & Environment,51-200 employees,Partnership,"San Diego, California",United States,solartechonline.com,https://www.linkedin.com/company/solartechinc,TRUE,TRUE,https://solartechonline.com,FALSE,TRUE,❌ No relationships found,,,,,,,,,Found 2 People,,,,,,✅ Sent 2 rows,,
,,SolarWorks!,"SolarWorks! is a full-service Renewable Energy company providing residential and commercial solar photovoltaic and solar thermal installations in South-West Colorado. SolarWorks! designs all systems to meet the unique needs of our customers. Our team is CoSEIA certified and works extensively with other local organizations such as 4Core and LPEA to ensure our clients receive all available rebates. SolarWorks' mission is to provide sustainable and affordable ways of meeting everyday energy demand. Look for yourself and see how SolarWorks! can install a simple, elegant, and hands-free system for you.",Renewable Energy Semiconductor Manufacturing,2-10 employees,Privately Held,,United States,durangosolarworks.com,https://www.linkedin.com/company/solarworks-,TRUE,TRUE,https://durangosolarworks.com/service/commercial-solar,FALSE,TRUE,❌ No relationships found,,,,,,,,,Found 1 People,,,,,,✅ Sent,,
,,Solect Energy,"Solect Energy is a leading provider of solar and energy storage solutions for businesses, schools, cities, towns, and nonprofits in the Northeast, with 800+ installed projects totaling 160+ MW. Through our team of experts in development, technology, policy, incentives, and financing, we offer a comprehensive approach to helping our clients reduce energy costs and optimize their solar and storage investments. Our Operations & Maintenance team provides service to 700+ customers, achieving a 99% renewal rate each year. Headquartered in Hopkinton, Massachusetts, Solect is a wholly-owned subsidiary of Pattern Energy Group.

For more information, visit http://www.solect.com",Renewable Energy Semiconductor Manufacturing,51-200 employees,Privately Held,"Hopkinton, MA",United States,solect.com,https://www.linkedin.com/company/solect-energy,TRUE,TRUE,https://solect.com,FALSE,TRUE,❌ No relationships found,,,,,,,,,Found 22 People,,,,,,✅ Sent 10 rows,,
,,"Soleeva Energy, Inc.","At Soleeva, we're on a mission to revolutionize the solar energy industry with our cutting-edge technology. Our proprietary solar panels are equipped with advanced anti-soiling, air-cooling, and heat-management technologies, extending their lifespan significantly beyond the industry standard. With maximum energy output, minimal maintenance costs, and reduced environmental impact, our panels are the ideal solution for sustainable energy needs. Join us in our commitment to a cleaner and greener future. Learn more about our technology and services at soleeva.com.",Renewables & Environment,11-50 employees,Privately Held,"San Jose, CA",United States,soleeva.com,https://www.linkedin.com/company/soleeva,TRUE,TRUE,https://soleeva.com,FALSE,TRUE,,,,,,,,,,Found 1 People,,,,,,✅ Sent,,
,,SolFarm Solar Co.,"SolFarm Solar Co is a full-service solar energy company located in Asheville, NC and services the Southeastern United States. We offer consultation, system design and installation for solar photovoltaic energy systems. We are here to help you reach your sustainability goals for residential and commercial solar energy.",Renewables & Environment,2-10 employees,Privately Held,"Asheville, North Carolina (NC)",United States,solfarm.com,https://www.linkedin.com/company/solfarm-solar-co.,TRUE,TRUE,https://solfarm.com/not-for-profit-solar-energy,FALSE,TRUE,❌ No relationships found,,,,,,,,,Found 2 People,,,,,,✅ Sent 2 rows,,
,,Solgen Power,"Solgen Power provides an excellent Solar experience for homeowners in Washington State, Oregon, Idaho, Ohio, Kentucky, Indiana, Arizona, and Texas. We help you save Green by going Green.",Renewables & Environment,"1,001-5,000 employees",Privately Held,"Pasco, Washington",United States,solgenpower.com,https://www.linkedin.com/company/solgen-power,TRUE,TRUE,https://solgenpower.com/installations,FALSE,TRUE,,,,,,,,,,Found 2 People,,,,,,✅ Sent 2 rows,,
,,SolQ,The Smarter Way To Go Solar,Solar Electric Power Generation,11-50 employees,Privately Held,"Logan, Utah",United States,solq.com,https://www.linkedin.com/company/solq,TRUE,TRUE,https://solq.com/faqs,FALSE,TRUE,❌ No relationships found,,,,,,,,,Found 1 People,,,,,,✅ Sent,,
,,SOLRITE Energy,"We are setting a new paradigm for the solar industry,  SOLRITE Energy is now offering the first VPA (Virtual Power Plant Power Purchase Agreement) and is partnered with Sonnen, a global leader in home battery solutions!",Services for Renewable Energy,11-50 employees,Self Employed,"Fort Worth, TX",United States,solriteenergy.com,https://www.linkedin.com/company/solrite-energy,TRUE,TRUE,https://solriteenergy.com/multifamily,FALSE,TRUE,❌ No relationships found,,,,,,,,,Found 2 People,,,,,,✅ Sent 2 rows,,
,,Solstice Solar,"Solstice Solar is a Houston-based, licensed, insured, and certified Electrical Contractor specializing in residential solar and energy storage solutions. 

As a Premier SPAN Installer, we provide turnkey services from design to installation and maintenance. With our expert team, we handle the entire process, from site assessments to final Permission to Operate (PTO), ensuring complete customer satisfaction.

At Solstice Solar, local expertise drives us to deliver the best solutions for our Houston community and beyond.",Renewable Energy Semiconductor Manufacturing,11-50 employees,Partnership,"Houston, Texas",United States,solsticesolar.com,https://www.linkedin.com/company/solstice-solar,TRUE,TRUE,https://solsticesolar.com/our-projects,FALSE,TRUE,❌ No relationships found,,,,,,,,,Found 1 People,,,,,,✅ Sent,,
,,SOLU Solar Distribution DBA SOLUENT Renewables,"As a trusted distributor in the solar industry, we specialize in nationwide solar equipment procurement and distribution for megawatt (MW)-scale projects. We provide comprehensive, end-to-end solar supply chain solutions tailored to meet the unique needs of B2B clients. From sourcing high-quality products to managing logistics, we streamline the process, enabling businesses to transition to renewable energy efficiently and cost-effectively.

This approach underscores our commitment to simplifying solar solutions for business clients and positions SOLU Solar Distribution as a key partner in their sustainability journey.",Wholesale,2-10 employees,Self Employed,"Irvine, CA",United States,solu-distribution.com,https://www.linkedin.com/company/solu-solar-distribution,TRUE,TRUE,https://solu-distribution.com/,FALSE,TRUE,❌ No relationships found,,,,,,,,,❌ No Profile Found,✅ Found 7 people,,,,,✅ Sent 0 rows,,
,,SonLight Power,"Solar Power for Good!

Only 12% of the people living in developing countries have access to electricity. These underserved communities are without basic human necessities like preserving food and vaccines, powering sanitation, and having light in classrooms. Through the power of God’s love and the sun, we are on a mission to change that. With your support we install solar panels and bring renewable power to a community in need. And through every mission served we share a spiritual light through prayer and teaching that will stay with the community for good - long after we are gone. 

SonLight Power teams connect medical clinics, schools, orphanages, community centers and churches to a 30-year supply of electricity.  The solar power produced by our collaborative projects make an immediate and lasting impact.  Practically speaking, they can be game-changers for communities on the edge.

SonLight Power has transformed tens of thousands of lives worldwide – including the many who serve with us.  We invite you to join our cause.",Renewables & Environment,11-50 employees,Non Profit,"Milford, Ohio",United States,sonlightpower.org,https://www.linkedin.com/company/sonlight-power,TRUE,TRUE,https://www.sonlightpower.org/cobblestone,FALSE,TRUE,❌ No relationships found,,,,,,,,,Found 3 People,,,,,,✅ Sent 3 rows,,
,,"Source Renewables, LLC","Source Renewables is a clean energy development company that develops solar PV, energy storage, and hybrid solar projects. Source Renewables was created by Source Structured Finance and ABA Clean Energy as a means to merge two energy development companies and provide a stronger value proposition to asset managers, customers, and the project development community.",Oil and Gas,11-50 employees,Partnership,"Greenwich, Connecticut",United States,sourcerenew.com,https://www.linkedin.com/company/source-renewables-llc,TRUE,TRUE,https://sourcerenew.com,FALSE,TRUE,❌ No relationships found,,,,,,,,,Found 1 People,,,,,,✅ Sent,,
,,South Mountain Company,"South Mountain is an integrated architecture, engineering, building, interiors, and solar company located on the island of Martha's Vineyard. We do all the parts, from beginning to end, and are committed to using business as a force for good.
Nearly two thirds our employees share ownership. We balance a triple bottom line (people, planet, and profit) and are currently the highest scoring B Corp.",Architecture and Planning,11-50 employees,Partnership,"West Tisbury, MA",United States,southmountain.com,https://www.linkedin.com/company/south-mountain-company,TRUE,TRUE,https://southmountain.com/community,FALSE,TRUE,❌ No relationships found,,,,,,,,,❌ No Profile Found,✅ Found 10 people,,,,,✅ Sent 0 rows,,
,,South Sound Solar,"South Sound Solar is your local solar expert. A family owned business, based in Olympia, we are the South Sound's leading solar installer. Installing Residential and Commercial Solar Hot Water and Solar Electric (PV) at affordable prices, we make going green simple.

South Sound Solar’s goal is to educate consumers and communities, encourage them to change the way they think about energy and to empower them to become energy producers. Through our outreach, products and services we strive to benefit the environment and the economy.",Renewable Energy Semiconductor Manufacturing,11-50 employees,Privately Held,"Olmypia, WA",United States,southsoundsolar.com,https://www.linkedin.com/company/south-sound-solar,TRUE,TRUE,http://southsoundsolar.com,FALSE,TRUE,❌ No relationships found,,,,,,,,,❌ No Profile Found,✅ Found 9 people,,,,,✅ Sent 0 rows,,
,,"South Texas Solar Systems, Inc.","South Texas Solar Systems, Inc. distributes & installs renewable energy products including Small Wind, Solar (PV), Solar Thermal & Solar Water Pumping. 

Heat insulation and building automation are great ways of lowering energy consumption, while photovoltaic technology, solar thermal energy, and heat recovery can turn a building facade into a power plant that generates not only electricity but also heating and cooling. This isn't fiction energy autonomous buildings are a reality today.",Renewable Energy Semiconductor Manufacturing,11-50 employees,Self Employed,"San Antonio, Texas",United States,txsolarsystems.com,https://www.linkedin.com/company/south-texas-solar-systems-inc.,TRUE,TRUE,https://txsolarsystems.com/commercial-solar-panels,FALSE,TRUE,❌ No relationships found,,,,,,,,,,,,,,,,,
,,Southern Energy Management,"Specializing in solar for NC
Helping builders construct healthy homes in Southeast 
Creating sustainable communities nationwide
Certified B Corp

Southern Energy Management is the Southeast's rooftop solar and building performance expert. We're a team of over 90 building scientists, solar professionals, and entrepreneurs dedicated to improving the way the world makes and uses energy. We’re passionate about continuously innovating and leading the energy market while maintaining our core values. 

As a Certified B Corp, we’re firm believers that businesses have the power to change the world for the better, and we’re committed to working toward that goal each and every day. We believe what you do is important, and we also believe how you do it matters just as much.  

Based out of North Carolina, we offer energy efficiency, green building and turn-key solar services for homeowners, builders, and companies across the country. With 20+ years of experience, we have the expertise and proven process to provide a seamless project and positive customer experience.  

SEM's team has installed over 15 megawatts of solar power, helped verify more than 19,000 ENERGY STAR and green-certified homes, and helped to offset millions of pounds of carbon emissions. For more information, visit www.southern-energy.com.",Services for Renewable Energy,51-200 employees,Privately Held,"Raleigh, North Carolina",United States,southern-energy.com,https://www.linkedin.com/company/southern-energy-management,TRUE,TRUE,https://southern-energy.com,FALSE,TRUE,❌ No relationships found,,,,,,,,,Found 4 People,,,,,,✅ Sent 4 rows,,
,,Spartan X,"As one of the fastest-growing Residential Solar organizations in the nation, Spartan Solar has pioneered a new method of partnership and collaboration in the industry. With a unique offer in every market they service, Spartan has something for everyone across the US.

Our bread-and-butter deal is simple: offer a top-of-the-line product at an unbeatable price. By exceeding expectations and providing incredible value, we aim to make it as easy as possible for a solar representative to do what they do best: solve problems.

We take pride in knowing that our organization is founded on a culture that demands the best out of one another every day. While financial success is something worth striving for, we believe it is second to personal excellence. To be a Spartan is to be challenged, and in overcoming adversity we become great.",Services for Renewable Energy,201-500 employees,Privately Held,"Winter Park, Florida",United States,spartansolar.earth,https://www.linkedin.com/company/spartan-solar-company,TRUE,TRUE,https://my.spartansolar.earth/,FALSE,TRUE,❌ No relationships found,,,,,,,,,,,,,,,,,
,,Spreck Energy Inc.,"Spreck Energy partners with commercial, industrial, and public sector clients to deliver high-quality solar and storage solutions across the U.S. As a full-service EPC, we specialize in designing, building, and managing solar, battery, EV charging, and microgrid systems that meet the demands of today’s energy-conscious businesses.

Our team is known for moving quickly, solving complex challenges, and delivering clean energy systems that perform—both technically and financially. We support a wide range of clients, from real estate owners and developers to public agencies and facility operators, helping them reach energy, ESG, and cost-reduction goals with practical, scalable solutions.

Whether it’s a single site or a multi-property rollout, Spreck Energy brings technical depth, execution speed, and a collaborative mindset to every project.

We're proud members of the clean energy community and active supporters of organizations like #CMAA. If you're looking for a solar partner who understands the built environment and delivers with integrity—let’s connect.",Renewables & Environment,11-50 employees,Privately Held,"Danville, California",United States,spreckenergy.com,https://www.linkedin.com/company/spreck-energy-inc,TRUE,TRUE,https://spreckenergy.com/about,FALSE,TRUE,,,,,,,,,,Found 1 People,,,,,,✅ Sent,,
,,Standard Energy Solutions,"Standard Energy Solutions (SES) is a Maryland-based professional renewable energy solutions EPC that serves residential customers in a number of states throughout the Mid-Atlantic region. Since 2004, SES offers comprehensive design, engineering, installation and O&M service solutions for distributed solar, electrical load management and energy storage systems. Our team has the skill and experience necessary to assess the energy consumption of your home or business and develop actionable strategies to reduce your energy bills and carbon footprint, while improving the health, safety and comfort of the building structure.",Solar Electric Power Generation,51-200 employees,Privately Held,"Columbia, Maryland",United States,standardenergysolutions.com,https://www.linkedin.com/company/standard-energy-solutions,TRUE,TRUE,https://standardenergysolutions.com/about-ses,FALSE,TRUE,❌ No relationships found,,,,,,,,,Found 2 People,,,,,,✅ Sent 2 rows,,
,,Staples Energy,"Staples Energy helps commercial and residential customers, places of worship, and public facilities save hundreds of millions of kilowatt hours of energy. We specialize in the implementation of energy efficiency programs on behalf of utility providers for single- and multi-family residential, commercial, and small business customers. 

RESIDENTIAL PROGRAMS
Whether you rent or own, Staples Energy can help identify and improve inefficiencies in your home's heating, cooling, and insulation that will make it safer, more comfortable, and cheaper to operate.

NON-RESIDENTIAL PROGRAMS
One of the simplest ways to increase profit on a long-term and consistent basis is to make your business more energy efficient. The three best places to start are your lighting, HVAC, and refrigeration. 

We also offer:
•	Solar panel installation
•	HVAC repair and installation
•	Electric Vehicle Charging Station installation

Clients often tell us we are easy to work with, quick to respond, and innovative in our approach. We credit the depth of our experience and lessons learned over the years for informing our solutions to your energy efficiency challenges. Our programs integrate several key concepts that lead to success: local job creation, ongoing evaluation & tweaking, attention to detail, and the use of innovative technologies.

Staples Energy is staffed by program managers, certified and journeyman electricians, HVAC technicians, BPI raters, customer enrollment specialists, weatherization specialists, database managers, a bi-lingual call center, outreach specialists, and support staff. Headquartered in Pewaukee, Wisconsin, we currently have six locations in California including Bakersfield, Hayward, Pasadena, Sacramento, Salinas, and San Diego, with operations in Arizona and Illinois as well.",Environmental Services,51-200 employees,Privately Held,"Pewaukee, WI",United States,staplesenergy.com,https://www.linkedin.com/company/staples-energy,TRUE,TRUE,https://staplesenergy.com/programs/,FALSE,TRUE,❌ No relationships found,,,,,,,,,❌ No Profile Found,✅ Found 10 people,,,,,✅ Sent 0 rows,,
,,State Electric Company,"State Electric Company is a leader in the electrification of the nation. Our highly educated and experienced team of professionals uses industry-leading software technology and has partnered with manufacturers to deliver affordable solutions for all your electrical needs. With our combined, extensive knowledge in renewable energy sources through solar and battery storage, the team at State Electric works together to provide customers, large and small, with efficient electrical solutions. We specialize in smart electrical panels, EV chargers, battery storage, microgrids, and emergency generators with automatic transfer switches to ensure that all your energy needs are affordable and safely met.",Electric Power Generation,51-200 employees,Privately Held,"Holly, MI",United States,stateelectriccompany.net,https://www.linkedin.com/company/state-electric-company,TRUE,TRUE,https://stateelectriccompany.net/commercial,FALSE,TRUE,❌ No relationships found,,,,,,,,,❌ No Profile Found,✅ Found 10 people,,,,,✅ Sent 0 rows,,
,,Staten Solar,"Staten Solar is an international developer and EPC of solar PV, Storage and Fast EV Charging systems.  Founded in 2008, based in Silicon Valley, with a subsidiary in New Delhi, the company’s focus is commercial and utility solar PV applications. We have designed and commissioned over 1000 MW of photovoltaic systems for utilities, office buildings, plants and agricultural operations. The firm’s innovation DNA and financing abilities are the foundation upon which it builds added value for its clients. Staten is an award-winning company.

Staten thrives on meeting design challenges and delivering solar power in environments that confound others. We designed and built the first levee mounted solar system in the world, saving productive agricultural land while producing consistent savings for the owner.  Staten also works with architectural firms to integrate solar in high profile designs for corporate offices in Silicon Valley.

 Staten is product agnostic and entertains strong relations with key equipment manufacturers (including Sunpower, Boviet, Canadian Solar). It can design and install any rooftop system (including ballasted, raised metal beam, membrane, etc…), any floating system, or carport, or ground-mount system. The firm concentrates on systems 350kW+ (0.5-5MW in CA, 20+MW in India and Africa).",Renewable Energy Semiconductor Manufacturing,51-200 employees,Privately Held,"San Jose, California",United States,statensolar.com,https://www.linkedin.com/company/staten-solar,TRUE,TRUE,http://statensolar.com,FALSE,TRUE,❌ No relationships found,,,,,,,,,Found 2 People,,,,,,✅ Sent 2 rows,,
,,Strada Ventures LLC,"Strada can work as a consultant or development partner to help navigate the complex public and private approval processes needed to execute real estate development projects. We have deep experience with preservation and new construction deals, and can also provide asset management services for client's existing portfolio as well as customized underwriting training.

Strada provides services for low income housing transactions, mixed income transactions, pre-development, closing and construction oversight, asset management, loan conversion, underwriting training, and solar energy financing. 

We serve as a trusted advisor customizing our services to meet the specific needs of our clients and development partners, who consist of for-profits, non-profits and emerging developers new to the affordable housing industry or to the New York City Market.",Real Estate,2-10 employees,Self Owned,"Brooklyn, NY",United States,stradanyc.com,https://www.linkedin.com/company/strada-ventures-llc,TRUE,TRUE,https://stradanyc.com,FALSE,TRUE,❌ No relationships found,,,,,,,,,❌ No Profile Found,✅ Found 10 people,,,,,✅ Sent 0 rows,,
,,Straight Line Roofing & Construction,"Voted Best Company to Work for in 2024

Straight Line Roofing & Construction specializes in residential roofing, siding, solar, and gutters, delivering exceptional craftsmanship and customer service.

With over 14,000 successful projects completed since 1999, our reputation for quality, reliability, and honesty has made us a trusted name among homeowners, suppliers, and contractors alike.

Visit our showroom to explore roofing and construction materials firsthand and meet with our experienced consultants to make informed decisions for your home.

Committed to safety and excellence, we prioritize the well-being of our employees and customers by maintaining the highest industry standards and carrying full licensing and insurance.

Straight Line is proud to be a BBB A+ rated company with thousands of positive reviews, recognized for putting people first—both our customers and our team. Whether you're looking for top-tier residential services or a rewarding career with a company that values its employees, we are here to build a brighter future, one home at a time.",Construction,51-200 employees,Privately Held,"Shingle Springs, California",United States,straightlineconstruction.com,https://www.linkedin.com/company/straight-line-construction,TRUE,TRUE,https://straightlineconstruction.com/why-straight-line/community-involvement,FALSE,TRUE,❌ No relationships found,,,,,,,,,,,,,,,,,
,,StraightUp Solar,"With over fifteen years of experience we simplify solar solutions for residential, commercial, and industrial customers.

Our Mission: ""Empowering communities to create a sustainable future through lasting partnerships that provide our region's premier solar premier solar integrations and customer service at a competitive price""

As one of Illinois & Missouri's oldest solar companies you are in good hands. Our staff of 85+ is the most qualified in both states, with several who are NABCEP certified.   Our hard-earned experience comes from 1700+ solar installations.

We are here to make solar simple and increase your cash flow on Day 1.",Renewable Energy Semiconductor Manufacturing,51-200 employees,Privately Held,"St Louis, Missouri",United States,straightupsolar.com,https://www.linkedin.com/company/straightup-solar,TRUE,TRUE,https://straightupsolar.com/commercial,FALSE,TRUE,❌ No relationships found,,,,,,,,,Found 1 People,,,,,,✅ Sent,,
,,Strawberry Solar,"Strawberry Solar is a Michigan based solar design and installation firm dedicated to providing the highest quality workmanship and customer service.

Founded in 2010, Strawberry Solar has been contracted for installations around the country, but are proud to be growing our business and installing PV production systems in Michigan.

Our Mission:

Help residents and business owners discover the benefits solar in our home state of Michigan.

Our Team:

The Strawberry team comes from an experienced background of solar installation and project management. Our team has been in the industry since 2006 and has worked on residential and commercial installations in states such as Michigan, Ohio, Arizona, California, Colorado, Connecticut, and New York.",Renewable Energy Semiconductor Manufacturing,2-10 employees,Privately Held,"Detroit, Michigan",United States,strawberrysolar.com,https://www.linkedin.com/company/strawberry-solar,TRUE,TRUE,https://strawberrysolar.com/services/commercial-solar,FALSE,TRUE,❌ No relationships found,,,,,,,,,,,,,,,,,
,,Streetleaf,"Headquartered in Tampa, Florida, Streetleaf brings modern renewable technology to communities through one of the most essential yet often overlooked features—streetlights. Since 2019, Streetleaf has installed more than 11,000 solar-powered lights nationwide, from Florida to California, and continues to expand to meet the growing demand for resilient, sustainable infrastructure.

Using proprietary hardware, software, and service, Streetleaf partners with land developers, builders, municipalities, utilities, and HOAs to deliver high-quality, dependable solutions that create safer, greener communities. With DarkSky-approved fixtures, each Streetleaf installation reduces light pollution, offsets carbon emissions, and supports reforestation efforts—planting one tree for every light installed. To date, Streetleaf has offset more than 4 million pounds of CO₂ emissions, with that number growing every day.

Learn more at www.streetleaf.com",Solar Electric Power Generation,11-50 employees,Privately Held,"Tampa, Florida",United States,streetleaf.com,https://www.linkedin.com/company/streetleaf,TRUE,TRUE,https://streetleaf.com/master-planned-communities,FALSE,TRUE,❌ No relationships found,,,,,,,,,Found 3 People,,,,,,✅ Sent 3 rows,,
,,Summit Energy,"The Summit team presents, designs, develops, and installs residential and commercial solar systems. 

With experience in the solar industry since 1977, our knowledgeable team, advanced solar simulation software, and frustration-free account management, Summit Energy rises above the pack to deliver custom-tailored solutions and a best in class customer experience in the industry for our clients.",Environmental Services,201-500 employees,Privately Held,"Mansfield, Massachusetts",United States,wesummit.com,https://www.linkedin.com/company/summit-energy-group,TRUE,TRUE,https://summitsolar.com/commercial,FALSE,TRUE,❌ No relationships found,,,,,,,,,Found 6 People,,,,,,✅ Sent 6 rows,,
,,Summit Technology Group,"License #255064, #793873, #808916

Home Theater • Lighting Control • Audio/Video • Security
Summit Technology Group is the largest company serving Sonoma, Napa and Marin Counties specializing in the design, project management, installation and service of customized electronic solutions for homes and businesses, including; Home Theater, Lighting Control, Audio/Video, Total Control, Security & Surveillance, Voice & Data Networks, & Boardroom Systems

Design/Build Electrical Contracting
Full service electrical contractor with 50 years of experience in the commercial, industrial, institutional, residential, and design/build markets. We are committed to completing electrical projects on time and within budget, while providing only the highest quality workmanship to exacting standards. We take great pride in the fact that most of our business is from repeat customers, who have learned through experience that Summit is truly the pinnacle of electrical contracting in Northern California.
 
24/7 Residential & Commercial Electrical Installation & Service
No job is too small; from tripping breakers, to changing light bulbs, to installing ceiling fans or new outlets. No job is too large from installing new circuits, to troubleshooting and upgrading your entire electrical system. We do it all. Providing superior customer service and ensuring 100% client satisfaction are our goals.

Solar Installation & Service
When you are ready to tap into the sun’s energy…Call Summit Technology Group – We’ve got the POWER! Start to finish, Summit Technology Group can Design, Install and Service your solar array. We have been in the Electrical business for 42 years, we can evaluate your electrical needs and draw the nexus between your power use and what you could be paying for your power as well as giving you energy-saving tips that would save energy without a large outlay of cash",Construction,51-200 employees,Privately Held,"Santa Rosa, California",United States,summit-e.com,https://www.linkedin.com/company/summit-technology-group-inc.,TRUE,TRUE,https://summit-e.com,FALSE,TRUE,❌ No relationships found,,,,,,,,,❌ No Profile Found,✅ Found 10 people,,,,,✅ Sent 0 rows,,
,,"Sun City Solar Energy, LLC","Since 1983, Sun City Solar Energy has been the trusted solar energy company and contractor in the mid-south region. Our expert team specializes in designing and installing custom residential and commercial solar systems for grid-tied and off-grid solutions. As the leading solar installer, we bring unmatched expertise to every project. Our commitment to quality is evident in our installations, comprehensive maintenance services, and prompt repairs, ensuring optimal performance and longevity of your solar system. Join us in embracing the power of solar energy and making a lasting impact on the environment. Contact Sun City Solar Energy today and take a confident step towards a brighter, more sustainable future.",Renewable Energy Semiconductor Manufacturing,2-10 employees,Privately Held,"Fayetteville, Arkansas",United States,suncityenergy.com,https://www.linkedin.com/company/sun-city-solar-energy-llc,TRUE,TRUE,https://suncityenergy.com/commercial,FALSE,TRUE,❌ No relationships found,,,,,,,,,❌ No Profile Found,✅ Found 10 people,,,,,✅ Sent 0 rows,,
,,Sun Collectors,"At Sun Collectors, we believe in more than just installing solar panels—we believe in education, integrity, and community impact. As Peoria’s top-rated solar provider, we help homeowners, businesses, and farms across Central Illinois take control of their energy future with honest guidance and high-quality solutions.

From the start, our mission has been clear: to make solar energy more accessible, empower homeowners with knowledge, and build lasting trust through transparency and reliability. We achieve this through our expert solar consultations, custom solar solutions, and deep commitment to the community.

With 5,000+ installations across Central Illinois and a dedication to doing what's right, Sun Collectors is here to help you navigate the transition to solar with confidence.

Call now for your free consultation and take the first step toward energy independence!",Services for Renewable Energy,11-50 employees,Privately Held,"Peoria, Illinois",United States,suncollectors.solar,https://www.linkedin.com/company/suncollectors,TRUE,TRUE,https://suncollectors.solar,FALSE,TRUE,❌ No relationships found,,,,,,,,,,✅ Found 10 people,,,,,,,
,,Sun Directed,"SUN DIRECTED PROVIDES LONG LASTING ECONOMICAL SOLAR ENERGY SOLUTIONS FOR RESPONSIBLE CUSTOMERS.

MISSION

Our goal is to empower building owners to produce their own energy using the sun. Through educating homeowners, businesses, and non-profit groups, Sun Directed designs and installs solar energy systems that will last for generations. With our environmentally minded team, we provide our customers with upfront, transparent solutions; fast service, and precision installations that make them proud to be a part of the solar generation.",Renewables & Environment,2-10 employees,Privately Held,"State College, Pennsylvania",United States,sundirected.com,https://www.linkedin.com/company/sun-directed,TRUE,TRUE,https://sundirected.com/about,FALSE,TRUE,❌ No relationships found,,,,,,,,,,,,,,,,,
,,Sun Light & Power,"Since 1976 we have created renewable energy solutions in the state of California that help preserve the planet’s vital resources and hedge against the rising cost of energy.  We have cultivated the depth of knowledge and professional talent to serve a broad range of commercial and nonprofit clients, encompassing new construction and retrofit projects for office and industrial sites, over 250 multifamily housing developments, food service businesses, schools, places of worship, non-profit organizations, utilities, government buildings, hotels, and more. 

Being a Certified B Corp,  we are held accountable for using business to tackle social and environmental problems while providing a healthy and sustainable workplace for our employees. In fact, we are one of the first companies to become a Certified B Corporation. We are licensed (#326203) and NABCEP certified.

We are also a group of passionate people with diverse interests. We are volunteers and activists. We care about the impact we have on the natural environment. We compost, reduce and recycle. We make carbon-reducing diet and shopping decisions. We bike to work and use public transportation whenever possible. When we need to drive, we are bio-fuel enthusiasts and electric car drivers. We are animal lovers, rock climbers, snowboarders, bike campers and skiers. We fly planes, hike mountains, run triathlons, teach yoga, swim the Bay, track wildlife and travel the world. We are devoted parents, grandparents, aunts and uncles who love our families, and we tend think of our coworkers family too. We are the power behind Sun Light & Power.  Join us - we're growing!",Renewables & Environment,51-200 employees,Privately Held,"Berkeley, CA",United States,sunlightandpower.com,https://www.linkedin.com/company/sun-light-and-power,TRUE,TRUE,https://sunlightandpower.com,FALSE,TRUE,❌ No relationships found,,,,,,,,,Found 1 People,,,,,,✅ Sent,,
,,Sun Solar,"At Sun Solar, we pride ourselves on our high quality installations, our attention to detail, and our service-oriented business model. We love partnering with our clients to find the right solar solution for their home or business.

We specialize in every aspect of your solar energy system: from its design and sale to its professional installation and continued maintenance for decades to come. Our highly trained staff has years of experience with both residential and commercial projects, and we’ve generated hundreds of happy clients all across California.

When you’re ready to go solar, let the Sun Solar Energy Solutions family create the perfect system for you.",Construction,51-200 employees,Privately Held,"Bakersfield, California",United States,sunpowerbysunsolar.com,https://www.linkedin.com/company/sun-solar,TRUE,TRUE,https://www.bbb.org/us/ca/anaheim/profile/solar-energy-contractors/sunpower-by-sun-solar-1126-100121434,FALSE,TRUE,❌ No relationships found,,,,,,,,,❌ No Profile Found,❌ No people found,✅ 1 decision maker found,,,,✅ Sent 0 rows,,
,,Sun Solar,"Sun Solar is a family-owned business that has enjoyed rapid growth since its inception. It was honored to be included in the Top 400 Contractor list in the nation according to Solar Power World magazine. It also was ranked as the #1 residential solar installer in Missouri from 2014-2023.

In addition to leading Sun Solar, Caleb also oversees the IRA Solar for All program for the state of Missouri as a Commissioner at the Environmental Improvement and Energy Resources Authority (EIERA). This role provides him with a unique perspective on how federal and state initiatives are driving the expansion of solar energy access, particularly in underserved communities.

By keeping overhead low and constantly adapting to the changing solar marketplace, Sun Solar is able to offer some of the best pricing in the industry. Its strategic relationships with suppliers and financing providers allow the company to create a unique offering for our customers.

The bottom line is this... we do our best to make it easy and affordable for you to go solar.",Renewable Energy Semiconductor Manufacturing,201-500 employees,Privately Held,"Springfield, Missouri",United States,ussunsolar.com,https://www.linkedin.com/company/sunsolar2012,TRUE,TRUE,https://ussunsolar.com/commerical-solar,FALSE,TRUE,❌ No relationships found,,,,,,,,,Found 2 People,,,,,,✅ Sent 2 rows,,
,,Sun Valley Solar Solutions,"Take advantage of Arizona's most abundant natural resource—more than 320 days of sunshine per year—and enjoy savings on your electric bill for decades to come.

Since 2006, Sun Valley Solar Solutions has been helping Arizona homeowners and businesses turn the state's most abundant natural resource into immediate savings for a cleaner tomorrow. 

Our staff will custom design your solar electric system to meet your energy needs, both for today and for the future. With numerous financing options to choose from, we can find a financing option that's perfect for your home or business.

Based in Chandler, Arizona, Sun Valley Solar Solutions is an SRP Preferred Solar Installer as well as an APS Qualified Solar Sales and Installation Contractor. 

The company is also accredited as a SunPower Elite Dealer by SunPower Corp. Sun Valley Solar Solutions holds an A+ rating with the Better Business Bureau, a five-star rating on Yelp, has won the Angie's List Super Service Award five times, and was Ranked #1 Solar Installer by Ranking Arizona, the Best of Arizona Businesses. 

Sun Valley Solar Solutions is NABCEP certified, a member of the Solar Energy Industries Association, the Electric League of Arizona, and the U.S. Green Building Council.",Renewable Energy Semiconductor Manufacturing,51-200 employees,Privately Held,"Chandler, AZ",United States,sunvalleysolar.com,https://www.linkedin.com/company/sun-valley-solar-solutions,TRUE,TRUE,https://sunvalleysolar.com/best-industries-for-solar,FALSE,TRUE,❌ No relationships found,,,,,,,,,Found 2 People,,,,,,✅ Sent 2 rows,,
,,Sunbridge Solar,"We at Sunbridge Solar are a globally-minded solar electric company based out of the Portland-Vancouver area. Our main emphasis is on designing and installing superior quality solar arrays for both residential and agricultural settings in the Pacific Northwest. While we pride ourselves highly on our second-to-none installations here in Oregon and Washington, our goal for meaningful local and global impact is much broader than our bottom line.

The name itself suggests the meaning we wish to convey: We’re building solar bridges in the communities in which we live and thrive. Whether that bridge be an easier and more environmentally conscious way to get power to a home here in the Northwest, or to help bring a hospital in rural Nepal into the 21st century so they can better help the more than 30,000 people that walk through their doors, Sunbridge Solar will be ready to help. The name Sunbridge Solar helps keep our mission of bringing ecologically and monetarily affordable energy to people, in both big ways and small, in mind every day.

So whether you are a homeowner looking to do something to cut your electric bill costs, a farm trying to embrace sustainability, a business looking to make a sound financial investment, or a humanitarian with a heart for changing the environment, we are here to guide you through the process.",Renewable Energy Semiconductor Manufacturing,11-50 employees,Self Owned,"Washougal, Washington",United States,sunbridgesolar.com,https://www.linkedin.com/company/sunbridge-solar,TRUE,TRUE,https://sunbridgesolar.com/services/commercial-solar,FALSE,TRUE,❌ No relationships found,,,,,,,,,❌ No Profile Found,✅ Found 10 people,,,,,✅ Sent 0 rows,,
,,Sunbug Solar,"A ReVision Energy Company. Since 2009, Sunbug has provided best-in-class renewable energy solutions to a wide range of residential, commercial, and nonprofit customers, as well as expertise in solar for  new construction and EPC services. Our helpful, responsive team brings deep expertise, experience, and a customer-first approach to every project. Each of us embraces a method and a mindset that’s equal parts craftsmanship, collaboration, and accountability. 

As a values-driven B-Corp with employee-owners, and a longtime member of the Amicus Solar Cooperative, we believe in doing the right thing, the right way, every day. Our relationships with clients, partners, and one another are guided by honesty, respect, and integrity, and we are known for standing by our work and by our word.",Environmental Services,51-200 employees,Partnership,"Woburn, Massachusetts",United States,sunbugsolar.com,https://www.linkedin.com/company/sunbug-solar,TRUE,TRUE,https://sunbugsolar.com/files/sunbug/imce/case_studies/SunBug_130kW_Crowley_2_11.pdf,FALSE,TRUE,❌ No relationships found,,,,,,,,,❌ No Profile Found,✅ Found 9 people,,,,,✅ Sent 0 rows,,
,,SunCommon,"SunCommon believes that everyone has the right to a healthy environment and brighter future – and renewable energy is where it starts. Energy from the sun can power our lives and build vibrant communities. Our mission is to tear down barriers to clean energy and use our business as a force for good!

We are Certified Benefit Corp with a legal charter that directs us to attend to the triple bottom line of people, planet and profit. Our employees work out of Vermont's largest net-positive office building and can be seen driving around the state in a fleet of Prius hybrids adorned in our colorful logo.",Renewable Energy Semiconductor Manufacturing,51-200 employees,Privately Held,"Waterbury, Vermont",United States,suncommon.com,https://www.linkedin.com/company/suncommon,TRUE,TRUE,https://suncommon.com,FALSE,TRUE,❌ No relationships found,,,,,,,,,❌ No Profile Found,✅ Found 10 people,,,,,✅ Sent 0 rows,,
,,Sundance Power Systems,"Since 1995, Sundance Power has designed, installed and serviced renewable energy systems for a diverse number of homeowners. From grid-tied solar to more complex systems with battery backup, Sundance is the local leader in providing well-designed solar systems that handle our customers’ power needs while growing a more sustainable energy future for the planet.

Our portfolio of commercial projects includes Sierra Nevada Brewing Company, Isaac Dickson Elementary School, All- States Medical Supply, Deltec Homes, and Appalachian State University, to name a few. We have installed solar and other renewable energy systems on thousands of residential homes in the region as well!

Schedule a free solar assessment of your home or business through our website, www.sundancepower.com!",Solar Electric Power Generation,11-50 employees,Self Owned,"Weaverville, NC",United States,sundancepower.com,https://www.linkedin.com/company/sundance-power-systems,TRUE,TRUE,https://www.sundancepower.com/solar-company-asheville/community-benefits-program/sundance-presents-the-community-partners-program/,FALSE,TRUE,❌ No relationships found,,,,,,,,,Found 1 People,,,,,,✅ Sent,,
,,Sundog Solar,"Sundog Solar is a locally-owned solar energy and heat pump installation company dedicated to making clean energy affordable and available for Maine home and business owners. We serve the residential and commercial markets throughout Central, Midcoast, and Downeast Maine.

Founded in 2009, Sundog is dedicated to making solar power affordable and available to Maine homeowners, businesses, organizations, and municipalities. As a company committed to excellent customer service, the client experience is a top priority throughout the entire project, from start to finish. Sundog Solar has experienced rapid growth since opening its doors in 2009 which translates to multiple opportunities for the right individual.

Sundog Solar designs and installs quality solar energy systems, utilizing the highest standards in the industry. Sundog installs a wide variety of technologies including commercial and residential grid-tied photovoltaic solar, battery-based PV, solar water heating, mini-splits, and hybrid heat pump water heaters, and electric vehicle charging stations.

As a team-oriented business with close employees, the team relies on one another to deliver and develop the most professional project engineering, design, and installations possible. Sundog Solar is hiring like-minded, highly motivated individuals who are dedicated to clean energy development. Interested individuals should be comfortable in a fast-paced, environment requiring an ability to multitask. Each member of our team fills a critical role on a daily basis.",Renewable Energy Semiconductor Manufacturing,11-50 employees,Privately Held,"Searsport, Maine",United States,sundog.solar,https://www.linkedin.com/company/sundog-solar-llc,TRUE,TRUE,https://sundog.solar/commercial-solar-energy,FALSE,TRUE,❌ No relationships found,,,,,,,,,❌ No Profile Found,✅ Found 10 people,,,,,✅ Sent 0 rows,,
,,Sundt Construction,"Sundt Construction, Inc. is one of the country’s most respected general contractors, currently ranked in the top 100 largest construction companies in the United States by ENR, the industry’s principal trade magazine. We're consistently ranked a Best Place to Work by our own employees and known nationally for our innovative approach to construction services. We've also won more Build America awards from the Associated General Contractors of America than any other general contractor.   

Sundt is a full-service building contractor with expertise that spans the entire lifecycle of construction. We offer Construction Management at Risk, Design-Build and Build to Suit Contracting, and can work within your preferred delivery system, including the traditional Design-Bid-Build approach. We also provide a host of services as Construction Managers and Program Managers, serving as your agent for managing the entire project development process for you, whether you have a single- or multiple-project program.

Please check out our website (www.sundt.com) to browse our capabilities and review our career opportunities. We're an industry leader looking for the industry's best talent. Come find your next career opportunity with us!",Construction,"1,001-5,000 employees",Privately Held,"Tempe, AZ",United States,sundt.com,https://www.linkedin.com/company/sundt-construction,TRUE,TRUE,https://sundt.com,FALSE,TRUE,❌ No relationships found,,,,,,,,,Found 28 People,,,,,,✅ Sent 10 rows,,
,,Sunergy Solutions LLC,"Sunergy Solutions is a leading solar company providing safe and reliable solar power solutions for residential and commercial property owners in MA, ME, NH and RI. 

We offer customers a wide range of incentivized solar system programs to harness the power of the sun to save money and the planet.

We install the best equipment at competitive prices while enabling our customers to maximize production, savings, and ROI.",Solar Electric Power Generation,11-50 employees,Privately Held,"Londonderry, NH",United States,sunergysolutionsllc.com,https://www.linkedin.com/company/sunergy-solutions-llc-solar-energy,TRUE,TRUE,https://sunergysolutionsllc.com/commercial-solar,FALSE,TRUE,❌ No relationships found,,,,,,,,,❌ No Profile Found,✅ Found 9 people,,,,,✅ Sent 0 rows,,
,,SunFarm Energy,"At SunFarm Energy, we are your local solar experts. Since 2011, we’ve made it our mission to help our community make the smart switch to solar power. We specialize in solar PV for your home or business as well as battery storage, off-grid solutions, solar thermal, and EV charging. 

Thinking about adding a solar solution to your property? We're here to help every step of the way with customized quotes, industry expertise, and assistance for the lifetime of your system. 

We proudly serve residents across Northwest Florida and Southern Alabama from Mobile, to Panama City, and beyond. We hold all necessary licenses as a solar power contractor, and we maintain some of the industry's top certifications including NABCEP and Tesla Energy. 

From our headquarters in Pensacola, Florida, SunFarm Energy provides the highest quality customer service to our clients. Whether you're interested in residential or commercial solar, we're here to help your project go right. Come join the future of energy with us.",Solar Electric Power Generation,11-50 employees,Self Owned,"Pensacola, Florida",United States,sunfarmenergy.net,https://www.linkedin.com/company/sunfarm-energy,TRUE,TRUE,http://sunfarmenergy.net,FALSE,TRUE,❌ No relationships found,,,,,,,,,❌ No Profile Found,✅ Found 10 people,,,,,✅ Sent 0 rows,,
,,Sunforce Solar,"In the heart of Las Cruces, Sunforce Solar pioneers green energy solutions. Our mission is clear: harness the sun's power for eco-friendly alternatives. Locally rooted, globally impactful, we aim to set new standards in renewable energy.

Tailored Solutions:

Sunforce Solar provides top-tier solar solutions, from residential rooftops to large-scale projects. Our high-quality panels maximize energy efficiency, complemented by storage solutions for round-the-clock power.

Customer-Centric Approach:

Sunforce Solar is committed to customer satisfaction. Our experts guide clients through every step, ensuring transparency and exceeding expectations in installation and maintenance.",Solar Electric Power Generation,11-50 employees,Privately Held,Las Cruces,United States,sunforce.solar,https://www.linkedin.com/company/sunforcesolarco,TRUE,TRUE,https://sunforce.solar/services,FALSE,TRUE,,,,,,,,,,,,,,,,,,
,,SunGrid Solar,"SunGrid Solar is run by three people who have been in the solar industry for years but decided to branch off from the companies that they were employed at to make their own company and address the needs of homeowners and business owners.

SunGrid is a premium solar panel + battery storage service company that helps homeowners and business owners save on their monthly electric bill by capturing the sun's light and converting it to clean renewable energy. As well as backing up the energy produced. Join us and make the sun your powergrid.
SunGrid provides the power of the sun 24/7. We help reduce your electricity bill by taking an alternative approach to energy and focusing on three key phases: Reduction - Production - Aggregation. The combination of these three key points is the future in energy savings.

SunGrid custom tailors every system to fit our customer’s home, lifestyle, and savings goals. Our energy consultants will work with you to determine the best fit, system size, and financing options for your needs. We guide homeowners through every step of the solar installation process. After answering a few initial questions over the phone, SunGrid staff will come to your home for an in-home or online consultation to design a system customized to your home.

Our installation crew has over 10 Years of renewable energy experience & over 1,300 solar systems installed. SunGrid has maintained customer satisfaction, and we provide a bumper to bumper 25-year. 

We smoothly guide homeowners through each step of the process. SunGrid will create an extensive price proposal prior to installation, as well as a financial analysis of tax credits, return on investment, and incentives available. SunGrid will also secure building permits, submit applicable rebate applications, and schedule a post-inspection with a city inspector. Once your system is complete, SunGrid will provide you with a monitoring app so you can see your solar production in real-time. Call today for a free quote",Renewable Energy Semiconductor Manufacturing,11-50 employees,Partnership,"fountain valley, CA",United States,gosungrid.com,https://www.linkedin.com/company/sungridsolar,TRUE,TRUE,http://gosungrid.com,FALSE,TRUE,❌ No relationships found,,,,,,,,,Found 2 People,,,,,,✅ Sent 2 rows,,
,,Sunkeeper Solar,"Pioneers of Urban Solar:
Sunkeeper Solar designs and installs robust and innovative distributed energy resource systems. We incorporate solar photovoltaics, cogeneration, energy storage, and other DER technologies in versatile configurations to offset fossil fuel consumption, provide off-grid resiliency, and equip building owners to partake in the environmental energy revolution. We are passionate about bringing solar energy systems to urban areas and have led construction teams in the building of some of the most novel solar + storage systems in New York City, using custom racking solutions and quality standards that will ensure a long-life of power generation. 

As a Brooklyn based EPC company that is familiar with NYC properties, we are able to bring a tremendous amount of construction and regulatory knowledge to the project team. Our mission is to deliver functional projects that meet the requirements of our customers. Comprised of an experienced team of installers, electrical workers, engineers, technicians, and designers with a deep understanding of the New York City clean-energy landscape, Sunkeeper Solar is your ideal partner for any and all distributed energy projects in the five boroughs.",Renewable Energy Semiconductor Manufacturing,11-50 employees,Privately Held,"Brooklyn, New York",United States,sunkeepersolar.com,https://www.linkedin.com/company/sunkeeper-solar,TRUE,TRUE,https://sunkeepersolar.com/about/project-one-snn9m,FALSE,TRUE,❌ No relationships found,,,,,,,,,Found 2 People,,,,,,✅ Sent 2 rows,,
,,SunLife Solar,"SunLife is a regional solar consulting firm that partners with SunPower, the industry leader in solar power technology, to provide installation expertise and deliver an exceptional client experience. We work with our clients on an intimate level to understand their energy needs. Together, we define and implement a lasting solution have our clients’ best interests in mind - from sun to switch.",Renewables & Environment,51-200 employees,Privately Held,"Wilmington, DE",United States,sunlifenow.com,https://www.linkedin.com/company/sunlifenow,TRUE,TRUE,https://sunlifenow.com/how-does-solar-panel-work/,FALSE,TRUE,❌ No relationships found,,,,,,,,,❌ No Profile Found,✅ Found 10 people,,,,,✅ Sent 0 rows,,
,,Sunlight Solar,"Sunlight Solar provides system design and turn-key installation of grid-tied solar electric systems for homes and businesses throughout Central Oregon. In 2008, Sunlight Solar was the proud recipient of SunPower's Intelegant Award for Excellence, COBA’s Green Building Sub Contractor of the Year, and Central Oregon’s Best Green Business of the Year by The Source Weekly.",Renewables & Environment,11-50 employees,Privately Held,"Bend, Oregon",United States,sunlightsolar.com,https://www.linkedin.com/company/sunlight-solar-energy-inc,TRUE,TRUE,https://sunlightsolar.com/commercial-solar,FALSE,TRUE,❌ No relationships found,,,,,,,,,❌ No Profile Found,✅ Found 10 people,,,,,✅ Sent 0 rows,,
,,SUNLIGHT SOLAR,"A leading value-added integrator and distributor of complete environmental and renewable solutions, servicing Florida since 2003. We have qualified experience in solar energy for more than 35 years. We provide free estimates, power production analysis, and many choices of solar equipment to help you save money and contribute to the environment.

 License Number: EC13008138",Renewable Energy Semiconductor Manufacturing,11-50 employees,Privately Held,"Orlando, Florida",United States,sunlightsolar.us,https://www.linkedin.com/company/sunlightsolarflorida,TRUE,TRUE,https://sunlightsolar.us/solar-solutions,FALSE,TRUE,,,,,,,,,,,✅ Found 10 people,,,,,,,
,,Sunline Energy,"Headquartered in sunny San Diego, Sunline Energy is a privately-held and family operated solar installer. And with over 4,000 and counting satisfied solar customers, it's no wonder our customers believe we're among the best. You can take comfort knowing that Sunline Energy has received more 5-Star Yelp reviews than any other solar installer in San Diego. Angie's List recognized us with their Super Service Award for pricing, quality and professionalism. And we ranked #21 in 2019 Solar Power World's ""Top Solar Rooftop Contractors"" list. A top-quality solar system can be a great investment in your home or business. We also offer premium solar home battery installation (we are Tesla Powerwall certified). We are official C39 licensed professional roofers.",Renewable Energy Semiconductor Manufacturing,201-500 employees,Self Owned,"San Diego, California",United States,sunlineenergy.com,https://www.linkedin.com/company/sunlinesandiego,TRUE,TRUE,https://www.sunlineenergy.com/solar_solutions,FALSE,TRUE,,,,,,,,,,❌ No Profile Found,✅ Found 10 people,,,,,✅ Sent 0 rows,,
,,Sunlogix Energy,"Sunlogix Energy is a leading full-service solar solution at the forefront of creating a sustainable planet that is powered by the sun. We provide solar solutions for residential and commercial customers in Coachella Valley, Southern California. Our goal is to provide full customer satisfaction by offering premium quality products and professional installation with our solar tech experts at an exceptional value.",Renewable Energy Semiconductor Manufacturing,11-50 employees,Privately Held,"Palm Desert, California",United States,sunlogix.com,https://www.linkedin.com/company/sunlogix-energy,TRUE,TRUE,https://sunlogix.com/commercial/solar/higher-education,FALSE,TRUE,❌ No relationships found,,,,,,,,,Found 2 People,,,,,,✅ Sent 2 rows,,
,,"Sunny Energy, LLC","Sunny Energy is dedicated to offering homeowners going solar a better experience.

Sunny Energy was formed by a group of industry experts with more than 40 years of combined solar experience. 

We have completed solar PV systems for more than 3,500 satisfied solar clients. We are licensed, bonded and insured and have the highest reputation with Arizona Registrar of Contractors (License #301018) and California CSLB # 1041321. 

Sunny Energy has been recognized as a top solar contractor in the U.S. for 4 years in a row.  

We are BBB accredited with an A+ rating. We’re happy to provide a free, comprehensive proposal for you and your home!",Renewable Energy Semiconductor Manufacturing,11-50 employees,Privately Held,"Tempe, AZ",United States,sunnyenergysolar.com,https://www.linkedin.com/company/sunny-energy,TRUE,TRUE,https://sunnyenergysolar.com/,FALSE,TRUE,❌ No relationships found,,,,,,,,,Found 1 People,,,,,,✅ Sent,,
,,SunnyMac Solar,"#1 Dealer in the Mid-Atlantic Region. Specializing in residential and commercial rooftop and ground mounted solar energy systems.

SunnyMac Solar is a full service, licensed Dealer that designs, engineers, installs and maintains photovoltaic solar systems throughout the Mid Atlantic.

Our team brings the experience of over 15+ years, and more than 14,000 solar installations to every job. The scope of our work encompasses virtually every installation method including roof, ground mount, ballast and carport style installations and system sizes ranging from 2 KW up to 1 MW. We are bonded and insured as well as licensed in multiple states including New Jersey, New York, Pennsylvania, Maryland and Delaware. We provide world class quality and service for photovoltaic projects of any size or scope.",Renewable Energy Power Generation,51-200 employees,Self Owned,"Wilmington, Delaware",United States,sunnymacsolar.com,https://www.linkedin.com/company/sunnymac-solar,TRUE,TRUE,https://sunnymacsolar.com/services,FALSE,TRUE,❌ No relationships found,,,,,,,,,Found 1 People,,,,,,✅ Sent,,
,,Sunpath Solar,"Sunpath Solar builds innovative bridges to help all communities access the big benefits of a solar powered economy. Our forward-thinking clean energy firm constructs affordable & high-quality solar energy systems for homeowners and non-profits, provides technical and workforce training to utilities and contractors, and supplies subject matter expertise to strengthen institutional solar procurement programs.",Solar Electric Power Generation,2-10 employees,Privately Held,"Metro Atlanta, Georgia",United States,sunpath.solar,https://www.linkedin.com/company/sunpath-solar,TRUE,TRUE,https://sunpath.solar/,FALSE,TRUE,❌ No relationships found,,,,,,,,,❌ No Profile Found,✅ Found 6 people,,,,,✅ Sent 0 rows,,
,,Sunrich Power,"Trusted local family-owned solar experts serving Massachusetts since 2018. We provide transparent energy consultations and award-winning solar installations for home and business.
Our expertise includes custom design ground-mounted and rooftop solar installation for all roof types, including specialized slate roof. Providing comprehensive financial analysis and ROI projections, multiple ownership options through trusted financial partners.
Offering alternative solutions such as community-shared solar, competitive electricity rates, and EV charging stations for residential and commercial properties.
With over 1,200 satisfied Massachusetts customers, we're committed to delivering only the highest-quality products, craftsmanship and service.  
Sunrich Power delivers energy solutions that work for you—whether it's a rooftop solar project, EV charger and installation, or simply choosing our fixed electricity rate for your home or business. Contact us for a no-pressure consultation.",Solar Electric Power Generation,2-10 employees,Self Owned,"Quincy, MA",United States,sunrichpowerjames.com,https://www.linkedin.com/company/sunrichpower,TRUE,TRUE,http://sunrichpowerjames.com,FALSE,TRUE,❌ No relationships found,,,,,,,,,Found 1 People,,,,,,✅ Sent,,
,,Sunrise Power Solutions,"Sunrise Power Solutions is a clean energy contractor providing innovative energy solutions to our customers in the key markets that we serve: municipal, K12 educational and manufacturing. We provide professional design, installation and maintenance for commercial energy projects, including electrical contracting, mechanical contracting, solar installation and combined heat and power (CHP) installation.",Renewables & Environment,51-200 employees,Privately Held,"Hauppauge, New York",United States,sunrisepowersolutions.com,https://www.linkedin.com/company/sunrise-power-solutions,TRUE,TRUE,https://sunrisepowersolutions.com,FALSE,TRUE,❌ No relationships found,,,,,,,,,❌ No Profile Found,✅ Found 10 people,,,,,✅ Sent 0 rows,,
,,Sunrise Solar,"Sunrise Solar is a vertically integrated solar company dedicated to making clean energy accessible to those who need it most. As a proud participant in the Illinois Solar for All (ILSFA) program, we specialize in bringing affordable and sustainable solar solutions to income-eligible households and communities across Illinois.

By managing the entire process—from system design and installation to financing and maintenance—we ensure a seamless experience for our customers while maximizing the benefits of solar energy. Our mission is to empower homeowners and businesses with cost-saving renewable energy while driving environmental and economic equity.

At Sunrise Solar, we believe that solar power should be for everyone—not just those who can afford it. Through ILSFA and other state incentives, we’re working to lower energy costs, reduce carbon footprints, and build a cleaner future for all.

Let’s bring solar where it’s needed most.",Solar Electric Power Generation,51-200 employees,Privately Held,"Willowbrook, Illinois",United States,sunrisesolar-il.com,https://www.linkedin.com/company/sunrise-solar-il,TRUE,TRUE,http://sunrisesolar-il.com,FALSE,TRUE,❌ No relationships found,,,,,,,,,Found 1 People,,,,,,✅ Sent,,
,,"Sunrise Solar Solutions, LLC","Sunrise Solar Solutions is a full service solar integrator. We design and install solar electric (PV) systems for residential and commercial customers.

At Sunrise Solar Solutions we handle all the planning, ensure you’re taking advantage of all available incentives, we handle all the paperwork and permitting, installation work, and interconnection to provide you with a simple, hassle-free experience.

With Sunrise, you are always assured of receiving state-of-the-art technology combined with the experience-backed, professional expertise and construction know-how of our full service sister company, Sunrise Building & Remodeling, Inc. Sunrise Building brings over 2 decades of knowledge and experience in all phases of construction.

Our designers are NABCEP Certified (North American Board of Certified Energy Practitioners) and we are members of NYSEIA (NY State Energy Industries Association). Our installations are considered so outstanding that they have been featured in a Con Ed training video and praised by the PV inspectors from NJOCE and NYSERDA.",Renewable Energy Semiconductor Manufacturing,2-10 employees,Privately Held,"Briarcliff Manor, New York",United States,sunrisesolarllc.com,https://www.linkedin.com/company/sunrise-solar-solutions-llc,TRUE,TRUE,https://sunrisesolarllc.com/resources,FALSE,TRUE,❌ No relationships found,,,,,,,,,❌ No Profile Found,✅ Found 7 people,,,,,✅ Sent 0 rows,,
,,"Sunsolar Solutions, Inc.",Sunsolar Solutions prides itself on doing solar right. What does this mean? It means accurately assessing the customer's needs and providing a solution based on transparent information. We believe the least we can do for a customer is respect their choice in choosing us in going solar by providing an exceptional customer experience.,Renewable Energy Semiconductor Manufacturing,51-200 employees,Privately Held,"Peoria, Arizona",United States,sunsolarsolutions.com,https://www.linkedin.com/company/sunsolar-solutions-inc,TRUE,TRUE,https://sunsolarsolutions.com/commercial-solar,FALSE,TRUE,❌ No relationships found,,,,,,,,,❌ No Profile Found,✅ Found 10 people,,,,,✅ Sent 0 rows,,
,,SunStar Solutions,"We are lot more than a Solar company, we are a group of citizens of the world empowering your future.",Renewable Energy Semiconductor Manufacturing,11-50 employees,Privately Held,"Dallas, Texas",United States,sunstarsolutions.us,https://www.linkedin.com/company/sunstarsolutions,TRUE,TRUE,https://sunstarsolutions.us,FALSE,TRUE,❌ No relationships found,,,,,,,,,❌ No Profile Found,✅ Found 10 people,,,,,✅ Sent 0 rows,,
,,SunState Solar Inc.,"At SunState Solar, we believe in the power of solar energy to transform lives and create a sustainable future. As a leading provider of solar installations, we take pride in delivering top-notch solutions that exceed customer expectations. When it comes to going solar, quality and expertise matter, and that's where we shine.

Why choose SunState Solar? We're not just another solar company. We're a locally owned and operated business with deep roots in the community. Our commitment to delivering exceptional service and flawless installations has earned us a stellar reputation, evident from our consistent 5-star reviews.

When you partner with SunState Solar, you can trust that we won't cut corners on your project. Our attention to detail is unmatched, ensuring that every installation is done right the first time. We leverage the latest technology and industry best practices to deliver beautiful, efficient solar solutions that stand the test of time.

But our dedication to your satisfaction doesn't end with the installation. We believe in providing value beyond the sale. Our knowledgeable team is here to guide you through every step of the process, answering your questions and addressing any concerns along the way. We're committed to ensuring you have all the information you need to make an informed decision about switching to solar.

When you choose SunState Solar, you're choosing a partner who puts your needs first. Our customer-centric approach means you'll receive honest, transparent information without any pushy sales tactics. We understand that making the switch to solar is a significant decision, and we're here to support you every step of the way.

Ready to unlock the full potential of solar energy for your home or business? Schedule a consultation with SunState Solar today. Together, let's embrace a greener, more sustainable future powered by the sun.",Solar Electric Power Generation,2-10 employees,Privately Held,"Albuquerque, New Mexico",United States,sunstatesolar.com,https://www.linkedin.com/company/sunstatesolar,TRUE,TRUE,https://sunstatesolar.com/,FALSE,TRUE,❌ No relationships found,,,,,,,,,❌ No Profile Found,✅ Found 6 people,,,,,✅ Sent 0 rows,,
,,SunSystem Technology,"SunSystem Technology (SST) sets the industry performance standard for Photovoltaic Solar Operations & Maintenance companies. From initial commissioning to ongoing O&M support, for large-scale solar arrays or residential systems; SST ensures optimal system performance, minimal system downtime and enhanced system production values. SST provides clients with a unique business support solution by proactively delivering comprehensive system monitoring, analysis, service, repair and upgrading.",Renewables & Environment,51-200 employees,Privately Held,"Rancho Cordova, California",United States,sstsolar.com,https://www.linkedin.com/company/sunsystem-technology,TRUE,TRUE,https://sstsolar.com/commercial-om,FALSE,TRUE,,,,,,,,,,Found 2 People,,,,,,✅ Sent 2 rows,,
,,"Suntrek Industries, Inc","Established in 1991, Suntrek Industries, Inc. is a leading provider of solar electricity, energy storage, hot water, and swimming pool heating systems. A manufacturer, equipment integrator, and licensed solar contractor, we are a one-stop resource for all the solar needs of residential, commercial, and government markets. 

A Distinguished Reputation

Since our first patent, we have been widely recognized for consistently manufacturing, designing, and installing high-quality systems backed by outstanding warranties and customer support. With 3 offices in California and Nevada and hundreds of dealers throughout North America, we have provided custom solar solutions to over 30,000 customers. The majority of our business comes from the referral of satisfied builders and customers who have experienced our products and services first-hand. 

A Team that Shines

From managers who are respected pioneers in solar technology to manufacturer-trained installers who have installed thousands of systems, our team provides an unmatched level of expertise and experience. 
Leading the Way to the Future

It is our goal to create a better future by making solar power so easy, reliable, and cost effective that, soon, every home and business will be powered by the sun. We continue to grow on the leading edge of the solar energy revolution as we expand into new territories, invest in research and development, and increase manufacturing capacity.",Renewables & Environment,11-50 employees,Privately Held,"Irvine, CA",United States,suntreksolar.com,https://www.linkedin.com/company/suntrek-solar,TRUE,TRUE,https://suntreksolar.com/markets/commercial,FALSE,TRUE,❌ No relationships found,,,,,,,,,Found 2 People,,,,,,✅ Sent 2 rows,,
,,Sunvoy,"Sunvoy is the first and only solar customer portal and fleet management platform built by an active solar installer, for solar installers. It provides solar installers with a branded (or ""white labeled"") customer portal and review/referral management system, where homeowners can track their solar project development, and see all of their energy data in one place. It also gives solar installers the tools to manage their own solar fleet and a performance monitoring system to get more referrals by keeping your customers happy.",Software Development,11-50 employees,Privately Held,"Washington, District of Columbia",United States,sunvoy.com,https://www.linkedin.com/company/sunvoy,TRUE,TRUE,http://www.sunvoy.com,FALSE,TRUE,❌ No relationships found,,,,,,,,,Found 1 People,,,,,,✅ Sent,,
,,SunWatt Solar,"SunWatt Solar is a PV Solar installation and design company based out of Pawtucket, Rhode Island. SunWatt specializes in designing, developing and installing solar solutions for residential and commercial clients in Rhode Island and Massachusetts. SunWatt is a locally focused company dedicated to providing solar solutions for the communities it serves. All aspects of the installation process are done in house with no outsourcing. The solar experts at SunWatt take pride in understanding how solar works best in the Northeast and is committed to designing solar solutions that get the most out of state incentives and weather conditions. SunWatt takes an educational approach in order for the customer to understand the financial and environment benefits of their solar install.",Renewables & Environment,11-50 employees,Privately Held,"Pawtucket, Rhode Island",United States,sunwatt.solar,https://www.linkedin.com/company/sunwatt-solar,TRUE,TRUE,http://sunwatt.solar/,FALSE,TRUE,❌ No relationships found,,,,,,,,,❌ No Profile Found,❌ No people found,✅ 1 decision maker found,,,,✅ Sent 0 rows,,
,,SunWave Energy LLC,"At SunWave, we provide comprehensive solar energy solutions for homeowners who want to save time, money, and resources without the risk or hassle. So, why choose solar energy? Because the cleanest power source available can also save you thousands while putting you in control of your energy and your impact.",Environmental Services,11-50 employees,Self Owned,"Orlando, Florida",United States,sunwaveenergyusa.com,https://www.linkedin.com/company/sunwave-energy-llc,TRUE,TRUE,https://sunwaveenergyusa.com/services,FALSE,TRUE,❌ No relationships found,,,,,,,,,,,,,,,,,
,,Sunwise Energy,"  Empowering Your Future with Sustainable Solar Solutions!

At Sunwise Energy, we firmly believe that a brighter and greener future is within our reach. As the leading provider of sustainable energy solutions, we are committed to revolutionizing the way we power our world, one step at a time.

Why Sunwise Energy? Because choosing us means investing in more than just a service. You're embracing a vision of a sustainable tomorrow, powered by a team passionate about making a significant, positive impact on our planet.

Our Commitment: Quality and excellence in everything we do. From our top-tier products to our unmatched customer service, expect the best with us. Our dedicated professionals will be with you every step of the way—from initial consultation to installation and beyond, customizing solutions to perfectly fit your specific needs.",Services for Renewable Energy,11-50 employees,Privately Held,"Cherry Hill, New Jersey",United States,sunwiseusa.com,https://www.linkedin.com/company/sunwise-energy,TRUE,TRUE,https://sunwiseusa.com/go-solar/commercial,FALSE,TRUE,❌ No relationships found,,,,,,,,,❌ No Profile Found,✅ Found 10 people,,,,,✅ Sent 0 rows,,
,,"SunWize Technologies, Inc.","SunWize finances and builds sustainable energy systems for the public, private and residential sectors. For over twenty years, customers have selected SunWize to deliver sustainable energy solutions on time and within budget. Based in San Jose with offices in CA, NY, OR, HI and AZ, SunWize has deployed 100s of MWs of solar throughout the Americas.

Visit www.sunwize.com for more information.",Renewable Energy Semiconductor Manufacturing,51-200 employees,Privately Held,"San Jose,, CA",United States,sunwize.com,https://www.linkedin.com/company/sunwize-technologies-inc,TRUE,TRUE,https://www.sunwize.com/wp-content/uploads/2018/02/EMC-1-Manual_v2.6_COMBINED-EN-Translations_MS-001796.pdf?srsltid=AfmBOoogUd8YsSeWEinPPXTDAwxEg5lPAiClOaLWuZa7Bn3EL1DBQ3qx,FALSE,TRUE,❌ No relationships found,,,,,,,,,Found 1 People,,,,,,✅ Sent,,
,,Superior Energy Solutions,"Superior Energy Solutions specializes in providing solar energy installations for homes, farm operations, and businesses.  We also provide home energy audit services, to help you learn how to make your home more energy efficient.  Check out www.senergys.com for photos and more information.",Services for Renewable Energy,11-50 employees,Privately Held,"Kalida, Ohio",United States,senergys.com,https://www.linkedin.com/company/superior-energy-solutions-llc,TRUE,TRUE,https://senergys.com,FALSE,TRUE,❌ No relationships found,,,,,,,,,❌ No Profile Found,✅ Found 10 people,,,,,✅ Sent 0 rows,,
,,Supplied Energy,"Supplied Energy distributes ground- and air-source heat pumps, solar energy products, power storage, EV chargers, and more electric-based solutions. We're committed to all-electric homes and buildings, empowering customers to produce as much, if not more, energy than they consume. 

Our goal is to offer a customer-centered, seamless, online experience for installers, builders, and developers so they can deliver all-electric and power generating products to end-users.",Manufacturing,2-10 employees,Privately Held,"Greenville, Illinois",United States,suppliedenergy.com,https://www.linkedin.com/company/supplied-energy,TRUE,TRUE,https://www.suppliedenergy.com/geo-enterprises-partners-with-supplied-energy,FALSE,TRUE,❌ No relationships found,,,,,,,,,Found 1 People,,,,,,✅ Sent,,
,,Surya Standard Energy LLC,"Solar Energy Development and Implementation, end-2-end, inception to delivery",Renewable Energy Power Generation,2-10 employees,Partnership,"Dedham, Massachusetts",United States,suryastandard.com,https://www.linkedin.com/company/surya-standard-energy-llc,TRUE,TRUE,http://suryastandard.com,FALSE,TRUE,❌ No relationships found,,,,,,,,,Found 1 People,,,,,,✅ Sent,,
,,Sustainable Energy Group - SEG,"Sustainable Energy Group is a local solar company specializing in expertly designed, custom solar systems and backup power for homes and businesses since 2004.

Vision: To empower communities to build a more sustainable world now and for future generations

Our mission is to help people realize sustainability through renewable energy as well as energy & water efficiency. We serve our client’s needs through education, careful planning and a collaborative process utilizing our group of experienced multidisciplinary professionals.",Solar Electric Power Generation,11-50 employees,Privately Held,"Grass Valley, CA",United States,sustainableenergygroup.com,https://www.linkedin.com/company/segenergy,TRUE,TRUE,https://sustainableenergygroup.com/commercial-solar-and-backup-power,FALSE,TRUE,❌ No relationships found,,,,,,,,,❌ No Profile Found,✅ Found 10 people,,,,,✅ Sent 0 rows,,
,,"Sustainable Energy Systems, LLC","SES designs, installs, and services solar water heating systems, photovoltaic systems, solar pool heating systems, radiant floor heating systems, and wood-fired boilers. 

  SES focuses on energy efficiency, cost effectiveness, and minimal ecological footprint associated with the systems we design and install.",Renewable Energy Semiconductor Manufacturing,11-50 employees,Privately Held,"FREDERICK, Maryland",United States,sustainableenergysystems.net,https://www.linkedin.com/company/sustainable-energy-systems-llc,TRUE,TRUE,http://sustainableenergysystems.net,FALSE,TRUE,❌ No relationships found,,,,,,,,,Found 2 People,,,,,,✅ Sent 2 rows,,
,,Sustainable You,"Sustainable You is a national strategic consulting firm in solar and sustainability serving residential and small commercial clients with a focus in the DC, Maryland and Virginia markets. 

With over a decade of solar consulting experience and access to 80% of the local solar market, we currently make the process of adopting solar simple and rewarding for our clients with a Best Value Guarantee to ensure our clients receive the most competitive solution for their needs.

This guarantee exists because of our model of continuously vetting and curating installer partners, consulting them and our mutual clients with deliberate transparency, and finally managing projects from inception to completion with methodical service.

This expertise and model, at scale, expands beyond solar and is hosted on our mobile application to empower consumers to navigate the challenges of truly living a sustainable and impactful lifestyle to lead our communities towards a thriving and sustainable future.

Anchored by our Eco-Evaluation, we offer coaching and consulting services that support individuals and organizations to increase their sustainability awareness and contributions to a more sustainable city and planet. 


Summary: 
12+ years of experience 
1000+ Sustainable You community members 
20+ solar installer partners in DMV area
Satisfaction rate from cooperation is  99.3% 
Referral business rate is  over 80% 
Best Value Guarantee in DC - MD - VA

Why us?
- Free and immediately rewarding services for DC residents.
- Wide range of curated partners to deliver best in class sustainability solutions.
- Value and volume to our partners translates into best pricing and offerings for our clients.
- Personalized and localized consulting and coaching methodologies.
- Consistent client satisfaction.
- Continuous improvement programs for internal and external stakeholders.",Environmental Services,51-200 employees,Privately Held,"Washington, DC",United States,sustainable-you.org,https://www.linkedin.com/company/sustainable-you,TRUE,TRUE,https://sustainable-you.org,FALSE,TRUE,,,,,,,,,,❌ No Profile Found,✅ Found 10 people,,,,,✅ Sent 0 rows,,
,,Synaptic Solar,"Synaptic Solar is a licensed and insured solar Engineering, Procurement, and Construction contractor, utilizing industry experts who understand the challenges of today’s solar PV Installs. We all work together to bring to your customer a professional and pleasant experience. We are one of the few EPC companies that truly in-house every thing from the engineering to the construction, to bring you the lowest industry costs.

We want to be YOUR new in-house solution. Focus on your sales while we take care of your installs! Don't give your installs to other sales companies who you compete with, give it to Synaptic Solar, where we strictly install,  and market for YOU! We know how important referrals are and make sure your customer has the best solar purchase-to-install experience!

We offer dependable, experienced solar install team at the most competitive rates. Our master electrician has over a decade of solar experience, and our project managers have over 6 years of experience. We install all solar roof mounts, and have experience with a variety of inverter systems!",Construction,51-200 employees,Partnership,"Richardson, Texas",United States,synapticsolar.com,https://www.linkedin.com/company/synaptic-solar-llc,TRUE,TRUE,https://synapticsolar.com,FALSE,TRUE,❌ No relationships found,,,,,,,,,Found 1 People,,,,,,✅ Sent,,
,,Synergy Power,"Eric and Jason Piekarczyk are two brothers who were born and raised in the Bay Area. As family men who care about their neighbors and love the outdoors, solar has become a big part of their life. With many years of having solar on their own homes and seeing the benefits firsthand, they are driven to share that joy with those in their community. Eric and Jason are very passionate about renewable energy and determined to help others gain electrical freedom, and most importantly, treat their customers as if they were their own family. 

With over 20 years of hands on experience, combined skills and knowledge in the ever-expanding solar and storage industry, they created a family-oriented company. In 2017, they've solidified their business partnership by becoming the founders of Synergy Power. Since then, Synergy Power has become one of the leading solar companies in the entire Bay Area, without sacrificing quality or integrity. 

We have a team that includes two NABCEP certified electricians, our elite installers having 30+ years of combined experience. Our tradesman team is among the best trained professionals in the industry. We don't guess, we know. We customize our quotes for the needs of each family and business. Whether it's rooftop, canopy, or ground mount installation, our work on homes and businesses exceed all requirements and expectations. 

Interested in working with us? Let's schedule an appointment!",Construction,11-50 employees,Privately Held,"Livermore, CA",United States,synergypower.com,https://www.linkedin.com/company/synergypowerusa,TRUE,TRUE,https://synergypower.com/services/commercial-solar,FALSE,TRUE,❌ No relationships found,,,,,,,,,❌ No Profile Found,✅ Found 10 people,,,,,✅ Sent 0 rows,,
,,Tampa Bay Solar,"Tampa Bay Solar is a Tampa based alternative Energy, and Solar Power Contractor.  We sell Solar PV Systems , battery back ups and Commercial Solar PV in Florida, taking are of everything from design to installation.  Tampa Bay Solar wants help you generate your own power!  There's never been a better time to go solar! 813 TBSOLAR",Solar Electric Power Generation,11-50 employees,Privately Held,"Tampa, Florida",United States,tampabaysolar.com,https://www.linkedin.com/company/tampa-bay-solar,TRUE,TRUE,https://tampabaysolar.com/nonprofit-solar/,FALSE,TRUE,❌ No relationships found,,,,,,,,,,,,,,,,,
,,Technicians for Sustainability (TFS),"Technicians for Sustainability (TFS) is solar design-build firm serving Southern Arizona since 2003.  Specializing in solar energy and sustainable technologies for residential and commercial settings, TFS is proud to be a Tucson-based, employee-owned, mission-driven company and Certified B Corporation. Through work in solar electric and energy storage for homes and businesses, TFS brings in-depth knowledge and a passion to build a smarter, better future.",Renewables & Environment,51-200 employees,Privately Held,"Tucson, Arizona",United States,tfssolar.com,https://www.linkedin.com/company/technicians-for-sustainability,TRUE,TRUE,https://tfssolar.com/about-us/news/,FALSE,TRUE,❌ No relationships found,,,,,,,,,❌ No Profile Found,✅ Found 10 people,,,,,✅ Sent 0 rows,,
,Not relevant,Terawatt Energy,"Terawatt Energy helps families take control of their energy needs. Through easy-to-use AI powered tools, Terawatt connects people to affordable solar energy solutions.",Services for Renewable Energy,11-50 employees,Privately Held,"Cambridge, Massachusetts",United States,terawattenergies.com,https://www.linkedin.com/company/terawattenergies,TRUE,TRUE,https://www.terawattenergies.com/partnercommunities,FALSE,TRUE,❌ No relationships found,,,,,,,,,Found 1 People,,,,,,✅ Sent,,
,,Texas Best Solar,"Texas Best Solar is a veteran owned and operated, licensed, residential and commercial solar energy company. 

With offices in Denton and Collin Counties, Texas Best Solar offers an expert management team with over 70 years of residential construction projects.

Our name is not just something catchy; we believe it.  We are the Best solar company in Texas.",Renewable Energy Semiconductor Manufacturing,2-10 employees,Partnership,"Denton, Texas",United States,texasbestsolar.com,https://www.linkedin.com/company/texas-best-solar,TRUE,TRUE,https://www.texasbestsolar.com/commercial,FALSE,TRUE,❌ No relationships found,,,,,,,,,❌ No Profile Found,✅ Found 1 people,,,,,✅ Sent 0 rows,,
,,Texas Solar Consulting,Texas Solar Consulting provides quality solar consulting services for commercial application. We leverage exclusive alliances and partnerships to provide clients with industry knowledge to achieve their renewable energy goals.,Services for Renewable Energy,2-10 employees,Privately Held,"Houston, Tx",United States,texas-solarconsulting.com,https://www.linkedin.com/company/texas-solar-consulting,TRUE,TRUE,https://texas-solarconsulting.com/copy-of-residential,FALSE,TRUE,❌ No relationships found,,,,,,,,,,,,,,,,,
,,Texas Solar Professional,Texas Solar Professional is a local company that puts its clients first. We never charge to come and give a free estimate.,Renewables & Environment,11-50 employees,Privately Held,"Cedar Hill, Texas",United States,texassolar.pro,https://www.linkedin.com/company/texassolarprofessional,TRUE,TRUE,http://texassolar.pro,FALSE,TRUE,❌ No relationships found,,,,,,,,,❌ No Profile Found,✅ Found 10 people,,,,,✅ Sent 0 rows,,
,,Texon Solar Energy LLC,"Texon Solar has you covered! From residential to commercial solutions, we're here to guide you every step of the way.  #TexonSolar #CleanEnergy #RenewableFuture",Services for Renewable Energy,11-50 employees,Privately Held,"Houston, TX",United States,texonsolar.com,https://www.linkedin.com/company/texon-solar-energy-llc,TRUE,TRUE,https://texonsolar.com/commercial-solar,FALSE,TRUE,❌ No relationships found,,,,,,,,,,,,,,,,,
,,The Awareness Group (TAG),"Innovation is at the heart of The Awareness Group (TAG). We are building the TAG GRID, a comprehensive national platform for alternative energy services and solutions targeting commercial and residential solar service providers. With a unique growth model, TAG has acquired five companies across the alternative energy space, ranging from fintech for national residential and commercial project funding solutions, solar lead generation, sales and installation services to blockchain and a digital carbon and renewable energy credits marketplace. TAG is structured for organic growth complemented by a highly synergistic corporate development strategy focused on expanding current business lines and adding innovative technologies. The Company aims to quickly build a profitable, multi-$100 million company over the next few years and create significant value for customers, employees, partners, and current and prospective investors.",Services for Renewable Energy,11-50 employees,Privately Held,"Phoenix, Arizona",United States,awarenessgroup.llc,https://www.linkedin.com/company/the-awareness-group,TRUE,TRUE,https://awarenessgroup.llc/contractor-program,FALSE,TRUE,❌ No relationships found,,,,,,,,,Found 2 People,,,,,,✅ Sent 2 rows,,
,,"The CBR Group, Inc.","The CBR Group is an EPC provider that specializes in wireless telecommunications,  EV charging systems, Solar and Microgrids.  Our legacy in wireless telecom has instilled a best in class ""sense of urgency"" and CBR delivers faster turn around in all segments than competitors.

Our in-house teams provide electrical engineering, network development, and construction, civil engineering, civil construction, site acquisition, land use permitting, and comprehensive construction management and lease administration. 

We excel in full site development for cell sites, small cells, microgrids, and solar systems, providing end-to-end solutions for modern infrastructure needs.",Telecommunications,51-200 employees,Privately Held,"Martinez, California",United States,thecbrgroup.com,https://www.linkedin.com/company/the-cbr-group,TRUE,TRUE,http://thecbrgroup.com/#client-portfolio-logos,FALSE,TRUE,❌ No relationships found,,,,,,,,,Found 1 People,,,,,,✅ Sent,,
,,The Climate Access Fund,"As a nonprofit Green Bank, our mission is to reduce energy costs for low-income households in Maryland by facilitating access to the benefits of community solar power.   We aim to make the solar marketplace more inclusive by: 

1| Offering attractive financial products to solar developers who  offer discounted community solar rates to low- to moderate- income households;

2| Developing urban, infill community solar projects located in lower-wealth communities in Baltimore, and

3| Advocating for clean energy policies that benefit lower-income and disadvantaged communities.

We believe that all households should have access to the benefits of solar power.  Our vision is that all Marylanders, regardless of level of wealth or income, will have equitable access to the social, economic, and environmental benefits of clean energy through discounted solar electricity, shared ownership of solar projects, and job participation.",Solar Electric Power Generation,2-10 employees,Non Profit,"Baltimore, MD",United States,climateaccessfund.org,https://www.linkedin.com/company/the-climate-access-fund,TRUE,TRUE,https://www.climateaccessfund.org,FALSE,TRUE,❌ No relationships found,,,,,,,,,Found 1 People,,,,,,✅ Sent,,
,,The Copper Connection,"The Copper Connection is a family owned electrical and solar business that prides itself on our abilities and responsiveness to handle nearly any sized electrical job. The Copper Connection provides advanced troubleshooting services that many companies would rather not do or are not equipped to do. We work in residential environments from hanging ceiling fans or troubleshooting faulty circuits in pre-existing homes to wiring custom homes from start to finish. The Copper Connection’s commercial services range from tenant services to wiring up small to mid-sized shopping centers and everything in between. 

The Copper Connection’s friendly technicians keep up to date with the latest technologies, codes and certifications so you can have confidence in the work we do, knowing it’s done right the first time – no corners will ever be cut!

The Copper Connection continues to build its business on integrity and outstanding customer satisfaction.",Services for Renewable Energy,11-50 employees,Self Owned,"Denver, Colorado",United States,thecopperconnectionco.com,https://www.linkedin.com/company/thecopperconnection,TRUE,TRUE,https://thecopperconnectionco.com/,FALSE,TRUE,❌ No relationships found,,,,,,,,,❌ No Profile Found,✅ Found 6 people,,,,,✅ Sent 0 rows,,
,,The Copper Connection,"The Copper Connection is a family owned electrical and solar business that prides itself on our abilities and responsiveness to handle nearly any sized electrical job. The Copper Connection provides advanced troubleshooting services that many companies would rather not do or are not equipped to do. We work in residential environments from hanging ceiling fans or troubleshooting faulty circuits in pre-existing homes to wiring custom homes from start to finish. The Copper Connection’s commercial services range from tenant services to wiring up small to mid-sized shopping centers and everything in between. 

The Copper Connection’s friendly technicians keep up to date with the latest technologies, codes and certifications so you can have confidence in the work we do, knowing it’s done right the first time – no corners will ever be cut!

The Copper Connection continues to build its business on integrity and outstanding customer satisfaction.",Solar Electric Power Generation,11-50 employees,Self Owned,"Parker, Colorado",United States,thecopperconnectionco.com,https://www.linkedin.com/company/the-green-connection,TRUE,TRUE,https://thecopperconnectionco.com,FALSE,TRUE,❌ No relationships found,,,,,,,,,,,,,,,,,
,,The Green Panel,"The Green Panel is a Michigan-based solar energy company that quotes, engineers and installs solar photovoltaic (PV) and solar thermal systems.

We are committed to helping your family or business go green. Our work is driven by a passionate dedication to the highest degree of innovation with solar technology, products, and services.

We work with clients to develop a sustainable plan to solve their long-term energy needs. The Green Panel’s one vendor approach to solar planning, fulfillment and installation is called Engineer, Furnish, and Install (EF&I). We purchase directly from leading solar industry manufacturers to offer top quality, high performance solar panels at a competitive price. Installing solar panels and generating renewable energy on-site is a great way to reduce carbon emissions and potentially earn valuable LEED certification points.
Our full-service approach is designed to make your transition to renewable energy easy, affordable and hassle-free. We achieve this by utilizing a three-tiered approach:

1. Engineer
We design your solar project from the ground up and help you find funding.


2. Furnish
We acquire high quality equipment from the leading manufacturers.


3. Installations
Our fully licensed and insured staff will safely and professionally install your equipment.",Renewables & Environment,11-50 employees,Privately Held,"Brighton, Michigan",United States,thegreenpanel.com,https://www.linkedin.com/company/the-green-panel,TRUE,TRUE,https://thegreenpanel.com/past-clients,FALSE,TRUE,❌ No relationships found,,,,,,,,,❌ No Profile Found,✅ Found 10 people,,,,,✅ Sent 0 rows,,
,,The UP Companies,"The UP Companies is one of the region’s largest full-service MBE-certified contracting companies offering all-inclusive and convenient solutions for general contractors, owners and facilities management professionals. For almost a decade, UPCO has focused on its mission of Building UP Communities through Innovation, Diversity, and Integrity, providing superior design & contracting services through each of their distinct business units. For more information, go to www.theupcompanies.com.

Power UP is a full-service minority owned electrical contractor serving commercial, senior living, multi-family, industrial, and institutional customers throughout the Midwest, specializing in design/build.  Full services include design, new construction, renovations, 24-hour service, maintenance, data & communications, and solar installations.

Square UP Builders is one of the region’s largest full-service carpentry contractors specializing in challenging projects where highly skilled carpenters are required to deliver on tough schedules while maintaining the highest standards of quality and safety. Services include wood and metal framing, panelized and prefabricated installations, composite framing systems, deck shoring, finish carpentry, casework, trim, paneling, door and hardware installations, siding and exterior skin systems, seating systems, metal studs, drywall, taping, and ceiling and acoustical system installations.  Minority owned and certified.

Hustle UP is a certified minority owned business offering general labor, selective demolition, general clean up, site maintenance and final cleaning services.  Hustle UP offers a highly diverse and extremely productive union workforce.  All field staff are third party fit-tested and complete a thorough safety orientation before being deployed to any project.",Construction,51-200 employees,Privately Held,"St. Louis, MO",United States,theupcompanies.com,https://www.linkedin.com/company/theupcompanies,TRUE,TRUE,https://theupcompanies.com/featuredprojects,FALSE,TRUE,❌ No relationships found,,,,,,,,,,✅ Found 10 people,,,,,,,
,,Thompson Solutions Group,"We are a full service HVAC, mechanical, electrical, plumbing, and technology company that uses advanced technology and innovative solutions to help businesses operate more efficiently, securely, and safely.

Thompson Solutions Group is a forward-thinking innovative leader in the industry with the ability to revolutionize its business model. We utilize technology in every aspect of our business from our electricians to estimating, arc flash risk assessment, infrared thermal imaging, 3D, CAD, BIM/Revit, electrical preventive maintenance (EPM), Solar, Automation and Controls, Robotics, design-build, prefabrication, life safety and security to project management and field supervision.

Today, Thompson is still dedicated to providing quality products and expertise to a wide variety of markets throughout the Midwest. 
  
Call Thompson
Sioux City - (712) 252-4221
Omaha - (402) 891-9480
Sioux Falls - (605) 331-4588",Construction,"501-1,000 employees",Privately Held,"Sioux City, Iowa",United States,thompsonsolutionsgroup.com,https://www.linkedin.com/company/thompsonsolutionsgroup,TRUE,TRUE,https://thompsonsolutionsgroup.com/#industries-we-serve,FALSE,TRUE,❌ No relationships found,,,,,,,,,Found 6 People,,,,,,✅ Sent 6 rows,,
,,Timberline Communications Inc. (TCI),"In 2002, Steven Kelly, President of Timberline Construction Corporation (TCC) and Timberline Communications Inc. (TCI), began to fulfill his vision of building a premier general contracting and wireless construction company. Timberline evolved into one of Northeast’s most respected mid-size construction firms with both a wireless division and general contracting division. Together Timberline has continued to provide high corporate standards while working in partnership with some of the area’s leading wireless providers, corporations and institutions.

In 2017, the growth of Timberline Construction's wireless division led to the establishment of a dedicated Timberline company, to focus on its telecommunication services, Timberline Communications Inc (TCI). As we celebrate over 18 years in business, we have recognized the expansion of our client base within the Wireless Telecommunications industry over that time. It has now become a much more global than regional marketplace and felt it necessary to create a more industry specific identifiable brand.

Over the years Timberline has completed projects ranging in size from ongoing network maintenance to multiple carrier rooftop equipment relocations in downtown Boston and the installation of a complete DAS network in the Central Artery Tunnel/Big Dig that services all carriers on one network. Whether it is coax and panel antennas for a cellular network, elliptical waveguide and high performances dishes for a microwave network or fiber optic cable and DC power for a newly emerging LTE network, we are there for our clients.",Telecommunications,51-200 employees,Privately Held,"Canton, MA",United States,timberlinecommunications.com,https://www.linkedin.com/company/timberlinecommunications-inc,TRUE,TRUE,https://www.timberlinecommunications.com/about/self-performance/,FALSE,TRUE,❌ No relationships found,,,,,,,,,,,,,,,,,
,,Titan Solar Power,"EnergyAid acquired Titan Solar Power's intellectual property (IP) in March of 2025 through bankruptcy court. EnergyAid hires, trains, and deploys residential solar and battery technicians to maintain and repair broken systems.

If you are a Titan Solar Power customer, we have acquired your data, including solar monitoring access at your manufacture. This allows us to pro-actively monitor your system and contact you when alert issues come up. 

We have a $9 a month membership program for out of business installers customers. It includes discounts on our services, pro-active monitoring, and remote troubleshooting options. Please call us for more information. 877-787-0607.

We would like to be your contractor going forward!

Titan handles all aspects of a solar module installation. We take pride in our work and know that it will stand the test of time. Solar is what we do and what we excel at.  As a Titan partner, you can rest assured we are just as committed to ensuring every one of your customers are elated with their decision to go solar.

We’ve also worked hard to build a supportive, team-based culture that inspires our employees to support both our partners’ and dealers’ short-term and long-term growth. Solar is ever changing, and we are committed to evolving with the industry. We motivate our employees to not only excel within their departments, but to search for new ways to advance within their field.","Appliances, Electrical, and Electronics Manufacturing","1,001-5,000 employees",Privately Held,"Santa Ana, California",United States,titansolarpower.com,https://www.linkedin.com/company/titansolarpower,TRUE,TRUE,https://titansolarpower.com/careers/,FALSE,TRUE,❌ No relationships found,,,,,,,,,❌ No Profile Found,✅ Found 10 people,,,,,✅ Sent 0 rows,,
,,Torgeson Electric Co,"Torgeson Electric’s vision is to be a leader in the electrical industry, dedicated to growth and continual quality improvement by consistently meeting or exceeding our customer’s expectations.",Construction,51-200 employees,Privately Held,"Topeka , KS",United States,torgesonelectric.com,https://www.linkedin.com/company/torgeson-electric-co,TRUE,TRUE,http://torgesonelectric.com,FALSE,TRUE,❌ No relationships found,,,,,,,,,,,,,,,,,
,,Transportation Solutions & Lighting | National Safety Systems,"We are a world-class supplier of Roadway, Lighting, and Emergency Management Solutions.  Specializing in Traffic Calming/Control/Signalization, LED/Solar Lighting, and Emergency Preparedness/Management.

In our more than 25 years of operation, TS&L has gained a wealth of experience and a unique perspective.  We approach every project with specificity and care.  Customer service is, and always will be, our top priority.",Public Safety,11-50 employees,Self Employed,"Coconut Creek, Florida",United States,tsandl.us,https://www.linkedin.com/company/transportation-solutions-lighting,TRUE,TRUE,http://tsandl.us/about,FALSE,TRUE,❌ No relationships found,,,,,,,,,,,,,,,,,
,,Treepublic,"Treepublic was founded in 2010 and is dedicated to making our clean energy transition a joy.  As one of California’s leading commercial and residential solar and storage EPCs, Treepublic has built nearly 50MW of PV and 20MWh of storage across a wide variety of sites - from big box C&I for Fortune 100 clients, mixed-use/office parks, hotels, houses of worship, and public institutions to off-grid cabins, ranch homes, and lush estates. Treepublic educates first, and builds second, on the basis that a shared understanding of our dynamic energy future creates not only a sound investment but that much-needed trust in a long term energy partner. 

What are our Specialties?

- Commercial, Industrial, and Utilty Scale Installations between 30kW -25MW
- Residential Solar Installations between 3kW - 100kW
- Energy Storage / Battery Backup Systems 5kWh-5MWh (Tesla, Enphase, Sol-Ark, Fortress, and Schneider Electric Systems)
- Commercial Carports
- EV Charging Station Installation (Level 2-3)

What defines Treepublic?

- We tend to think of solar energy as a friendly handshake with the sun; a cosmic gift to our pale blue dot. We want everyone to experience the benefits of capturing the photons of our nearest star for their daily household, commercial, and industrial energy use. After all, those photons did travel almost ten minutes to get here—let’s make their trip worthwhile!

- On a practical level, we are hypersensitive about three things, (a) courtesy (evidenced by a nearly flawless decade-plus 5-star review record), (b) equipment quality (Q-Cells or better on panels, Enphase / SMA or equiv with inverters), and (c) elite craftsmanship (our exclusively in-house install teams have 250 years of combined experience, with project mgmt/office team adding 100+ years of experience across AHJs and utilities statewide)

- We think of every project as an extension of our own, which is where we began.",Renewable Energy Power Generation,51-200 employees,Privately Held,"Los Angeles, California",United States,treepublic.com,https://www.linkedin.com/company/treepublic,TRUE,TRUE,https://treepublic.com,FALSE,TRUE,❌ No relationships found,,,,,,,,,Found 1 People,,,,,,✅ Sent,,
,,Tribal Energy Alternatives,"Originally founded as two separate programs under GRID Alternatives, the Tribal Solar Accelerator Fund and National Tribal Program, were launched to create opportunities for tribes by focusing on partnership development, individual workforce training and education, along with solar installation and implementation. After merging as a single unified program, TSAF and NTP expanded and rebranded as Tribal Energy Alternatives - A GRID Affiliate.

Our mission is to support Tribal Nations build community-powered solutions to advance economic and environmental justice through sustainable energy.
Our vision is a balanced transition to energy sovereignty for Tribal Nations grounded in traditional values for future generations.

Growth - We embrace a growth mindset, always seeking opportunities to improve our understanding and actions, both individually and as a team. This principle extends to the physical growth of our community through strategic engagement and thoughtful development.
Opportunity - We recognize the importance of providing renewable energy alternatives and resources among our indigenous relatives in their respective communities, where they can also contribute to and benefit from
our collaborations.
Engagement - We strive to cultivate an inclusive environment where every individual is empowered to contribute and share their unique perspectives and experiences.",Solar Electric Power Generation,11-50 employees,Non Profit,"Denver, Colorado",United States,tribalalternatives.org,https://www.linkedin.com/company/tribal-energy-alternatives,TRUE,TRUE,https://tribalalternatives.org/facility-and-residential-grant-program,FALSE,TRUE,❌ No relationships found,,,,,,,,,Found 1 People,,,,,,✅ Sent,,
,,Tribal Solar Accelerator Fund,"The Tribal Solar Accelerator Fund (TSAF) works in partnership with tribes to bring technical, financial, and cultural resources to support their projects and address their unique challenges and opportunities.

At its core, TSAF is about mobilizing and developing tribal solar projects and integrating workforce development and training, nation-building, and strengthening the energy resilience of tribal communities with visions for a clean energy outlook for generations to come. The TSAF supports tribes in asserting control over their energy resources and focuses on making solar implementation feasible by leveraging state and federal programs, philanthropic dollars, and partnerships with other tribes across Indian County.

The TSAF remains one of the only grantmaking programs specifically designated for tribal solar projects and cultivating the next generation of tribal energy leaders. Through our grants, fellowships, and scholarships, we are strengthening the capacity of Indian Country to lead the way to a renewable energy future.",Solar Electric Power Generation,2-10 employees,Non Profit,"Denver, Colorado",United States,tribalsolar.org,https://www.linkedin.com/company/tribal-solar-accelerator-fund,TRUE,TRUE,https://tribalalternatives.org/education,FALSE,TRUE,❌ No relationships found,,,,,,,,,Found 1 People,,,,,,✅ Sent,,
,,TriSMART Solar,"Our mission is to help people achieve energy independence quickly, easily, and affordably using the power of the sun and teamwork.

TriSmart Solar provides clean and reliable solar power and storage systems to homes and businesses to keep them running smoothly. Each TriSMART Solar system to backed by an unbeatable warranty that you can depend on for years to come.",Services for Renewable Energy,201-500 employees,Privately Held,"Houston, Texas",United States,trismartsolar.com,https://www.linkedin.com/company/trismart-solar,TRUE,TRUE,https://trismartsolar.com/givepower/,FALSE,TRUE,❌ No relationships found,,,,,,,,,Found 2 People,,,,,,✅ Sent 2 rows,,
,,Tron Solar,"Tron Solar is a clean energy company dedicated to make the world we live in, livable for our future generations.  We offer the best products, best warranties, and best financing in the industry.",Renewable Energy Power Generation,51-200 employees,Privately Held,"Vernon Hills, Illinois",United States,tron.solar,https://www.linkedin.com/company/tron-solar,TRUE,TRUE,https://tron.solar/our-customers/,FALSE,TRUE,❌ No relationships found,,,,,,,,,Found 1 People,,,,,,✅ Sent,,
,,True Solar,"As a locally rooted and community-driven solar installation company, we take immense pride in our commitment to delivering excellence with every single installation. Our mission is to bring the numerous benefits of solar energy to your doorstep, and we do so by combining the latest technology, a passion for sustainability, and a dedication to impeccable craftsmanship. With deep ties to the local landscape and a keen understanding of Iowa's unique solar potential, we tailor each installation to maximize efficiency, savings, and environmental impact. When you choose True Solar, you're not just choosing a solar provider – you're choosing a partnership that values quality, integrity, and the bright future of our community.",Solar Electric Power Generation,11-50 employees,Privately Held,"Tiffin, Iowa",United States,truesolariowa.com,https://www.linkedin.com/company/true-solar-iowa,TRUE,TRUE,http://truesolariowa.com,FALSE,TRUE,❌ No relationships found,,,,,,,,,❌ No Profile Found,✅ Found 8 people,,,,,✅ Sent 0 rows,,
,,Trust Roofing,"One of the largest and most reputable roofing companies servicing the greater Tampa Bay area with expansion plans. Trust Roofing services commercial and residential roofing needs. Our goal is to raise the bar in our industry in how we care for our employees, clients and partner's.",Construction,51-200 employees,Privately Held,"Largo, Florida",United States,trustroofing.com,https://www.linkedin.com/company/trust-roofing,TRUE,TRUE,https://trustroofing.com/commercial-roofing,FALSE,TRUE,❌ No relationships found,,,,,,,,,,,,,,,,,
,,UGE,"At UGE we're working to make renewable energy accessible and affordable for all. We develop, own, and operate community and commercial solar & battery storage projects, bringing cheaper, cleaner, and more reliable energy to communities around the country. Visit us at www.ugei.com.",Solar Electric Power Generation,51-200 employees,Privately Held,"New York, New York",United States,ugei.com,https://www.linkedin.com/company/uge-international,TRUE,TRUE,https://ugei.com/building-owners,FALSE,TRUE,❌ No relationships found,,,,,,,,,Found 8 People,,,,,,✅ Sent 8 rows,,
,,Unico Properties LLC,"Unico Properties LLC. a subsidiary of Unico Investment Group LLC, is a real estate investment and operating firm comprising of 17 million square feet of primarily office and multifamily properties in dynamic markets throughout the United States. Since 1996, Unico has sponsored over 55 investment vehicles including discretionary institutional funds, joint-ventures, private high-net-worth funds, and qualified opportunity funds. Unico’s investments span the risk spectrum on core, core-plus, value-add, and development, with a strategic focus on growth markets, including Seattle, Portland, Denver, Austin, Salt Lake City, and Nashville.

Subsidiaries and Brands

Unico Solar Investors — Solar investments, deployment, and services http://unicosolarinvestors.com/",Real Estate,201-500 employees,Privately Held,"Seattle, WA",United States,unicoprop.com,https://www.linkedin.com/company/unicoprop,TRUE,TRUE,http://unicoprop.com/company/esg,FALSE,TRUE,❌ No relationships found,,,,,,,,,,,,,,,,,
,,Universal Contracting - Roofing Division,"At Universal Contracting & Solar, we offer roof repair, roof replacement, solar installation, and maintenance programs to keep your residential, commercial, and multifamily property in top condition. We are licensed, insured, and bonded in the State of Florida. Headquartered in Fort Myers, Florida, we have local staff servicing thousands of clients annually with regional offices in Ft. Myers, Orlando, Tampa, and their surrounding communities!

Our company is a member of the Florida Roofing & Sheet Metal Association and the Tile Roofing Industry Alliance (TRI). We have an A+ rating with the BBB, and we are an Elite Contractor through Home Advisor. For our commercial and multi-family clients, Universal Contracting & Solar of Florida is a member of Compliance Depot.",Construction,51-200 employees,Privately Held,"Lehigh Acres, Florida",United States,ucroof.com,https://www.linkedin.com/company/universal-contracting-of-fl,TRUE,TRUE,https://ucroof.com/commercial-roofing,FALSE,TRUE,,,,,,,,,,,,,,,,,,
,,Universal Renewables,"Universal Renewables has revolutionized rooftop solar installations by making solar power systems possible and economical in ways that traditional ballasted and flush-mount systems cannot. UR's technology enables solar projects on even the most crowded, challenging rooftops. 

The elevated rooftop solar power system is installed above all existing equipment on your current roof, and eliminates the hassle of removing and replacing solar equipment for roof repairs or replacements.",Solar Electric Power Generation,11-50 employees,Privately Held,"Washington, District of Columbia",United States,universalrenewables.com,https://www.linkedin.com/company/universal-renewables,TRUE,TRUE,https://universalrenewables.com,FALSE,TRUE,❌ No relationships found,,,,,,,,,Found 2 People,,,,,,✅ Sent 2 rows,,
,,Universal Solar Direct,"We are pioneers in the Solar Energy and Energy Storage Industry. Our Organization’s core values keep our teams aligned with our underlying purpose “Working Together for the Overall Greater Cause; The Future.” 


We inform, educate and install residential and commercial solar energy and energy storage solutions.",Construction,51-200 employees,Privately Held,"Las Vegas, Nevada",United States,universalsolardirect.com,https://www.linkedin.com/company/universal-solar-direct-las-vegas,TRUE,TRUE,https://universalsolardirect.com/commercial-installation.php,FALSE,TRUE,,,,,,,,,,,,,,,,,,
,,Urbanstrong,"Urbanstrong offers design-build-maintenance services for living walls, green roofs, and solar integrated green roofs in the Northeast and beyond. In total, we have installed hundreds of thousands of square feet of green roofs and living walls. These concept-to-build solutions are engineered to deliver an attractive return on investment while improving the quality of life for occupants.

Urbanstrong works with architects, developers, property facility managers, sustainability managers, and building owners to help them: 

• boost property values
• reduce energy expenditures
• improve occupant health and wellness
• reinvest in their building asset with a proven ROI
• reduce their environmental footprint
• green their brand  

Problem: Overwhelmed with working with too many green infrastructure providers, and don’t know where to turn for some greening? 
Solution: Urbanstrong offers a one-stop-shop for all green infrastructure: green roofs, living walls, integrated solar, green dividers, interior greening, biophilic office space design

Problem: Need more continued education credits (CEUs)?
Solution: Urbanstrong provides lunch & learn presentations

Problem: Don’t want to deal with a variety of crews for the different phases of development?
Solution: Urbanstrong does the design, build, and maintenance

Problem: Don’t know which technology is the best and most affordable for your project needs? 
Solution: Urbanstrong works with a broad range of technologies (i.e., technology agnostic), and will use the best solution for your project specs and budget

Our teams' award-winning work has been featured in national newspapers (New York Times, Wall Street Journal), real estate journals (NY Real Estate Journal, Real Estate Weekly), design publications (Architectural Digest, American Builders Quarterly), and local condo guides (The New York Co-Operator).

To discuss your needs, or schedule a Lunch'n'Learn for CEUs, contact info@urbanstrong.com",Environmental Services,2-10 employees,Privately Held,"Brooklyn, New York",United States,urbanstrong.com,https://www.linkedin.com/company/urbanstrong-llc,TRUE,TRUE,https://urbanstrong.com/about-us/,FALSE,TRUE,❌ No relationships found,,,,,,,,,❌ No Profile Found,✅ Found 3 people,,,,,✅ Sent 0 rows,,
,,US GREEN Energy Technologies,"We are committed to providing you the most innovative and comprehensive energy management solutions. From Solar Energy, waterless synthetic grass, energy star efficient windows to the world's quietest whole-house fan.
Together we are ensuring that individuals and companies take control of ever increasing energy bills, contribute to USA's self-reliance on its energy needs and create a long term solution, maintaining our environment for future generations.

We are a San Diego based energy upgrader serving all of Southern California. Today's consumers are both the most educated and knowledgeable in history and we are positioned to be the leader in offering these consumers Energy and Water Management Solutions. Our customized solutions incorporates Solar Energy, Realistic Artificial Turf, Energy Efficient Windows, Natural Home Cooling systems and Smart Home Integration. A key component of our past and future sustainability continues to be our commitment to recognizing new technologies as opportunities within the energy sector. By utilizing this approach we continue to evolve and is able to offer our customers the most advanced technologies to ""enhance their standard of living"".

US Green Energy Technologies is committed to utilizing the most innovative and efficient energy systems, ensuring that individuals and companies take control of ever increasing energy bills, contribute to USA's self-reliance on its energy needs creating a long term solutions, maintaining our environment for future generations.",Environmental Services,11-50 employees,Privately Held,"San Diego, CA",United States,usgreensolar.com,https://www.linkedin.com/company/us-green-energy-technologies,TRUE,TRUE,https://usgreensolar.com,FALSE,TRUE,❌ No relationships found,,,,,,,,,Found 1 People,,,,,,✅ Sent,,
,,Utilities One Group,"Utilities One was founded in 2016, evolving from our sister company, MoldCable, which focused on cable installation and repair. With a vision to drive impactful change in an ever-evolving tech landscape, Utilities One emerged as a leader in infrastructure solutions.

Today, Utilities One delivers comprehensive services across Telecommunications, Power Utilities, Renewable Energy, Water Utilities, Wireless Carriers and Technology Deployment.

As a nationwide Telecom Service Provider, Utilities One supports Wireline ILEC & CLEC providers and Wireless Carriers, offering turnkey Engineering, Design, and Construction services for Wireline Projects, such as FTTx, FTTH, FTTP, FTTC, FTTN, along with maintenance services.

Understanding the pivotal role of Wireless networks, we deliver end-to-end solutions for site builds, modifications, antenna installations, and Small Cell/DAS deployments, with expertise in Site Acquisition, Project Management, and Maintenance.

We partner with major Electric providers to build Overhead and Underground Distribution and Transmission lines and lead Grid Modernization with Smart Grid solutions, Emergency Storm Restoration, and Maintenance services.

Utilities One Water delivers sustainable, resilient water utility solutions for communities and businesses, from infrastructure and maintenance to storm response and system upgrades, ensuring safe, reliable water access today and for the future.

In Gas Utilities, our Construction and Engineering services span Distribution and Pipeline projects, aligning with leading Gas Utilities nationwide.

Committed to sustainability, Utilities One offers full Design/Build EPC services for Solar Systems, Wind Farms, and EV networks. Founded to reshape the industry, Utilities One is driven by a mission to create positive, lasting impacts that benefit communities and drive progress.",Utilities,"1,001-5,000 employees",Privately Held,"Voorhees, New Jersey",United States,utilitiesone.com,https://www.linkedin.com/company/utilitiesone,TRUE,TRUE,https://utilitiesone.com,FALSE,TRUE,❌ No relationships found,,,,,,,,,,,,,,,,,
,,VALOR Roof and Solar,"If you’re looking for an experienced residential or commercial roofing contractor, Valor Roof and Solar is here to help. Valor Roof and Solar in Colorado provides residential roofing services to customers throughout the Denver metro area including Westminster, Lakewood, Longmont, Littleton, Aurora, and Parker, CO.

Whether you have an emergency or just think it’s time for a new roof, we are the roofing company to call. We specialize in both commercial and residential roofing installations, repairs, maintenance, and inspection, as well as solar installation, gutters, windows, painting, and roof maintenance.",Construction,11-50 employees,Partnership,"Sheridan, Colorado",United States,valorroofandsolar.com,https://www.linkedin.com/company/valor-roof-and-solar,TRUE,TRUE,https://valorroofandsolar.com/commercial-roofing,FALSE,TRUE,❌ No relationships found,,,,,,,,,Found 1 People,,,,,,✅ Sent,,
,,Valta Energy,"Founded in 2009, Valta Inc. along with its family of companies (“Valta”), is a renewable energy company that originates, acquires, develops, finances, constructs, owns, and operates clean-energy projects across the United States. Valta owns and operates clean-energy projects in the commercial, industrial, small-utility, and community solar sectors. Valta has solar installations across a diverse set of geographies for municipal, utility, and commercial off-takers, (buyers of solar electricity).

Valta’s projects pass strict technical and credit criteria to ensure steady cash flows and attractive dividends for investors. Valta has over 120 MW of solar assets under management; either under construction or in operation.",Renewable Energy Semiconductor Manufacturing,11-50 employees,Privately Held,"Dana Point, California",United States,valtaenergy.com,https://www.linkedin.com/company/valtaenergy,TRUE,TRUE,https://valtaenergy.com,FALSE,TRUE,,,,,,,,,,Found 6 People,,,,,,✅ Sent 6 rows,,
,,Van Wall Equipment,"Van Wall Equipment has a proud history as a John Deere dealer dating back to 1944, when the first dealership, known as Wall Implement, was opened on Main Street in Woodward, Iowa. Since that time Van Wall Equipment has grown into one of the largest John Deere dealership groups in the country with over 600 employees and 31 John Deere locations spanning four states in the Midwest including Iowa, Illinois, Kansas, and Nebraska. Van Wall is proud to sell and service a wide range of John Deere equipment including products specialized for agriculture, golf & turf, light construction, commercial, and lawn and garden applications. Additionally, our precision agriculture team and our solar energy team deliver a breadth of complementary products and services to improve the profitability and competitiveness of our growers.

Our diversified dealership group also includes two additional locations that, together with some of our John Deere locations, provide the foundation for our Van Wall Powersports division. Van Wall Powersports provides sales and service across a wide range of brands including Polaris, Honda, Yamaha, Indian Motorcycles, and BMW Motorcycles.

As a family owned business, Van Wall Equipment supports the core values of honesty, integrity, courtesy, respect, and safety to exceed our customer’s expectations while supporting our communities we serve. We strive to provide the products and services that will consistently make Van Wall Equipment the clear first choice.",Machinery Manufacturing,"501-1,000 employees",Privately Held,"Perry, IA",United States,vanwall.com,https://www.linkedin.com/company/van-wall-equipment,TRUE,TRUE,https://vanwall.com/sponsorship/,FALSE,TRUE,❌ No relationships found,,,,,,,,,,,,,,,,,
,,Venture Solar,"Venture Solar is a solar panel installation company serving the Northeast. We help homeowners and businesses lower their electric bills by making the switch to clean, affordable solar energy.",Renewable Energy Semiconductor Manufacturing,201-500 employees,Privately Held,"Brooklyn, NY",United States,venturesolar.com,https://www.linkedin.com/company/venture-home-solar,TRUE,TRUE,https://venturesolar.com/commercial-solar,FALSE,TRUE,❌ No relationships found,,,,,,,,,Found 6 People,,,,,,✅ Sent 6 rows,,
,,Verdonck Partners,"Financial advisory for energy and infrastructure
- Sell-side and buy-side advisory for US and international institutional and strategic investors
- Capital advisory and raising for leading renewable developers
- Development services including PPA advisory and origination

Securities offered through Finalis Securities LLC Member FINRA/SIPC. Verdonck Partners and Finalis Securities LLC are separate, unaffiliated entities.'",Financial Services,2-10 employees,Privately Held,"New York, NY",United States,verdonck.com,https://www.linkedin.com/company/verdonck-partners,TRUE,TRUE,https://www.verdonck.com/advisory,FALSE,TRUE,❌ No relationships found,,,,,,,,,Found 1 People,,,,,,✅ Sent,,
,,Vertical Roofing,"Vertical Roofing offers top-tier roofing and solar solutions for residential and commercial clients in Colorado and Florida. We specialize in energy-efficient services, including roof replacements, repairs, solar panel installations, and sustainable roofing options.

Our expertise covers traditional roofing systems, Euroshield roofs made from recycled tires, and solar roofing, such as GAF solar shingles, blending efficiency with aesthetics. Our integrated systems help clients save on energy bills while supporting a greener planet.

We are committed to customer satisfaction and eco-friendly solutions. Our skilled teams deliver tailored, transparent services on time and within budget. Contact us today for a complimentary consultation and explore how we can help you create a more energy-efficient future.",Construction,11-50 employees,Privately Held,"Denver, Colorado",United States,verticalroofingco.com,https://www.linkedin.com/company/vertical-roofing-co,TRUE,TRUE,https://verticalroofingco.com/commercial-roofing,FALSE,TRUE,❌ No relationships found,,,,,,,,,Found 6 People,,,,,,✅ Sent 6 rows,,
,,Villara Building Systems,"Villara is one of the nation’s largest mechanical contractors. With offices throughout Northern California and projects throughout the state, Villara designs, installs, maintains, repairs, and replaces HVAC, sheet metal, plumbing, and solar systems in single-family and multi-family residential projects and commercial buildings. With a 75+ year history for innovation, quality, and integrity, Villara is a respected trade contractor with extensive manufacturing, warehousing/ distribution, construction, and service operations.",Construction,"1,001-5,000 employees",Privately Held,"McClellan Park, California",United States,villara.com,https://www.linkedin.com/company/villara-building-systems,TRUE,TRUE,https://villara.com/community,FALSE,TRUE,❌ No relationships found,,,,,,,,,Found 3 People,,,,,,✅ Sent 3 rows,,
,,Vision Solar LLC,"Our mission is to be the affordable provider of solar energy for every homeowner - impacting people, communities, and the planet.",Solar Electric Power Generation,"1,001-5,000 employees",Privately Held,"Blackwood, New Jersey",United States,visionsolar.com,https://www.linkedin.com/company/visionsolarllc,TRUE,TRUE,https://visionsolarpower.com,FALSE,TRUE,❌ No relationships found,,,,,,,,,Found 1 People,,,,,,✅ Sent,,
,,Vital Energy Solutions,"Vital Energy is a local and family-owned provider of solar, battery and generator powered solutions to homeowners and businesses throughout the Bay Area, since 1971!  Call now for your free energy analysis and proposal.   You can reach us at 707-800-3884 or power@vitalenergysolar.com.",Renewable Energy Power Generation,11-50 employees,Privately Held,"Sebastopol, CA",United States,vitalenergysolar.com,https://www.linkedin.com/company/vital-energy-solar,TRUE,TRUE,http://vitalenergysolar.com,FALSE,TRUE,❌ No relationships found,,,,,,,,,Found 1 People,,,,,,✅ Sent,,
,,Voltaic Solaire,"In Voltaic Solaire, we are committed to changing how energy is produced through education and the installation of sustainable energy systems since 2008. Our goal is to provide homeowners and businesses with affordable local alternative clean energy choices over dependency on fossil fuels.

Follow us
www.instagram.com/voltaic.solaire
https://www.facebook.com/voltaicsolaire.us",Renewable Energy Semiconductor Manufacturing,11-50 employees,Partnership,New York,United States,voltaicsolaire.com,https://www.linkedin.com/company/voltaic-solaire,TRUE,TRUE,https://voltaicsolaire.com,FALSE,TRUE,❌ No relationships found,,,,,,,,,Found 1 People,,,,,,✅ Sent,,
,,Vorp Energy,"VE (Vorp Energy) designs and manufactures, in the USA, reliable and affordable Solar Power Solutions for the Surveillance, Security, Telecommunication industries. 

We have designed power kits for any low voltage DC power application, from locations with full-time AC power available, to part-time power sources (e.g. light poles energized at night, or unreliable power sources), to locations with no power available at all.

The Power Series Kits allow you to remotely power anything low voltage including multiple PoE devices. These kits are often used to power motion and beam detectors around large gated perimeters, multiple wireless antennas to create a wireless Bridge/Backhaul, remote Gas and Oil field equipment. 

VE also designs and builds Outdoor UPS backup systems along with ruggedized solar surveillance trailers.  

Learn more by filling out the form on this page or by contacting us directly: sales@vorpenergy.com

Some of our clientele includes: Tesla, GM, UPS, Costco, Boeing, Chevron, many Government agencies, Motorola, Toyota and more. 

With Vorp Energy you will receive the best value in the industry at a very reasonable price!",Security and Investigations,11-50 employees,Privately Held,"Rexburg, ID",United States,vorpenergy.com,https://www.linkedin.com/company/vorp-energy,TRUE,TRUE,https://vorpenergy.com/benefits-of-chp/?srsltid=AfmBOooaxgD6ROpcdMtXxdIBkCsbWmyljoXsnP3tBJLzrgfPjj-UUlSI,FALSE,TRUE,❌ No relationships found,,,,,,,,,Found 1 People,,,,,,✅ Sent,,
,,Vyomaa Energy,"Vyomaa Energy is a reputed Renewable energy services company based out in India. We supply clean energy at lower price than you normally you pay for your distribution company. We undertake projects under Built, own, operate and transfer mechanism for Commercial Buildings, Educational Institutions, Hospitals, Warehouses and Industries, 

Our services also include design and Installation for Small Rooftop PV Systems for Residential homes and Electrical Storage for De-Centralized electricity generation.

Facebook: http://www.facebook.com/energy
Twitter: http://twitter.com/vyomaaenergy",Services for Renewable Energy,11-50 employees,Privately Held,"Raleigh, North Carolina",United States,vyomaa.com,https://www.linkedin.com/company/vyomaa-energy,TRUE,TRUE,https://vyomaa.com,FALSE,TRUE,❌ No relationships found,,,,,,,,,❌ No Profile Found,✅ Found 10 people,,,,,✅ Sent 0 rows,,
,,"Walton Roofing -F.W. Walton, Inc.","Walton Roofing (F.W. Walton, Inc.) has provided quality roofing and waterproofing services in the commercial and industrial marketplace since 1961.  We are a building envelope company.  Simply stated, ""If the building structure is leaking, we can stop it!""

As a full service company, Walton Roofing is the company you can count on to deliver professional services for any roofing, sheet metal, and waterproofing project, whether it's new construction, retrofit or repair.

Walton Roofing's mission is building relationships by exceeding customer expectation's.  This is accomplished by successfully completing each project safely, on time, and within budget.  Walton Roofing represents the highest standards of excellence, safety, quality and customer service.",Construction,51-200 employees,Privately Held,"Houston, Texas",United States,waltonroofing.com,https://www.linkedin.com/company/f-w-walton-inc-,TRUE,TRUE,https://waltonroofing.com/commercial-roofing,FALSE,TRUE,❌ No relationships found,,,,,,,,,❌ No Profile Found,✅ Found 10 people,,,,,✅ Sent 0 rows,,
,,West Texas Solar,"Turnkey Solar, ESS, and energy efficiency solutions. In house sales, design, and installs. Residential Solar, Commercial Solar, Utility Scale Solar, Electric Vehicle Charging Stations.",Renewables & Environment,2-10 employees,Partnership,"Abilene, Texas",United States,west-texas-solar.com,https://www.linkedin.com/company/westtexassolar,TRUE,TRUE,https://west-texas-solar.com/commercial-solar,FALSE,TRUE,,,,,,,,,,,,,,,,,,
,,Westcoast Solar Energy,A successful project always starts with a smart design. Westcoast Solar Energy systems are designed in-house to ensure that our high standards are met and that our customer gets the maximum benefit from their solar array.,Solar Electric Power Generation,11-50 employees,Self Owned,"Santa Rosa, California",United States,westcoastsolarenergy.com,https://www.linkedin.com/company/westcoast-solar-energy,TRUE,TRUE,https://westcoastsolarenergy.com/commercial-solar,FALSE,TRUE,❌ No relationships found,,,,,,,,,❌ No Profile Found,✅ Found 9 people,,,,,✅ Sent 0 rows,,
,,Westech Systems LLC. dba Sol-Tek Solar,"Sol-Tek Solar is a full service solar design and installation company that offers it's vast and diverse skills and experience to Businesses, General Contractors and Homeowners throughout the Central California market. Not just another solar installer, Sol-Tek offers Solar Electric, Solar Pool Heating Solar Hot Water Heaters  and Battery Systems with decades of experience.",Construction,11-50 employees,Privately Held,"Clovis, CA",United States,solteksolar.com,https://www.linkedin.com/company/westech-systems-llc-dba-sol-tek-solar,TRUE,TRUE,https://solteksolar.com,FALSE,TRUE,❌ No relationships found,,,,,,,,,,,,,,,,,
,,"Western Solar, Inc","TLDR: We take our jobs seriously and have fun doing it!

For twenty years, it’s been our privilege to help Washingtonians make the transition to clean, renewable energy. From the start, we’ve brought together a team with a diverse set of skills who don’t just work well together, but who genuinely enjoy each other’s company and relish the opportunity to both learn from and support each other. Our driving principles are integrity and craftsmanship; we expect technical excellence and honesty and transparency from every employee, whether they’re dealing with customers or colleagues. We have been voted the best clean energy company in the Best of the Northwest every year since the category was created and with your help we intend to keep it that way.

We REALLY enjoy the nitty gritty of energy dynamics in the PNW. If you’re curious, caring, and hard-working, you’ll probably fit in great at Western Solar. Come join us in the great Pacific Northwest!",Solar Electric Power Generation,11-50 employees,Privately Held,"Bellingham, Washington",United States,westernsolarinc.com,https://www.linkedin.com/company/western-solar-inc,TRUE,TRUE,https://www.westernsolarinc.com/community/,FALSE,TRUE,,,,,,,,,,,✅ Found 10 people,,,,,,,
,,Windfree Solar,"Windfree Wind and Solar Energy Company was founded early in 2009 by a team of creative energy visionaries and early adopters of sustainable technologies. Windfree's team includes a well-respected, multi-disciplinary group of Chicago’s business, architectural, artistic and community leaders. The team believes alternative energy solutions must be researched, installed, monitored, tested and be supported by local legislation. For potential clients, from institutions to private users and from architects to families, we can assess energy needs, outline objectives, determine appropriate energy solutions, implement the necessary systems and processes from purchasing to installation and from project management to permitting and future energy planning. Windfree’s products and services are proactive responses and practical solutions to the energy crisis and are ways to move toward energy independence.",Renewable Energy Semiconductor Manufacturing,11-50 employees,Privately Held,"Chicago, Illinois",United States,windfree.us,https://www.linkedin.com/company/windfree-solar,TRUE,TRUE,http://windfree.us,FALSE,TRUE,❌ No relationships found,,,,,,,,,Found 2 People,,,,,,✅ Sent 2 rows,,
,,WindMar Solar + Roofing,"Since 2002 WindMar has been a leading solar installer for Florida and the Caribbean currently supplying over 58 megawatts of power from the sun. WindMar Solar works with corporate partners, including Tesla and Generac, installing solar power and battery backup systems for both commercial and residential clients.",Renewable Energy Semiconductor Manufacturing,"501-1,000 employees",Privately Held,"Orlando, Florida",United States,windmar.com,https://www.linkedin.com/company/windmar-solar,TRUE,TRUE,https://windmar.com/about-us/,FALSE,TRUE,❌ No relationships found,,,,,,,,,❌ No Profile Found,✅ Found 10 people,,,,,✅ Sent 0 rows,,
,,Wolf River Electric,"Wolf River Electric is a leading electrical and solar installation company established in 2014. Starting as a business focused on construction and lighting, the company has evolved and expanded its expertise, becoming one of the largest and most trusted installers in the Midwest. With a steadfast commitment to quality, innovation, and sustainability, Wolf River Electric specializes in delivering comprehensive energy solutions that empower residential, commercial, and industrial clients to transition to cleaner, more efficient energy systems.

By combining technical expertise with a customer-centric approach, Wolf River Electric has built a strong reputation for excellence and reliability. The company plays a pivotal role in advancing renewable energy adoption across the region, helping to create a more sustainable future.",Specialty Trade Contractors,201-500 employees,Privately Held,"Isanti, Minnesota",United States,wolfriverelectric.com,https://www.linkedin.com/company/wolf-river-electric,TRUE,TRUE,https://wolfriverelectric.com/,FALSE,TRUE,❌ No relationships found,,,,,,,,,Found 3 People,,,,,,✅ Sent 3 rows,,
,,Wright Energy Storage Technologies,"Wright Energy Storage Technologies (WEST) is the leading innovator in super capacitor-based energy storage solutions. We specialize in creating reliable, safe, and long-lasting storage units that offer fast charging, high efficiency, extended lifespans and virtually no maintenance. Our products are backed by a 20-year warranty, a commitment that is unheard of in the industry.
 
WEST’s versatile systems are designed to support a wide range of applications, including EV charging, solar energy systems, micro-grids, general backup, telecom backup, utility energy storage and more. Moreover, our products are safe for air transport, having met rigorous global standards for safety.  

WEST’s largely electrostatic technology offers better performance than electrochemical alternatives, and our systems are backed by a proprietary software platform (EZPower) that enables us to expertly design solutions, and then monitor performance over time. WEST’s optimized supercap systems are the building blocks for robust, modular, extremely reliable, safe, user-friendly storage systems. Contact us to learn more….the future of the grid depends on the WRIGHT energy.",Renewable Energy Equipment Manufacturing,11-50 employees,Privately Held,"New York City, New York",United States,wright.energy,https://www.linkedin.com/company/wright-energy-storage-technologies,TRUE,TRUE,https://wright.energy/contact/,FALSE,TRUE,❌ No relationships found,,,,,,,,,Found 2 People,,,,,,✅ Sent 2 rows,,
,,Wunder,"Wunder is a Modern Energy Company.

We help businesses, municipalities, and schools save money by delivering clean on-site power. We convert simple warehouses into electrified industrial platforms built for the future. We enable the nation’s leading commercial and industrial real estate firms to capture the benefits of solar across their properties. 

We align ESG goals with revenue targets. 

We deploy renewable energy assets today that will power America’s tomorrow.

We open new markets, we launch new partnerships, and we build new solar and energy storage projects every day. Join us at https://www.wundercapital.com/careers",Renewable Energy Power Generation,11-50 employees,Privately Held,"Boulder, Colorado",United States,wunderpower.com,https://www.linkedin.com/company/wunder,TRUE,TRUE,https://wunderpower.com,FALSE,TRUE,❌ No relationships found,,,,,,,,,Found 5 People,,,,,,✅ Sent 5 rows,,
,,Xando Energy,"Xando stands above other solar energy providers by blending the personalized touch of your local installer, with the global knowledge of the solar and energy market. Our team consists of solar energy professionals that bring the best technology of the world to the residents of South Florida. Xando is one team one mission. We handle the energy system from design through final connection into a long-standing partnership.

It’s time to create your own success with Xando Energy! Get great training & a team that cares- Apply now & be rewarded with a lucrative income while being a part of the solution to a greener future!",Renewable Energy Semiconductor Manufacturing,11-50 employees,Partnership,"Naples, Florida",United States,xandoenergy.com,https://www.linkedin.com/company/xando-energy-services,TRUE,TRUE,http://xandoenergy.com/solar-roof-mount,FALSE,TRUE,❌ No relationships found,,,,,,,,,❌ No Profile Found,✅ Found 10 people,,,,,✅ Sent 0 rows,,
,,Xova Energy,"Xova Energy specializes in providing customized energy solutions that revamp existing systems and incorporate clean energy infrastructure. Our comprehensive range of services encompasses Solar PV Installation, EV Charging, LED Lighting, Battery Backup Systems, and Microgrid Systems.

At Xova Energy, we pride ourselves on delivering personalized energy solutions that not only optimize efficiency but also prioritize the satisfaction and well-being of facility users.",Services for Renewable Energy,2-10 employees,Privately Held,"Hot Springs, Arkansas",United States,xovaenergy.com,https://www.linkedin.com/company/xova-energy,TRUE,TRUE,https://xovaenergy.com/commercial-battery-storage,FALSE,TRUE,❌ No relationships found,,,,,,,,,❌ No Profile Found,✅ Found 2 people,,,,,✅ Sent 0 rows,,
,,YellowLite,"Yellowlite is committed to excellence in the design and Installation of our renewable energy system and to educating our customers on ways to reduce their consumption and use energy more efficiently. 
We genuinely believe that Solar is an important energy source that will continue to grow in prominence and scale, and we hope to continue being a part of the growing clean energy movement.",Renewables & Environment,11-50 employees,Privately Held,"Cleveland, OH",United States,yellowlite.com,https://www.linkedin.com/company/yellowlite-inc,TRUE,TRUE,https://yellowlite.com/commercial-solar-panels/our-commercial-installations,FALSE,TRUE,❌ No relationships found,,,,,,,,,❌ No Profile Found,✅ Found 10 people,,,,,✅ Sent 0 rows,,
,,youpower,"Youpower creates cashflow for landlords through our Tenant Power Xchange, a proprietary platform that enables direct transactions for the distribution of clean energy benefits between landlord and tenants. 

Through TPX, youpower manages the growth, timing and implementation of battery storage, EV charging, balancing VPP elements, tariff arbitrage, and entry into ancillary power markets. Visit www.myyoupower.com or call 760-585-7000 to learn more.",Services for Renewable Energy,11-50 employees,Privately Held,"Carlsbad, California",United States,myyoupower.com,https://www.linkedin.com/company/youpower,TRUE,TRUE,http://myyoupower.com,FALSE,TRUE,❌ No relationships found,,,,,,,,,❌ No Profile Found,✅ Found 7 people,,,,,✅ Sent 0 rows,,
,,"YouSolar, Inc.","Meet the company that puts you in the driver’s seat of your power and your future. Our revolutionary PowerBloc is a full-integrated nano-grid. A nano-grid is a modular power system that typically comprises a solar array, a battery, and an inverter that forms the grid for the house. However, PowerBloc can use and store energy also from the grid, a generator, or any other power source. For customers with a utility connection, the grid only contributes energy to the PowerBloc, but it no longer directly connects to the load. Therefore, there are no glitches when the grid goes down. Wherever there is no grid, PowerBloc can also operate as an off-grid system. PowerBloc is fast and easy to install. An intelligent control unit blends solar, battery, and utility power seamlessly for reliable power. YouSolar delivers sustainable and affordable power for the modern world.",Renewable Energy Semiconductor Manufacturing,2-10 employees,Privately Held,"Santa Clara, California",United States,yousolar.com,https://www.linkedin.com/company/yousolar-inc,TRUE,TRUE,https://yousolar.com,FALSE,TRUE,❌ No relationships found,,,,,,,,,Found 1 People,,,,,,✅ Sent,,
,,Zara Construction Group,"At Zara Construction Group, we unite specialized companies under one vision -delivering smarter, faster, and more durable construction solutions. Our divisions cover underground utilities, earthwork, asphalt paving, striping, concrete tilt-up, ADUs, solar carports, and full subdivision development.

By combining advanced technology, sustainable practices, and proven craftsmanship, we provide clients with a single trusted partner for projects of every scale. Each company brings its own expertise, yet together we offer seamless, end-to-end solutions that ensure accuracy, efficiency, and long-term value.

At Zara Construction Group, we don’t just build projects, we build communities, opportunities, and trust.",Construction,201-500 employees,Privately Held,"Sacramento, California",United States,zaraconstructiongroup.com,https://www.linkedin.com/company/zara-construction-group,TRUE,TRUE,https://zaraconstructiongroup.com/,FALSE,TRUE,❌ No relationships found,,,,,,,,,❌ No Profile Found,✅ Found 5 people,,,,,✅ Sent 0 rows,,