source_row_id,company_name,website,linkedin_url,location,primary_industry,company_size,company_type,solar_developer_flag,keyword_flag,utility_check,residential_mention,business_model_fit_score,community_solar_score,lmi_alignment_score,capital_need_score,stage_scale_score,geographic_score,strategic_alignment_score,total_score,priority_tier,confidence_level,needs_review,priority_reason,evidence_notes,suggested_linkedin_angle,suggested_target_titles
238,GS Power Partners,gspowerpartners.com,https://www.linkedin.com/company/gs-power-partners,"New York, NY",Solar Electric Power Generation,51-200 employees,Privately Held,TRUE,TRUE,FALSE,TRUE,23,14,0,7,6,4,6,60,A,medium,True,community solar developer; strong developer profile; meaningful scale,"[biz] developer industry, strong developer language, commercial/DG signals | [comm] explicit community solar | [cap] developer at scale implies financing needs | [scale] scale/repeat signals in description, smaller company (51-200) | [geo] high-opportunity state (NY) | [strat] community/LMI focus implies mission alignment",Reference community solar portfolio; discuss subscriber model or shared access programs,VP of Development; Director of Project Finance; CEO; CFO; Head of Capital Markets
110,Climate Access Fund,climateaccessfund.org,https://www.linkedin.com/company/climate-access-fund,"Baltimore, MD",Solar Electric Power Generation,2-10 employees,Non Profit,TRUE,TRUE,FALSE,TRUE,15,18,3,4,0,4,9,53,A,medium,True,community solar developer; strong developer profile; mission alignment,"[biz] developer industry, some developer language | [comm] explicit community solar (multiple mentions) | [lmi] mission/affordability language (no explicit LMI) | [cap] developer language implies some financing need | [scale] developer implies some repeatability, very small scale penalty | [geo] high-opportunity state (MD) | [strat] mission alignment (2 signals), nonprofit org type",Reference community solar portfolio; discuss subscriber model or shared access programs,VP of Development; Director of Project Finance; CEO; CFO; Head of Capital Markets
611,The Climate Access Fund,climateaccessfund.org,https://www.linkedin.com/company/the-climate-access-fund,"Baltimore, MD",Solar Electric Power Generation,2-10 employees,Non Profit,TRUE,TRUE,FALSE,TRUE,15,18,3,4,0,4,9,53,A,medium,True,community solar developer; strong developer profile; mission alignment,"[biz] developer industry, some developer language | [comm] explicit community solar (multiple mentions) | [lmi] mission/affordability language (no explicit LMI) | [cap] developer language implies some financing need | [scale] developer implies some repeatability, very small scale penalty | [geo] high-opportunity state (MD) | [strat] mission alignment (2 signals), nonprofit org type",Reference community solar portfolio; discuss subscriber model or shared access programs,VP of Development; Director of Project Finance; CEO; CFO; Head of Capital Markets
375,Olympia Community Solar,olysol.org,https://www.linkedin.com/company/olysol,"Olympia, Washington",Solar Electric Power Generation,2-10 employees,Non Profit,TRUE,TRUE,FALSE,TRUE,20,18,0,4,0,2,8,52,A,medium,True,community solar developer; strong developer profile; mission alignment,"[biz] developer industry, strong developer language | [comm] explicit community solar (multiple mentions) | [cap] developer language implies some financing need | [scale] developer implies some repeatability, very small scale penalty | [geo] US location (Olympia, Washington) - moderate relevance | [strat] community/LMI focus implies mission alignment, nonprofit org type",Reference community solar portfolio; discuss subscriber model or shared access programs,VP of Development; Director of Project Finance; CEO; CFO; Head of Capital Markets
66,BlueHub Capital,bluehubcapital.org,https://www.linkedin.com/company/bluehubcapital,"Boston, Massachusetts",Non-profit Organizations,11-50 employees,Non Profit,TRUE,TRUE,FALSE,TRUE,18,6,6,9,2,2,7,50,A,high,False,financing relevance; strong developer profile; mission alignment,"[biz] strong developer language, commercial/DG signals | [comm] commercial DG developer (adjacent community relevance) | [lmi] LMI/equity language (1 signal) | [cap] financing language mentioned | [scale] developer implies some repeatability | [geo] US location (Boston, Massachusetts) - moderate relevance | [strat] some mission language, nonprofit org type",Open with project finance or capital stack conversation; reference growth pipeline,VP of Development; Director of Project Finance; CEO; CFO; Head of Capital Markets
276,IPPsolar,ippsolar.com,https://www.linkedin.com/company/ippsolar,"NEW YORK, NY",Renewable Energy Semiconductor Manufacturing,11-50 employees,Privately Held,TRUE,TRUE,FALSE,TRUE,13,14,6,4,2,4,6,49,B,medium,False,community solar developer; developer signals present,"[biz] some developer language, commercial/DG signals | [comm] explicit community solar | [lmi] LMI/equity language (1 signal) | [cap] developer language implies some financing need | [scale] developer implies some repeatability | [geo] high-opportunity state (NY) | [strat] community/LMI focus implies mission alignment",Reference community solar portfolio; discuss subscriber model or shared access programs,Director of Community Solar; VP of Development; CEO; Director of Programs
637,Valta Energy,valtaenergy.com,https://www.linkedin.com/company/valtaenergy,"Dana Point, California",Renewable Energy Semiconductor Manufacturing,11-50 employees,Privately Held,TRUE,TRUE,FALSE,TRUE,13,14,0,7,5,2,6,47,B,medium,False,community solar developer; developer signals present,"[biz] some developer language, commercial/DG signals | [comm] explicit community solar | [cap] developer at scale implies financing needs | [scale] scale/repeat signals in description | [geo] US location (Dana Point, California) - moderate relevance | [strat] community/LMI focus implies mission alignment",Reference community solar portfolio; discuss subscriber model or shared access programs,Director of Community Solar; VP of Development; CEO; Director of Programs
118,Cooperative Energy Futures,cooperativeenergyfutures.com,https://www.linkedin.com/company/cooperative-energy-futures,"Minneapolis, Minnesota",Solar Electric Power Generation,11-50 employees,Partnership,TRUE,TRUE,FALSE,TRUE,15,14,3,4,2,2,5,45,B,medium,False,community solar developer; strong developer profile,"[biz] developer industry, some developer language | [comm] explicit community solar | [lmi] mission/affordability language (no explicit LMI) | [cap] developer language implies some financing need | [scale] developer implies some repeatability | [geo] US location (Minneapolis, Minnesota) - moderate relevance | [strat] some mission language",Reference community solar portfolio; discuss subscriber model or shared access programs,VP of Development; Director of Project Finance; CEO; CFO; Head of Capital Markets
104,City First Enterprises (CFE),cfenterprises.org,https://www.linkedin.com/company/city-first-enterprises,"Washington, DC",Financial Services,11-50 employees,Non Profit,TRUE,TRUE,FALSE,TRUE,13,6,6,4,2,4,9,44,B,medium,True,developer signals present; mission alignment,"[biz] some developer language, commercial/DG signals | [comm] commercial DG developer (adjacent community relevance) | [lmi] LMI/equity language (1 signal) | [cap] developer language implies some financing need | [scale] developer implies some repeatability | [geo] high-opportunity state (DC) | [strat] mission alignment (2 signals), nonprofit org type",Explore commercial solar project pipeline; ask about financing needs for growth,VP of Development; CEO; Director of Business Development; CFO
170,Entero Energy LLC,enteroenergy.com,https://www.linkedin.com/company/entero-energy-llc,"Austin, Texas",Solar Electric Power Generation,2-10 employees,Privately Held,TRUE,TRUE,FALSE,TRUE,18,14,0,4,0,2,6,44,B,low,True,community solar developer; strong developer profile,"[biz] developer industry, some developer language, commercial/DG signals | [comm] explicit community solar | [cap] developer language implies some financing need | [scale] developer implies some repeatability, very small scale penalty | [geo] US location (Austin, Texas) - moderate relevance | [strat] community/LMI focus implies mission alignment",Reference community solar portfolio; discuss subscriber model or shared access programs,VP of Development; Director of Project Finance; CEO; CFO; Head of Capital Markets
357,Neighborhood Sun,neighborhoodsun.solar,https://www.linkedin.com/company/neighborhood-sun,"Silver Spring, MD",Renewable Energy Semiconductor Manufacturing,11-50 employees,Privately Held,TRUE,TRUE,FALSE,TRUE,10,18,0,4,2,4,6,44,B,medium,True,community solar developer; developer signals present,[biz] some developer language | [comm] explicit community solar (multiple mentions) | [cap] developer language implies some financing need | [scale] developer implies some repeatability | [geo] high-opportunity state (MD) | [strat] community/LMI focus implies mission alignment,Reference community solar portfolio; discuss subscriber model or shared access programs,Director of Community Solar; VP of Development; CEO; Director of Programs
622,Tribal Energy Alternatives,tribalalternatives.org,https://www.linkedin.com/company/tribal-energy-alternatives,"Denver, Colorado",Solar Electric Power Generation,11-50 employees,Non Profit,TRUE,TRUE,FALSE,TRUE,15,0,6,9,5,2,7,44,B,medium,True,financing relevance; strong developer profile; mission alignment,"[biz] developer industry, some developer language | [lmi] LMI/equity language (1 signal) | [cap] financing language mentioned | [scale] scale/repeat signals in description | [geo] US location (Denver, Colorado) - moderate relevance | [strat] some mission language, nonprofit org type",Open with project finance or capital stack conversation; reference growth pipeline,VP of Development; Director of Project Finance; CEO; CFO; Head of Capital Markets
320,Maine Community Power Cooperative,mainecommunitypower.com,https://www.linkedin.com/company/maine-community-power-cooperative,"Norway, Maine",Renewable Energy Power Generation,2-10 employees,Partnership,TRUE,TRUE,FALSE,TRUE,15,14,3,4,0,2,5,43,B,low,True,community solar developer; strong developer profile,"[biz] developer industry, some developer language | [comm] explicit community solar | [lmi] mission/affordability language (no explicit LMI) | [cap] developer language implies some financing need | [scale] developer implies some repeatability, very small scale penalty | [geo] US location (Norway, Maine) - moderate relevance | [strat] some mission language",Reference community solar portfolio; discuss subscriber model or shared access programs,VP of Development; Director of Project Finance; CEO; CFO; Head of Capital Markets
218,Good Energy,goodenergy.com,https://www.linkedin.com/company/good-energy-lp,"New York, New York",Utilities,11-50 employees,Privately Held,TRUE,TRUE,FALSE,TRUE,8,18,0,3,5,2,6,42,B,medium,True,community solar developer; developer signals present,"[biz] commercial/DG signals | [comm] explicit community solar (multiple mentions) | [cap] commercial at scale (weak financing relevance) | [scale] scale/repeat signals in description | [geo] US location (New York, New York) - moderate relevance | [strat] community/LMI focus implies mission alignment",Reference community solar portfolio; discuss subscriber model or shared access programs,Director of Community Solar; VP of Development; CEO; Director of Programs
312,Lodestar Energy,lodestarenergy.com,https://www.linkedin.com/company/lodestar-energy,"Avon, CT",Renewable Energy Semiconductor Manufacturing,11-50 employees,Privately Held,TRUE,TRUE,FALSE,TRUE,18,6,0,9,5,4,0,42,B,medium,True,financing relevance; strong developer profile,"[biz] strong developer language, commercial/DG signals | [comm] commercial DG developer (adjacent community relevance) | [cap] financing language mentioned | [scale] scale/repeat signals in description | [geo] high-opportunity state (CT)",Open with project finance or capital stack conversation; reference growth pipeline,VP of Development; Director of Project Finance; CEO; CFO; Head of Capital Markets
346,National Energy Installers,nationalenergyinstallers.com,https://www.linkedin.com/company/national-energy-installers,"Newport Beach, CA",Solar Electric Power Generation,51-200 employees,Privately Held,TRUE,TRUE,FALSE,TRUE,13,3,6,3,6,4,6,41,B,medium,True,developer signals present; meaningful scale,"[biz] developer industry, commercial/DG signals | [comm] commercial solar signals | [lmi] LMI/equity language (1 signal) | [cap] commercial at scale (weak financing relevance) | [scale] scale/repeat signals in description, smaller company (51-200) | [geo] high-opportunity state (CA) | [strat] community/LMI focus implies mission alignment",Explore commercial solar project pipeline; ask about financing needs for growth,VP of Development; CEO; Director of Business Development; CFO
128,Delaware River Solar,delawareriversolar.com,https://www.linkedin.com/company/delaware-river-solar,"New York, NY",Renewable Energy Semiconductor Manufacturing,11-50 employees,Privately Held,TRUE,TRUE,FALSE,TRUE,10,14,0,4,2,4,6,40,B,medium,True,community solar developer; developer signals present,[biz] some developer language | [comm] explicit community solar | [cap] developer language implies some financing need | [scale] developer implies some repeatability | [geo] high-opportunity state (NY) | [strat] community/LMI focus implies mission alignment,Reference community solar portfolio; discuss subscriber model or shared access programs,Director of Community Solar; VP of Development; CEO; Director of Programs
161,Empowered By Light,empoweredbylight.org,https://www.linkedin.com/company/empowered-by-light,"Larkspur, CA",Renewable Energy Power Generation,2-10 employees,Non Profit,TRUE,TRUE,FALSE,TRUE,18,6,0,7,3,4,2,40,B,medium,True,strong developer profile,"[biz] developer industry, some developer language, commercial/DG signals | [comm] commercial DG developer (adjacent community relevance) | [cap] developer at scale implies financing needs | [scale] scale/repeat signals in description, very small scale penalty | [geo] high-opportunity state (CA) | [strat] nonprofit org type",Developer-to-developer outreach; reference project pipeline and financing solutions,VP of Development; Director of Project Finance; CEO; CFO; Head of Capital Markets
267,Independent Power,solarips.com,https://www.linkedin.com/company/independentpower,"Boulder, CO",Solar Electric Power Generation,11-50 employees,Privately Held,TRUE,TRUE,FALSE,TRUE,13,3,3,3,5,4,9,40,B,medium,True,developer signals present; mission alignment,"[biz] developer industry, commercial/DG signals | [comm] commercial solar signals | [lmi] mission/affordability language (no explicit LMI) | [cap] commercial at scale (weak financing relevance) | [scale] scale/repeat signals in description | [geo] high-opportunity state (CO) | [strat] strong mission alignment (3+ signals)",Explore commercial solar project pipeline; ask about financing needs for growth,VP of Development; CEO; Director of Business Development; CFO
4,548 Enterprise,548enterprise.com,https://www.linkedin.com/company/548enterprise,"Chicago, Illinois",Housing and Community Development,11-50 employees,Privately Held,TRUE,TRUE,FALSE,TRUE,2,14,6,9,0,2,6,39,B,medium,True,community solar developer; financing relevance,"[biz] no developer or commercial language | [comm] explicit community solar | [lmi] LMI/equity language (1 signal) | [cap] financing language mentioned | [geo] US location (Chicago, Illinois) - moderate relevance | [strat] community/LMI focus implies mission alignment",Reference community solar portfolio; discuss subscriber model or shared access programs,Director of Community Solar; VP of Development; CEO; Director of Programs
47,Babcock Ranch,babcockranchforbusiness.com,https://www.linkedin.com/company/babcock-ranch,"Babcock Ranch, Florida",Real Estate,51-200 employees,Privately Held,TRUE,TRUE,FALSE,TRUE,18,6,0,7,6,2,0,39,B,medium,True,strong developer profile; meaningful scale,"[biz] strong developer language, commercial/DG signals | [comm] commercial DG developer (adjacent community relevance) | [cap] developer at scale implies financing needs | [scale] scale/repeat signals in description, smaller company (51-200) | [geo] US location (Babcock Ranch, Florida) - moderate relevance",Developer-to-developer outreach; reference project pipeline and financing solutions,VP of Development; Director of Project Finance; CEO; CFO; Head of Capital Markets
138,EarthSpark International,earthsparkinternational.org,https://www.linkedin.com/company/earthspark-international,"Washington, DC",Solar Electric Power Generation,11-50 employees,Non Profit,TRUE,TRUE,FALSE,TRUE,13,3,3,9,0,4,7,39,B,medium,True,financing relevance; developer signals present; mission alignment,"[biz] developer industry, commercial/DG signals | [comm] commercial solar signals | [lmi] mission/affordability language (no explicit LMI) | [cap] financing language mentioned | [geo] high-opportunity state (DC) | [strat] some mission language, nonprofit org type",Open with project finance or capital stack conversation; reference growth pipeline,VP of Development; CEO; Director of Business Development; CFO
305,Legacy Solar Co-op,legacysolarcoop.org,https://www.linkedin.com/company/legacy-solar-co-op,"Madison, Wisconsin",Environmental Services,2-10 employees,Partnership,TRUE,TRUE,FALSE,TRUE,13,14,0,4,0,2,6,39,B,low,True,community solar developer; developer signals present,"[biz] some developer language, commercial/DG signals | [comm] explicit community solar | [cap] developer language implies some financing need | [scale] developer implies some repeatability, very small scale penalty | [geo] US location (Madison, Wisconsin) - moderate relevance | [strat] community/LMI focus implies mission alignment",Reference community solar portfolio; discuss subscriber model or shared access programs,Director of Community Solar; VP of Development; CEO; Director of Programs
99,ChargeNet Stations,chargenetstations.com,https://www.linkedin.com/company/chargenet-stations,"San Diego, California",Renewables & Environment,11-50 employees,Privately Held,TRUE,TRUE,FALSE,TRUE,13,6,6,4,2,2,5,38,B,medium,True,developer signals present,"[biz] some developer language, commercial/DG signals | [comm] commercial DG developer (adjacent community relevance) | [lmi] LMI/equity language (1 signal) | [cap] developer language implies some financing need | [scale] developer implies some repeatability | [geo] US location (San Diego, California) - moderate relevance | [strat] some mission language",Low priority — verify fit before outreach,VP of Development; CEO; Director of Business Development; CFO
224,Green Lantern Solar,greenlanternsolar.com,https://www.linkedin.com/company/green-lantern-solar,"Waterbury, VT",Solar Electric Power Generation,11-50 employees,Privately Held,TRUE,TRUE,FALSE,TRUE,18,6,0,7,5,2,0,38,B,medium,True,strong developer profile,"[biz] developer industry, some developer language, commercial/DG signals | [comm] commercial DG developer (adjacent community relevance) | [cap] developer at scale implies financing needs | [scale] scale/repeat signals in description | [geo] US location (Waterbury, VT) - moderate relevance",Developer-to-developer outreach; reference project pipeline and financing solutions,VP of Development; Director of Project Finance; CEO; CFO; Head of Capital Markets
259,Hunt Capital Partners,huntcapitalpartners.com,https://www.linkedin.com/company/hunt-capital-partners,"Encino, CA",Real Estate,51-200 employees,Partnership,TRUE,TRUE,FALSE,TRUE,15,0,6,4,3,4,6,38,B,medium,True,strong developer profile,"[biz] strong developer language | [lmi] LMI/equity language (1 signal) | [cap] developer language implies some financing need | [scale] developer implies some repeatability, smaller company (51-200) | [geo] high-opportunity state (CA) | [strat] community/LMI focus implies mission alignment",Developer-to-developer outreach; reference project pipeline and financing solutions,VP of Development; Director of Project Finance; CEO; CFO; Head of Capital Markets
288,Jordan Energy & Food Enterprises LLC,jordanenergy.org,https://www.linkedin.com/company/jordan-energy-&-food-enterprises-llc,"Troy, New York",Solar Electric Power Generation,11-50 employees,Privately Held,TRUE,TRUE,FALSE,TRUE,18,6,0,7,5,2,0,38,B,medium,True,strong developer profile,"[biz] developer industry, some developer language, commercial/DG signals | [comm] commercial DG developer (adjacent community relevance) | [cap] developer at scale implies financing needs | [scale] scale/repeat signals in description | [geo] US location (Troy, New York) - moderate relevance",Developer-to-developer outreach; reference project pipeline and financing solutions,VP of Development; Director of Project Finance; CEO; CFO; Head of Capital Markets
564,Sundance Power Systems,sundancepower.com,https://www.linkedin.com/company/sundance-power-systems,"Weaverville, NC",Solar Electric Power Generation,11-50 employees,Self Owned,TRUE,TRUE,FALSE,TRUE,15,6,0,7,5,5,0,38,B,medium,True,strong developer profile,"[biz] developer industry, some developer language, commercial/DG signals, self-employed/owned type | [comm] commercial DG developer (adjacent community relevance) | [cap] developer at scale implies financing needs | [scale] scale/repeat signals in description | [geo] multi-state/national footprint",Developer-to-developer outreach; reference project pipeline and financing solutions,VP of Development; Director of Project Finance; CEO; CFO; Head of Capital Markets
108,Clean Slate Solar,cleanslatesolar.com,https://www.linkedin.com/company/cleanslatesolar,"New York, NY",Solar Electric Power Generation,2-10 employees,Privately Held,TRUE,TRUE,FALSE,TRUE,13,14,0,0,0,4,6,37,B,low,True,community solar developer; developer signals present,"[biz] developer industry, commercial/DG signals | [comm] explicit community solar | [scale] very small scale penalty | [geo] high-opportunity state (NY) | [strat] community/LMI focus implies mission alignment",Reference community solar portfolio; discuss subscriber model or shared access programs,Director of Community Solar; VP of Development; CEO; Director of Programs
226,Green Roof Technology - Jörg Breuning,greenrooftechnology.com,https://www.linkedin.com/company/greenrooftechnology,Baltimore,Environmental Services,2-10 employees,Privately Held,TRUE,TRUE,FALSE,TRUE,5,14,0,7,3,2,6,37,B,medium,True,community solar developer,"[biz] some developer language, commercial/DG signals, roofing/HVAC in name+desc (strong penalty) | [comm] explicit community solar | [cap] developer at scale implies financing needs | [scale] scale/repeat signals in description, very small scale penalty | [geo] US location (Baltimore) - moderate relevance | [strat] community/LMI focus implies mission alignment",Reference community solar portfolio; discuss subscriber model or shared access programs,Director of Community Solar; VP of Development; CEO; Director of Programs
281,ITEX,itexgrp.com,https://www.linkedin.com/company/the-itex-group,"Houston, Texas",Real Estate,201-500 employees,Privately Held,TRUE,TRUE,FALSE,TRUE,15,0,6,4,4,2,6,37,B,medium,True,strong developer profile,"[biz] strong developer language | [lmi] LMI/equity language (1 signal) | [cap] developer language implies some financing need | [scale] developer implies some repeatability, mid company (201-500) | [geo] US location (Houston, Texas) - moderate relevance | [strat] community/LMI focus implies mission alignment",Developer-to-developer outreach; reference project pipeline and financing solutions,VP of Development; Director of Project Finance; CEO; CFO; Head of Capital Markets
535,SonLight Power,sonlightpower.org,https://www.linkedin.com/company/sonlight-power,"Milford, Ohio",Renewables & Environment,11-50 employees,Non Profit,TRUE,TRUE,FALSE,TRUE,10,0,6,7,5,2,7,37,B,medium,True,developer signals present; mission alignment,"[biz] some developer language | [lmi] LMI/equity language (1 signal) | [cap] developer at scale implies financing needs | [scale] scale/repeat signals in description | [geo] US location (Milford, Ohio) - moderate relevance | [strat] some mission language, nonprofit org type",Low priority — verify fit before outreach,VP of Development; CEO; Director of Business Development; CFO
296,Kokosing Solar,kokosingsolar.com,https://www.linkedin.com/company/kokosing-solar,"Athens, OH",Renewables & Environment,"1,001-5,000 employees",Privately Held,TRUE,TRUE,FALSE,TRUE,13,6,0,7,8,2,0,36,B,medium,True,developer signals present; meaningful scale,"[biz] some developer language, commercial/DG signals | [comm] commercial DG developer (adjacent community relevance) | [cap] developer at scale implies financing needs | [scale] scale/repeat signals in description, mid-large company (501-1000) | [geo] US location (Athens, OH) - moderate relevance",Low priority — verify fit before outreach,VP of Development; CEO; Director of Business Development; CFO
509,Solar Solution,solarsolutiondc.com,https://www.linkedin.com/company/solar-solution-llc,"Washington, DC",Services for Renewable Energy,51-200 employees,Privately Held,TRUE,TRUE,FALSE,TRUE,13,6,0,7,6,4,0,36,B,medium,True,developer signals present; meaningful scale,"[biz] some developer language, commercial/DG signals | [comm] commercial DG developer (adjacent community relevance) | [cap] developer at scale implies financing needs | [scale] scale/repeat signals in description, smaller company (51-200) | [geo] high-opportunity state (DC)",Low priority — verify fit before outreach,VP of Development; CEO; Director of Business Development; CFO
547,Strada Ventures LLC,stradanyc.com,https://www.linkedin.com/company/strada-ventures-llc,"Brooklyn, NY",Real Estate,2-10 employees,Self Owned,TRUE,TRUE,FALSE,TRUE,12,0,10,4,0,4,6,36,B,low,True,LMI/equity focus; developer signals present,"[biz] strong developer language, self-employed/owned type | [lmi] LMI/equity language (2 signals) | [cap] developer language implies some financing need | [scale] developer implies some repeatability, very small scale penalty | [geo] high-opportunity state (NY) | [strat] community/LMI focus implies mission alignment",Lead with energy equity and affordable access angle; ask about LMI project pipeline,VP of Development; CEO; Director of Business Development; CFO
623,Tribal Solar Accelerator Fund,tribalsolar.org,https://www.linkedin.com/company/tribal-solar-accelerator-fund,"Denver, Colorado",Solar Electric Power Generation,2-10 employees,Non Profit,TRUE,TRUE,FALSE,TRUE,15,0,3,9,0,2,7,36,B,low,True,financing relevance; strong developer profile; mission alignment,"[biz] developer industry, some developer language | [lmi] mission/affordability language (no explicit LMI) | [cap] financing language mentioned | [scale] developer implies some repeatability, very small scale penalty | [geo] US location (Denver, Colorado) - moderate relevance | [strat] some mission language, nonprofit org type",Open with project finance or capital stack conversation; reference growth pipeline,VP of Development; Director of Project Finance; CEO; CFO; Head of Capital Markets
61,"Bliss Solar, LLC",blisssolar.com,https://www.linkedin.com/company/blisssolar-llc,"Great Neck, New York",Solar Electric Power Generation,2-10 employees,Privately Held,TRUE,TRUE,FALSE,TRUE,18,6,0,9,0,2,0,35,B,medium,True,financing relevance; strong developer profile,"[biz] developer industry, some developer language, commercial/DG signals | [comm] commercial DG developer (adjacent community relevance) | [cap] financing language mentioned | [scale] developer implies some repeatability, very small scale penalty | [geo] US location (Great Neck, New York) - moderate relevance",Open with project finance or capital stack conversation; reference growth pipeline,VP of Development; Director of Project Finance; CEO; CFO; Head of Capital Markets
289,K2 Development Companies,k2dci.com,https://www.linkedin.com/company/k2-development-company-inc-,"Redding, CA",Real Estate,2-10 employees,Privately Held,TRUE,TRUE,FALSE,TRUE,13,6,3,4,0,4,5,35,B,medium,True,developer signals present,"[biz] some developer language, commercial/DG signals | [comm] commercial DG developer (adjacent community relevance) | [lmi] mission/affordability language (no explicit LMI) | [cap] developer language implies some financing need | [scale] developer implies some repeatability, very small scale penalty | [geo] high-opportunity state (CA) | [strat] some mission language",Low priority — verify fit before outreach,VP of Development; CEO; Director of Business Development; CFO
380,OurEnergy,ourenergyco.com,https://www.linkedin.com/company/ourenergy,"Santa Cruz, California",Services for Renewable Energy,11-50 employees,Privately Held,TRUE,TRUE,FALSE,TRUE,13,6,3,4,2,2,5,35,B,medium,False,developer signals present,"[biz] some developer language, commercial/DG signals | [comm] commercial DG developer (adjacent community relevance) | [lmi] mission/affordability language (no explicit LMI) | [cap] developer language implies some financing need | [scale] developer implies some repeatability | [geo] US location (Santa Cruz, California) - moderate relevance | [strat] some mission language",Low priority — verify fit before outreach,VP of Development; CEO; Director of Business Development; CFO
461,Sherman Associates,sherman-associates.com,https://www.linkedin.com/company/sherman-associates,"Minneapolis, Minnesota",Real Estate,"501-1,000 employees",Privately Held,TRUE,TRUE,FALSE,TRUE,18,6,0,4,5,2,0,35,B,medium,False,strong developer profile,"[biz] strong developer language, commercial/DG signals | [comm] commercial DG developer (adjacent community relevance) | [cap] developer language implies some financing need | [scale] developer implies some repeatability, mid-large company (501-1000) | [geo] US location (Minneapolis, Minnesota) - moderate relevance",Developer-to-developer outreach; reference project pipeline and financing solutions,VP of Development; Director of Project Finance; CEO; CFO; Head of Capital Markets
588,"Suntrek Industries, Inc",suntreksolar.com,https://www.linkedin.com/company/suntrek-solar,"Irvine, CA",Renewables & Environment,11-50 employees,Privately Held,TRUE,TRUE,FALSE,TRUE,13,6,0,7,5,4,0,35,B,medium,False,developer signals present,"[biz] some developer language, commercial/DG signals | [comm] commercial DG developer (adjacent community relevance) | [cap] developer at scale implies financing needs | [scale] scale/repeat signals in description | [geo] high-opportunity state (CA)",Low priority — verify fit before outreach,VP of Development; CEO; Director of Business Development; CFO
150,EFS Energy,efsenergy.com,https://www.linkedin.com/company/efs-energy,"St Louis, Missouri",Solar Electric Power Generation,11-50 employees,Privately Held,TRUE,TRUE,FALSE,TRUE,13,3,3,3,5,2,5,34,C,medium,False,developer signals present,"[biz] developer industry, commercial/DG signals | [comm] commercial solar signals | [lmi] mission/affordability language (no explicit LMI) | [cap] commercial at scale (weak financing relevance) | [scale] scale/repeat signals in description | [geo] US location (St Louis, Missouri) - moderate relevance | [strat] some mission language",Low priority — verify fit before outreach,VP of Development; CEO; Director of Business Development; CFO
491,"Solar Energy Services, Inc.",solarsaves.net,https://www.linkedin.com/company/solar-energy-services-inc.,"Millersville, MD",Renewable Energy Power Generation,11-50 employees,Privately Held,TRUE,TRUE,FALSE,TRUE,18,6,0,4,2,4,0,34,C,medium,False,strong developer profile,"[biz] developer industry, some developer language, commercial/DG signals | [comm] commercial DG developer (adjacent community relevance) | [cap] developer language implies some financing need | [scale] developer implies some repeatability | [geo] high-opportunity state (MD)",Developer-to-developer outreach; reference project pipeline and financing solutions,VP of Development; Director of Project Finance; CEO; CFO; Head of Capital Markets
544,Staples Energy,staplesenergy.com,https://www.linkedin.com/company/staples-energy,"Pewaukee, WI",Environmental Services,51-200 employees,Privately Held,TRUE,TRUE,FALSE,TRUE,8,3,6,3,6,2,6,34,C,medium,False,developer signals present; meaningful scale,"[biz] commercial/DG signals | [comm] commercial solar signals | [lmi] LMI/equity language (1 signal) | [cap] commercial at scale (weak financing relevance) | [scale] scale/repeat signals in description, smaller company (51-200) | [geo] US location (Pewaukee, WI) - moderate relevance | [strat] community/LMI focus implies mission alignment",Low priority — verify fit before outreach,VP of Development; CEO; Director of Business Development; CFO
546,Staten Solar,statensolar.com,https://www.linkedin.com/company/staten-solar,"San Jose, California",Renewable Energy Semiconductor Manufacturing,51-200 employees,Privately Held,TRUE,TRUE,FALSE,TRUE,13,6,0,7,6,2,0,34,C,medium,False,developer signals present; meaningful scale,"[biz] some developer language, commercial/DG signals | [comm] commercial DG developer (adjacent community relevance) | [cap] developer at scale implies financing needs | [scale] scale/repeat signals in description, smaller company (51-200) | [geo] US location (San Jose, California) - moderate relevance",Low priority — verify fit before outreach,VP of Development; CEO; Director of Business Development; CFO
580,Sunrich Power,sunrichpowerjames.com,https://www.linkedin.com/company/sunrichpower,"Quincy, MA",Solar Electric Power Generation,2-10 employees,Self Owned,TRUE,TRUE,FALSE,TRUE,10,14,0,0,0,4,6,34,C,medium,True,community solar developer; developer signals present,"[biz] developer industry, commercial/DG signals, self-employed/owned type | [comm] explicit community solar | [scale] very small scale penalty | [geo] high-opportunity state (MA) | [strat] community/LMI focus implies mission alignment",Reference community solar portfolio; discuss subscriber model or shared access programs,Director of Community Solar; VP of Development; CEO; Director of Programs
91,Captain Power,captainpowerllc.com,https://www.linkedin.com/company/captain-power,"Beltsville, Maryland",Services for Renewable Energy,11-50 employees,Privately Held,TRUE,TRUE,FALSE,TRUE,13,6,0,7,5,2,0,33,C,medium,False,developer signals present,"[biz] some developer language, commercial/DG signals | [comm] commercial DG developer (adjacent community relevance) | [cap] developer at scale implies financing needs | [scale] scale/repeat signals in description | [geo] US location (Beltsville, Maryland) - moderate relevance",Low priority — verify fit before outreach,VP of Development; CEO; Director of Business Development; CFO
133,E Squared Energy Advisors,esquaredenergyadvisors.com,https://www.linkedin.com/company/e2-energy-advisors,frisco,Renewables & Environment,11-50 employees,Privately Held,TRUE,TRUE,FALSE,TRUE,13,6,0,7,5,2,0,33,C,medium,False,developer signals present,"[biz] some developer language, commercial/DG signals | [comm] commercial DG developer (adjacent community relevance) | [cap] developer at scale implies financing needs | [scale] scale/repeat signals in description | [geo] US location (frisco) - moderate relevance",Low priority — verify fit before outreach,VP of Development; CEO; Director of Business Development; CFO
146,Ecoloop,ecoloop.us,https://www.linkedin.com/company/ecoloop-llc,"Danvers, Massachusetts",Renewable Energy Power Generation,51-200 employees,Privately Held,TRUE,TRUE,FALSE,TRUE,18,6,0,4,3,2,0,33,C,medium,False,strong developer profile,"[biz] developer industry, some developer language, commercial/DG signals | [comm] commercial DG developer (adjacent community relevance) | [cap] developer language implies some financing need | [scale] developer implies some repeatability, smaller company (51-200) | [geo] US location (Danvers, Massachusetts) - moderate relevance",Developer-to-developer outreach; reference project pipeline and financing solutions,VP of Development; Director of Project Finance; CEO; CFO; Head of Capital Markets
414,Red Cloud Renewable,redcloudrenewable.org,https://www.linkedin.com/company/red-cloud-renewable,"Pine Ridge, South Dakota",Non-profit Organizations,2-10 employees,Non Profit,TRUE,TRUE,FALSE,TRUE,10,0,10,4,0,2,7,33,C,medium,True,LMI/equity focus; developer signals present; mission alignment,"[biz] some developer language | [lmi] LMI/equity language (2 signals) | [cap] developer language implies some financing need | [scale] developer implies some repeatability, very small scale penalty | [geo] US location (Pine Ridge, South Dakota) - moderate relevance | [strat] some mission language, nonprofit org type",Lead with energy equity and affordable access angle; ask about LMI project pipeline,VP of Development; CEO; Director of Business Development; CFO
418,Reilly Electrical Contractors,gorelco.com,https://www.linkedin.com/company/reilly-electrical-contractor,"Easton, MA",Construction,51-200 employees,Privately Held,TRUE,TRUE,FALSE,TRUE,10,6,0,7,6,4,0,33,C,medium,False,developer signals present; meaningful scale,"[biz] installer/contractor industry, some developer language, commercial/DG signals | [comm] commercial DG developer (adjacent community relevance) | [cap] developer at scale implies financing needs | [scale] scale/repeat signals in description, smaller company (51-200) | [geo] high-opportunity state (MA)",Low priority — verify fit before outreach,VP of Development; CEO; Director of Business Development; CFO
609,The Awareness Group (TAG),awarenessgroup.llc,https://www.linkedin.com/company/the-awareness-group,"Phoenix, Arizona",Services for Renewable Energy,11-50 employees,Privately Held,TRUE,TRUE,FALSE,TRUE,13,6,0,7,5,2,0,33,C,medium,False,developer signals present,"[biz] some developer language, commercial/DG signals | [comm] commercial DG developer (adjacent community relevance) | [cap] developer at scale implies financing needs | [scale] scale/repeat signals in description | [geo] US location (Phoenix, Arizona) - moderate relevance",Low priority — verify fit before outreach,VP of Development; CEO; Director of Business Development; CFO
26,Allterra Solar,allterrasolar.com,https://www.linkedin.com/company/allterra-solar,"Santa Cruz, California",Solar Electric Power Generation,11-50 employees,Privately Held,TRUE,TRUE,FALSE,TRUE,15,0,0,7,5,5,0,32,C,medium,False,strong developer profile,"[biz] developer industry, some developer language | [cap] developer at scale implies financing needs | [scale] scale/repeat signals in description | [geo] multi-state/national footprint",Developer-to-developer outreach; reference project pipeline and financing solutions,VP of Development; Director of Project Finance; CEO; CFO; Head of Capital Markets
63,Blue Horizon Energy,bluehorizonenergy.com,https://www.linkedin.com/company/blue-horizon-energy,"Minnetonka, Minnesota",Renewable Energy Power Generation,11-50 employees,Privately Held,TRUE,TRUE,FALSE,TRUE,18,6,0,4,2,2,0,32,C,medium,False,strong developer profile,"[biz] developer industry, some developer language, commercial/DG signals | [comm] commercial DG developer (adjacent community relevance) | [cap] developer language implies some financing need | [scale] developer implies some repeatability | [geo] US location (Minnetonka, Minnesota) - moderate relevance",Developer-to-developer outreach; reference project pipeline and financing solutions,VP of Development; Director of Project Finance; CEO; CFO; Head of Capital Markets
167,"EnerWealth Solutions, LLC",enerwealthsol.com,https://www.linkedin.com/company/enerwealthsol,"Durham, North Carolina",Solar Electric Power Generation,2-10 employees,Privately Held,TRUE,TRUE,FALSE,TRUE,15,0,6,4,0,2,5,32,C,medium,True,strong developer profile,"[biz] developer industry, some developer language | [lmi] LMI/equity language (1 signal) | [cap] developer language implies some financing need | [scale] developer implies some repeatability, very small scale penalty | [geo] US location (Durham, North Carolina) - moderate relevance | [strat] some mission language",Developer-to-developer outreach; reference project pipeline and financing solutions,VP of Development; Director of Project Finance; CEO; CFO; Head of Capital Markets
271,IntegrateSun,integratesun.com,https://www.linkedin.com/company/integratesun,"Houston, Texas",Renewable Energy Power Generation,11-50 employees,Privately Held,TRUE,TRUE,FALSE,TRUE,18,6,0,4,2,2,0,32,C,medium,False,strong developer profile,"[biz] developer industry, some developer language, commercial/DG signals | [comm] commercial DG developer (adjacent community relevance) | [cap] developer language implies some financing need | [scale] developer implies some repeatability | [geo] US location (Houston, Texas) - moderate relevance",Developer-to-developer outreach; reference project pipeline and financing solutions,VP of Development; Director of Project Finance; CEO; CFO; Head of Capital Markets
280,iSolar,isolarusa.com,https://www.linkedin.com/company/isolarusa,"Denver, CO",Renewable Energy Semiconductor Manufacturing,51-200 employees,Privately Held,TRUE,TRUE,FALSE,TRUE,2,14,0,0,6,4,6,32,C,medium,False,community solar developer; meaningful scale,"[biz] no developer or commercial language | [comm] explicit community solar | [scale] scale/repeat signals in description, smaller company (51-200) | [geo] high-opportunity state (CO) | [strat] community/LMI focus implies mission alignment",Reference community solar portfolio; discuss subscriber model or shared access programs,Director of Community Solar; VP of Development; CEO; Director of Programs
298,KPost Company,kpostcompany.com,https://www.linkedin.com/company/kpost-roofing-&-waterproofing,"Dallas, Texas",Construction,201-500 employees,Privately Held,TRUE,TRUE,FALSE,TRUE,10,6,0,7,7,2,0,32,C,medium,False,developer signals present; meaningful scale,"[biz] installer/contractor industry, some developer language, commercial/DG signals | [comm] commercial DG developer (adjacent community relevance) | [cap] developer at scale implies financing needs | [scale] scale/repeat signals in description, mid company (201-500) | [geo] US location (Dallas, Texas) - moderate relevance",Low priority — verify fit before outreach,VP of Development; CEO; Director of Business Development; CFO
367,"NuWatt Energy, LLC",nuwattenergy.com,https://www.linkedin.com/company/nuwatt-energy-llc,"Woburn, Massachusetts",Renewable Energy Power Generation,11-50 employees,Privately Held,TRUE,TRUE,FALSE,TRUE,18,6,0,4,2,2,0,32,C,medium,False,strong developer profile,"[biz] developer industry, some developer language, commercial/DG signals | [comm] commercial DG developer (adjacent community relevance) | [cap] developer language implies some financing need | [scale] developer implies some repeatability | [geo] US location (Woburn, Massachusetts) - moderate relevance",Developer-to-developer outreach; reference project pipeline and financing solutions,VP of Development; Director of Project Finance; CEO; CFO; Head of Capital Markets
402,Prospect Solar,prospectsolar.com,https://www.linkedin.com/company/prospect-solar,"Sterling, Virginia",Renewable Energy Semiconductor Manufacturing,11-50 employees,Privately Held,TRUE,TRUE,FALSE,TRUE,18,6,0,4,2,2,0,32,C,medium,False,strong developer profile,"[biz] strong developer language, commercial/DG signals | [comm] commercial DG developer (adjacent community relevance) | [cap] developer language implies some financing need | [scale] developer implies some repeatability | [geo] US location (Sterling, Virginia) - moderate relevance",Developer-to-developer outreach; reference project pipeline and financing solutions,VP of Development; Director of Project Finance; CEO; CFO; Head of Capital Markets
136,Earthlight Technologies,earthlighttech.com,https://www.linkedin.com/company/earthlight-technologies,"Ellington, Connecticut",Renewables & Environment,51-200 employees,Self Owned,TRUE,TRUE,FALSE,TRUE,10,6,0,7,6,2,0,31,C,medium,False,developer signals present; meaningful scale,"[biz] some developer language, commercial/DG signals, self-employed/owned type | [comm] commercial DG developer (adjacent community relevance) | [cap] developer at scale implies financing needs | [scale] scale/repeat signals in description, smaller company (51-200) | [geo] US location (Ellington, Connecticut) - moderate relevance",Low priority — verify fit before outreach,VP of Development; CEO; Director of Business Development; CFO
139,"East Coast Renewable Energy, LLC",ecrenewable.com,https://www.linkedin.com/company/east-coast-renewable-energy-llc,"Massachusetts, MA",Solar Electric Power Generation,11-50 employees,Privately Held,TRUE,TRUE,FALSE,TRUE,7,14,0,0,0,4,6,31,C,medium,False,community solar developer,"[biz] developer industry, no developer or commercial language | [comm] explicit community solar | [geo] high-opportunity state (MA) | [strat] community/LMI focus implies mission alignment",Reference community solar portfolio; discuss subscriber model or shared access programs,Director of Community Solar; VP of Development; CEO; Director of Programs
435,"ReWild Renewables, LLC",rewildrenewables.com,https://www.linkedin.com/company/rewild-renewables-llc,"Portsmouth, New Hampshire",Renewable Energy Semiconductor Manufacturing,2-10 employees,Privately Held,TRUE,TRUE,FALSE,TRUE,13,6,0,7,3,2,0,31,C,medium,False,developer signals present,"[biz] some developer language, commercial/DG signals | [comm] commercial DG developer (adjacent community relevance) | [cap] developer at scale implies financing needs | [scale] scale/repeat signals in description, very small scale penalty | [geo] US location (Portsmouth, New Hampshire) - moderate relevance",Low priority — verify fit before outreach,VP of Development; CEO; Director of Business Development; CFO
440,Robco Electric,robcoelectriclv.com,https://www.linkedin.com/company/robco-electriclv,"Las Vegas, NV",Construction,51-200 employees,Privately Held,TRUE,TRUE,FALSE,TRUE,10,6,0,7,6,2,0,31,C,medium,False,developer signals present; meaningful scale,"[biz] installer/contractor industry, some developer language, commercial/DG signals | [comm] commercial DG developer (adjacent community relevance) | [cap] developer at scale implies financing needs | [scale] scale/repeat signals in description, smaller company (51-200) | [geo] US location (Las Vegas, NV) - moderate relevance",Low priority — verify fit before outreach,VP of Development; CEO; Director of Business Development; CFO
132,DVM Industries,dvmindustries.us,https://www.linkedin.com/company/dvm-industries,"Long Island City, New York",Facilities Services,11-50 employees,Partnership,TRUE,TRUE,FALSE,TRUE,10,6,0,7,5,2,0,30,C,medium,False,developer signals present,"[biz] installer/contractor industry, some developer language, commercial/DG signals | [comm] commercial DG developer (adjacent community relevance) | [cap] developer at scale implies financing needs | [scale] scale/repeat signals in description | [geo] US location (Long Island City, New York) - moderate relevance",Low priority — verify fit before outreach,VP of Development; CEO; Director of Business Development; CFO
253,Holtec International,holtecinternational.com,https://www.linkedin.com/company/holtec-international,"Jupiter, Florida",Engineering Services,"501-1,000 employees",Privately Held,TRUE,TRUE,FALSE,TRUE,13,6,0,4,5,2,0,30,C,medium,False,developer signals present,"[biz] some developer language, commercial/DG signals | [comm] commercial DG developer (adjacent community relevance) | [cap] developer language implies some financing need | [scale] developer implies some repeatability, mid-large company (501-1000) | [geo] US location (Jupiter, Florida) - moderate relevance",Low priority — verify fit before outreach,VP of Development; CEO; Director of Business Development; CFO
257,Horizontal Land Partners,horizontallandpartners.com,https://www.linkedin.com/company/horizontal-land-partners,"Miami, Florida",Venture Capital and Private Equity Principals,2-10 employees,Privately Held,TRUE,TRUE,FALSE,TRUE,15,0,0,13,0,2,0,30,C,medium,True,financing relevance; strong developer profile,"[biz] strong developer language | [cap] explicit financing language (2+ signals) | [scale] developer implies some repeatability, very small scale penalty | [geo] US location (Miami, Florida) - moderate relevance",Open with project finance or capital stack conversation; reference growth pipeline,VP of Development; Director of Project Finance; CEO; CFO; Head of Capital Markets
29,"Alternative Energy Development, Corp. (AED)",us.com,https://www.linkedin.com/company/alternative-energy-development-corp-aed-,"Fort Lee, NJ",Construction,"501-1,000 employees",Privately Held,TRUE,TRUE,FALSE,TRUE,10,6,0,4,5,4,0,29,C,medium,True,developer signals present,"[biz] installer/contractor industry, some developer language, commercial/DG signals | [comm] commercial DG developer (adjacent community relevance) | [cap] developer language implies some financing need | [scale] developer implies some repeatability, mid-large company (501-1000) | [geo] high-opportunity state (NJ)",Low priority — verify fit before outreach,VP of Development; CEO; Director of Business Development; CFO
92,Carbon Solutions Group,carbonsolutionsgroup.com,https://www.linkedin.com/company/carbon-solutions-group,"Chicago, IL",Renewable Energy Semiconductor Manufacturing,11-50 employees,Privately Held,TRUE,TRUE,FALSE,TRUE,13,6,0,4,2,4,0,29,C,medium,False,developer signals present,"[biz] some developer language, commercial/DG signals | [comm] commercial DG developer (adjacent community relevance) | [cap] developer language implies some financing need | [scale] developer implies some repeatability | [geo] high-opportunity state (IL)",Low priority — verify fit before outreach,VP of Development; CEO; Director of Business Development; CFO
237,Greenwood Sustainable Infrastructure,greenwoodinfra.com,https://www.linkedin.com/company/greenwoodinfra,"New York, NY",Renewable Energy Semiconductor Manufacturing,11-50 employees,Privately Held,TRUE,TRUE,FALSE,TRUE,13,6,0,4,2,4,0,29,C,medium,False,developer signals present,"[biz] some developer language, commercial/DG signals | [comm] commercial DG developer (adjacent community relevance) | [cap] developer language implies some financing need | [scale] developer implies some repeatability | [geo] high-opportunity state (NY)",Low priority — verify fit before outreach,VP of Development; CEO; Director of Business Development; CFO
397,Powersmith Solar,powersmithsolar.com,https://www.linkedin.com/company/powersmithsolar,"Temecula, CA",Solar Electric Power Generation,11-50 employees,Self Owned,TRUE,TRUE,FALSE,TRUE,10,3,6,0,0,4,6,29,C,medium,False,developer signals present,"[biz] developer industry, commercial/DG signals, self-employed/owned type | [comm] commercial solar signals | [lmi] LMI/equity language (1 signal) | [geo] high-opportunity state (CA) | [strat] community/LMI focus implies mission alignment",Low priority — verify fit before outreach,VP of Development; CEO; Director of Business Development; CFO
407,PV Squared Solar,pvsquared.coop,https://www.linkedin.com/company/pvsquared,"Greenfield, MA",Services for Renewable Energy,11-50 employees,Privately Held,TRUE,TRUE,FALSE,TRUE,13,6,0,4,2,4,0,29,C,medium,False,developer signals present,"[biz] some developer language, commercial/DG signals | [comm] commercial DG developer (adjacent community relevance) | [cap] developer language implies some financing need | [scale] developer implies some repeatability | [geo] high-opportunity state (MA)",Low priority — verify fit before outreach,VP of Development; CEO; Director of Business Development; CFO
427,Reno Solar,reno.solar,https://www.linkedin.com/company/reno-solar,"Reno, Nevada",Solar Electric Power Generation,11-50 employees,Privately Held,TRUE,TRUE,FALSE,TRUE,13,3,0,3,5,5,0,29,C,medium,False,developer signals present,"[biz] developer industry, commercial/DG signals | [comm] commercial solar signals | [cap] commercial at scale (weak financing relevance) | [scale] scale/repeat signals in description | [geo] multi-state/national footprint | [strat] generic or minimal mission language",Low priority — verify fit before outreach,VP of Development; CEO; Director of Business Development; CFO
458,Secure Solar Futures,securesolarfutures.com,https://www.linkedin.com/company/secure-solar-futures,"Staunton, VA",Renewable Energy Semiconductor Manufacturing,11-50 employees,Partnership,TRUE,TRUE,FALSE,TRUE,13,6,0,4,2,4,0,29,C,medium,False,developer signals present,"[biz] some developer language, commercial/DG signals | [comm] commercial DG developer (adjacent community relevance) | [cap] developer language implies some financing need | [scale] developer implies some repeatability | [geo] high-opportunity state (VA)",Low priority — verify fit before outreach,VP of Development; CEO; Director of Business Development; CFO
493,Solar Forward,solarforward.com,https://www.linkedin.com/company/solar-forward,"Santa Monica, CA",Renewable Energy Semiconductor Manufacturing,11-50 employees,Privately Held,TRUE,TRUE,FALSE,TRUE,13,6,0,4,2,4,0,29,C,medium,False,developer signals present,"[biz] some developer language, commercial/DG signals | [comm] commercial DG developer (adjacent community relevance) | [cap] developer language implies some financing need | [scale] developer implies some repeatability | [geo] high-opportunity state (CA)",Low priority — verify fit before outreach,VP of Development; CEO; Director of Business Development; CFO
552,Summit Energy,wesummit.com,https://www.linkedin.com/company/summit-energy-group,"Mansfield, Massachusetts",Environmental Services,201-500 employees,Privately Held,TRUE,TRUE,FALSE,TRUE,13,6,0,4,4,2,0,29,C,medium,False,developer signals present,"[biz] some developer language, commercial/DG signals | [comm] commercial DG developer (adjacent community relevance) | [cap] developer language implies some financing need | [scale] developer implies some repeatability, mid company (201-500) | [geo] US location (Mansfield, Massachusetts) - moderate relevance",Low priority — verify fit before outreach,VP of Development; CEO; Director of Business Development; CFO
43,Atutu,atutu.org,https://www.linkedin.com/company/atutu,"San Francisco, California",Non-profit Organizations,11-50 employees,Non Profit,TRUE,TRUE,FALSE,TRUE,10,0,3,4,2,2,7,28,C,medium,False,developer signals present; mission alignment,"[biz] some developer language | [lmi] mission/affordability language (no explicit LMI) | [cap] developer language implies some financing need | [scale] developer implies some repeatability | [geo] US location (San Francisco, California) - moderate relevance | [strat] some mission language, nonprofit org type",Low priority — verify fit before outreach,VP of Development; CEO; Director of Business Development; CFO
242,Hannah Solar,hannahsolar.com,https://www.linkedin.com/company/hannah-solar-llc,"Atlanta, Georgia",Renewable Energy Semiconductor Manufacturing,51-200 employees,Privately Held,TRUE,TRUE,FALSE,TRUE,13,6,0,4,3,2,0,28,C,medium,False,developer signals present,"[biz] some developer language, commercial/DG signals | [comm] commercial DG developer (adjacent community relevance) | [cap] developer language implies some financing need | [scale] developer implies some repeatability, smaller company (51-200) | [geo] US location (Atlanta, Georgia) - moderate relevance",Low priority — verify fit before outreach,VP of Development; CEO; Director of Business Development; CFO
352,NC Clean Energy Fund,nccleanenergyfund.com,https://www.linkedin.com/company/nc-clean-energy-fund,"Raleigh, NC",Financial Services,2-10 employees,Non Profit,TRUE,TRUE,FALSE,TRUE,2,0,6,9,0,2,9,28,C,medium,True,financing relevance; mission alignment,"[biz] no developer or commercial language | [lmi] LMI/equity language (1 signal) | [cap] financing language mentioned | [scale] very small scale penalty | [geo] US location (Raleigh, NC) - moderate relevance | [strat] mission alignment (2 signals), nonprofit org type",Open with project finance or capital stack conversation; reference growth pipeline,CEO; Founder; Director of Business Development
78,BriteStreet Solar,britestreet.com,https://www.linkedin.com/company/britestreet-solar,"Centennial, Colorado",Solar Electric Power Generation,51-200 employees,Privately Held,TRUE,TRUE,FALSE,TRUE,13,3,0,3,6,2,0,27,C,medium,False,developer signals present; meaningful scale,"[biz] developer industry, commercial/DG signals | [comm] commercial solar signals | [cap] commercial at scale (weak financing relevance) | [scale] scale/repeat signals in description, smaller company (51-200) | [geo] US location (Centennial, Colorado) - moderate relevance | [strat] generic or minimal mission language",Low priority — verify fit before outreach,VP of Development; CEO; Director of Business Development; CFO
121,Couillard Solar Foundation,couillardsolarfoundation.org,https://www.linkedin.com/company/couillard-solar-foundation,"Deerfield, WI",Non-profit Organizations,Self-employed,Non Profit,TRUE,TRUE,FALSE,TRUE,13,6,0,4,0,2,2,27,C,medium,True,developer signals present,"[biz] some developer language, commercial/DG signals | [comm] commercial DG developer (adjacent community relevance) | [cap] developer language implies some financing need | [scale] developer implies some repeatability, very small scale penalty | [geo] US location (Deerfield, WI) - moderate relevance | [strat] nonprofit org type",Low priority — verify fit before outreach,VP of Development; CEO; Director of Business Development; CFO
155,Elemental Energy,elementalenergy.net,https://www.linkedin.com/company/elemental-energy-llc,"Portland, Oregon",Solar Electric Power Generation,51-200 employees,Privately Held,TRUE,TRUE,FALSE,TRUE,13,3,3,0,1,2,5,27,C,medium,False,developer signals present,"[biz] developer industry, commercial/DG signals | [comm] commercial solar signals | [lmi] mission/affordability language (no explicit LMI) | [scale] smaller company (51-200) | [geo] US location (Portland, Oregon) - moderate relevance | [strat] some mission language",Low priority — verify fit before outreach,VP of Development; CEO; Director of Business Development; CFO
228,Green Wave Solar,greenwavesolar.com,https://www.linkedin.com/company/ljc-holdings-llc,"Murfreesboro, Tennessee",Renewables & Environment,11-50 employees,Privately Held,TRUE,TRUE,FALSE,TRUE,13,6,0,4,2,2,0,27,C,medium,False,developer signals present,"[biz] some developer language, commercial/DG signals | [comm] commercial DG developer (adjacent community relevance) | [cap] developer language implies some financing need | [scale] developer implies some repeatability | [geo] US location (Murfreesboro, Tennessee) - moderate relevance",Low priority — verify fit before outreach,VP of Development; CEO; Director of Business Development; CFO
248,Helio Solar Power,heliosolarpower.com,https://www.linkedin.com/company/helio-solar-power,"Saint Charles, Missouri",Solar Electric Power Generation,51-200 employees,Privately Held,TRUE,TRUE,FALSE,TRUE,13,3,3,0,1,2,5,27,C,medium,False,developer signals present,"[biz] developer industry, commercial/DG signals | [comm] commercial solar signals | [lmi] mission/affordability language (no explicit LMI) | [scale] smaller company (51-200) | [geo] US location (Saint Charles, Missouri) - moderate relevance | [strat] some mission language",Low priority — verify fit before outreach,VP of Development; CEO; Director of Business Development; CFO
326,"McClure Engineering, Inc.",mcclureengineers.com,https://www.linkedin.com/company/mcclure-engineering-inc,"Charlton, Massachusetts",Civil Engineering,11-50 employees,Privately Held,TRUE,TRUE,FALSE,TRUE,13,6,0,4,2,2,0,27,C,medium,False,developer signals present,"[biz] some developer language, commercial/DG signals | [comm] commercial DG developer (adjacent community relevance) | [cap] developer language implies some financing need | [scale] developer implies some repeatability | [geo] US location (Charlton, Massachusetts) - moderate relevance",Low priority — verify fit before outreach,VP of Development; CEO; Director of Business Development; CFO
338,Morpho Energy,morphoenergy.com,https://www.linkedin.com/company/morphoenergy,"El Segundo, California",Renewable Energy Semiconductor Manufacturing,11-50 employees,Privately Held,TRUE,TRUE,FALSE,TRUE,13,6,0,4,2,2,0,27,C,medium,False,developer signals present,"[biz] some developer language, commercial/DG signals | [comm] commercial DG developer (adjacent community relevance) | [cap] developer language implies some financing need | [scale] developer implies some repeatability | [geo] US location (El Segundo, California) - moderate relevance",Low priority — verify fit before outreach,VP of Development; CEO; Director of Business Development; CFO
379,"Orbit Energy & Power, LLC",orbitenergy.us,https://www.linkedin.com/company/orbit-energy-power,"Sewell, New Jersey",Renewable Energy Semiconductor Manufacturing,11-50 employees,Privately Held,TRUE,TRUE,FALSE,TRUE,13,6,0,4,2,2,0,27,C,medium,False,developer signals present,"[biz] some developer language, commercial/DG signals | [comm] commercial DG developer (adjacent community relevance) | [cap] developer language implies some financing need | [scale] developer implies some repeatability | [geo] US location (Sewell, New Jersey) - moderate relevance",Low priority — verify fit before outreach,VP of Development; CEO; Director of Business Development; CFO
405,PTM Solar,ptmsolar.com,https://www.linkedin.com/company/ptm-solar,"East Syracuse, New York",Business Consulting and Services,51-200 employees,Privately Held,TRUE,TRUE,FALSE,TRUE,2,14,3,0,1,2,5,27,C,medium,False,community solar developer,"[biz] no developer or commercial language | [comm] explicit community solar | [lmi] mission/affordability language (no explicit LMI) | [scale] smaller company (51-200) | [geo] US location (East Syracuse, New York) - moderate relevance | [strat] some mission language",Reference community solar portfolio; discuss subscriber model or shared access programs,Director of Community Solar; VP of Development; CEO; Director of Programs
411,Rack Solar,racksolar.com,https://www.linkedin.com/company/rack-solar,"Boca Raton, Florida",Solar Electric Power Generation,51-200 employees,Privately Held,TRUE,TRUE,FALSE,TRUE,13,3,0,3,6,2,0,27,C,medium,False,developer signals present; meaningful scale,"[biz] developer industry, commercial/DG signals | [comm] commercial solar signals | [cap] commercial at scale (weak financing relevance) | [scale] scale/repeat signals in description, smaller company (51-200) | [geo] US location (Boca Raton, Florida) - moderate relevance | [strat] generic or minimal mission language",Low priority — verify fit before outreach,VP of Development; CEO; Director of Business Development; CFO
467,Sigenergy North America,sigenergy.com,https://www.linkedin.com/company/sigenergynorthamerica,"Los Angeles, California",Renewable Energy Semiconductor Manufacturing,"1,001-5,000 employees",Privately Held,TRUE,TRUE,FALSE,TRUE,10,0,0,7,8,2,0,27,C,medium,False,developer signals present; meaningful scale,"[biz] some developer language | [cap] developer at scale implies financing needs | [scale] scale/repeat signals in description, mid-large company (501-1000) | [geo] US location (Los Angeles, California) - moderate relevance",Low priority — verify fit before outreach,VP of Development; CEO; Director of Business Development; CFO
565,Sundog Solar,sundog.solar,https://www.linkedin.com/company/sundog-solar-llc,"Searsport, Maine",Renewable Energy Semiconductor Manufacturing,11-50 employees,Privately Held,TRUE,TRUE,FALSE,TRUE,13,6,0,4,2,2,0,27,C,medium,False,developer signals present,"[biz] some developer language, commercial/DG signals | [comm] commercial DG developer (adjacent community relevance) | [cap] developer language implies some financing need | [scale] developer implies some repeatability | [geo] US location (Searsport, Maine) - moderate relevance",Low priority — verify fit before outreach,VP of Development; CEO; Director of Business Development; CFO
590,SunWatt Solar,sunwatt.solar,https://www.linkedin.com/company/sunwatt-solar,"Pawtucket, Rhode Island",Renewables & Environment,11-50 employees,Privately Held,TRUE,TRUE,FALSE,TRUE,13,6,0,4,2,2,0,27,C,medium,False,developer signals present,"[biz] some developer language, commercial/DG signals | [comm] commercial DG developer (adjacent community relevance) | [cap] developer language implies some financing need | [scale] developer implies some repeatability | [geo] US location (Pawtucket, Rhode Island) - moderate relevance",Low priority — verify fit before outreach,VP of Development; CEO; Director of Business Development; CFO
635,Utilities One Group,utilitiesone.com,https://www.linkedin.com/company/utilitiesone,"Voorhees, New Jersey",Utilities,"1,001-5,000 employees",Privately Held,TRUE,TRUE,FALSE,TRUE,10,0,0,7,8,2,0,27,C,medium,False,developer signals present; meaningful scale,"[biz] some developer language | [cap] developer at scale implies financing needs | [scale] scale/repeat signals in description, mid-large company (501-1000) | [geo] US location (Voorhees, New Jersey) - moderate relevance",Low priority — verify fit before outreach,VP of Development; CEO; Director of Business Development; CFO
190,Flywheel Development LLC,flywheeldevelopment.com,https://www.linkedin.com/company/flywheeldevelopment,Washington,Solar Electric Power Generation,2-10 employees,Privately Held,TRUE,TRUE,FALSE,TRUE,20,0,0,4,0,2,0,26,C,medium,True,strong developer profile,"[biz] developer industry, strong developer language | [cap] developer language implies some financing need | [scale] developer implies some repeatability, very small scale penalty | [geo] US location (Washington) - moderate relevance",Developer-to-developer outreach; reference project pipeline and financing solutions,VP of Development; Director of Project Finance; CEO; CFO; Head of Capital Markets
191,Flywheel Renewables,flywheeldevelopment.com,https://www.linkedin.com/company/flywheelrenewables,Washington,Solar Electric Power Generation,2-10 employees,Privately Held,TRUE,TRUE,FALSE,TRUE,20,0,0,4,0,2,0,26,C,medium,True,strong developer profile,"[biz] developer industry, strong developer language | [cap] developer language implies some financing need | [scale] developer implies some repeatability, very small scale penalty | [geo] US location (Washington) - moderate relevance",Developer-to-developer outreach; reference project pipeline and financing solutions,VP of Development; Director of Project Finance; CEO; CFO; Head of Capital Markets
342,MSL Group Inc.,mslgroupinc.com,https://www.linkedin.com/company/msl-group-inc.,"Manchester, Connecticut",Renewable Energy Power Generation,2-10 employees,Privately Held,TRUE,TRUE,FALSE,TRUE,20,0,0,4,0,2,0,26,C,medium,True,strong developer profile,"[biz] developer industry, strong developer language | [cap] developer language implies some financing need | [scale] developer implies some repeatability, very small scale penalty | [geo] US location (Manchester, Connecticut) - moderate relevance",Developer-to-developer outreach; reference project pipeline and financing solutions,VP of Development; Director of Project Finance; CEO; CFO; Head of Capital Markets
355,NEC Solar,nec-solar.com,https://www.linkedin.com/company/nec-solar,"Portsmouth, Rhode Island",Solar Electric Power Generation,11-50 employees,Privately Held,TRUE,TRUE,FALSE,TRUE,13,3,0,3,5,2,0,26,C,medium,False,developer signals present,"[biz] developer industry, commercial/DG signals | [comm] commercial solar signals | [cap] commercial at scale (weak financing relevance) | [scale] scale/repeat signals in description | [geo] US location (Portsmouth, Rhode Island) - moderate relevance | [strat] generic or minimal mission language",Low priority — verify fit before outreach,VP of Development; CEO; Director of Business Development; CFO
356,Neeeco,neeeco.com,https://www.linkedin.com/company/neeeco-llc,"Wilmington, Massachusetts",Environmental Services,51-200 employees,Privately Held,TRUE,TRUE,FALSE,TRUE,8,3,6,0,1,2,6,26,C,medium,False,developer signals present,"[biz] commercial/DG signals | [comm] commercial solar signals | [lmi] LMI/equity language (1 signal) | [scale] smaller company (51-200) | [geo] US location (Wilmington, Massachusetts) - moderate relevance | [strat] community/LMI focus implies mission alignment",Low priority — verify fit before outreach,VP of Development; CEO; Director of Business Development; CFO
381,Ovanova,ovanova.co,https://www.linkedin.com/company/ovanova,Hillsborough,Solar Electric Power Generation,2-10 employees,Privately Held,TRUE,TRUE,FALSE,TRUE,13,3,3,0,0,2,5,26,C,medium,True,developer signals present,"[biz] developer industry, commercial/DG signals | [comm] commercial solar signals | [lmi] mission/affordability language (no explicit LMI) | [scale] very small scale penalty | [geo] US location (Hillsborough) - moderate relevance | [strat] some mission language",Low priority — verify fit before outreach,VP of Development; CEO; Director of Business Development; CFO
477,Skytech Solar-A SF Bay Area Solar Company,skytechsolar.com,https://www.linkedin.com/company/skytech-solar,"San Francisco, CA",Construction,11-50 employees,Privately Held,TRUE,TRUE,FALSE,TRUE,10,6,0,4,2,4,0,26,C,medium,False,developer signals present,"[biz] installer/contractor industry, some developer language, commercial/DG signals | [comm] commercial DG developer (adjacent community relevance) | [cap] developer language implies some financing need | [scale] developer implies some repeatability | [geo] high-opportunity state (CA)",Low priority — verify fit before outreach,VP of Development; CEO; Director of Business Development; CFO
478,Smarter Energy Services,smarterenergyservices.com,https://www.linkedin.com/company/smarter-energy-services,"Brooklyn, New York",Business Consulting and Services,11-50 employees,Privately Held,TRUE,TRUE,FALSE,TRUE,0,18,0,0,0,2,6,26,C,medium,True,community solar developer,"[biz] residential-only profile, no developer or commercial language | [comm] explicit community solar (multiple mentions) | [geo] US location (Brooklyn, New York) - moderate relevance | [strat] community/LMI focus implies mission alignment",Reference community solar portfolio; discuss subscriber model or shared access programs,Director of Community Solar; VP of Development; CEO; Director of Programs
494,Solar Gain,solargaininc.com,https://www.linkedin.com/company/solar-gain,"Tucson, Arizona",Renewable Energy Semiconductor Manufacturing,51-200 employees,Privately Held,TRUE,TRUE,FALSE,TRUE,8,3,6,0,1,2,6,26,C,medium,False,developer signals present,"[biz] commercial/DG signals | [comm] commercial solar signals | [lmi] LMI/equity language (1 signal) | [scale] smaller company (51-200) | [geo] US location (Tucson, Arizona) - moderate relevance | [strat] community/LMI focus implies mission alignment",Low priority — verify fit before outreach,VP of Development; CEO; Director of Business Development; CFO
582,Sunrise Solar,sunrisesolar-il.com,https://www.linkedin.com/company/sunrise-solar-il,"Willowbrook, Illinois",Solar Electric Power Generation,51-200 employees,Privately Held,TRUE,TRUE,FALSE,TRUE,7,0,10,0,1,2,6,26,C,medium,False,LMI/equity focus,"[biz] developer industry, no developer or commercial language | [lmi] LMI/equity language (2 signals) | [scale] smaller company (51-200) | [geo] US location (Willowbrook, Illinois) - moderate relevance | [strat] community/LMI focus implies mission alignment",Lead with energy equity and affordable access angle; ask about LMI project pipeline,CEO; Founder; Director of Business Development
93,Catamount Solar,catamountsolar.com,https://www.linkedin.com/company/catamount-solar,"Randolph, VT",Renewable Energy Semiconductor Manufacturing,11-50 employees,Partnership,TRUE,TRUE,FALSE,TRUE,8,3,6,0,0,2,6,25,C,medium,False,developer signals present,"[biz] commercial/DG signals | [comm] commercial solar signals | [lmi] LMI/equity language (1 signal) | [geo] US location (Randolph, VT) - moderate relevance | [strat] community/LMI focus implies mission alignment",Low priority — verify fit before outreach,VP of Development; CEO; Director of Business Development; CFO
122,"Countywide Mechanical Systems, LLC.",countywidems.com,https://www.linkedin.com/company/countywide-mechanical-systems,"El Cajon, California",Facilities Services,51-200 employees,Privately Held,TRUE,TRUE,FALSE,TRUE,10,6,0,4,3,2,0,25,C,medium,False,developer signals present,"[biz] installer/contractor industry, some developer language, commercial/DG signals | [comm] commercial DG developer (adjacent community relevance) | [cap] developer language implies some financing need | [scale] developer implies some repeatability, smaller company (51-200) | [geo] US location (El Cajon, California) - moderate relevance",Low priority — verify fit before outreach,VP of Development; CEO; Director of Business Development; CFO
264,ilumen Solar,ilumen-solar.com,https://www.linkedin.com/company/ilumensolar,"Lake Barrington, Illinois",Renewable Energy Semiconductor Manufacturing,2-10 employees,Privately Held,TRUE,TRUE,FALSE,TRUE,13,6,0,4,0,2,0,25,C,medium,True,developer signals present,"[biz] some developer language, commercial/DG signals | [comm] commercial DG developer (adjacent community relevance) | [cap] developer language implies some financing need | [scale] developer implies some repeatability, very small scale penalty | [geo] US location (Lake Barrington, Illinois) - moderate relevance",Low priority — verify fit before outreach,VP of Development; CEO; Director of Business Development; CFO
272,"Integrity Grading & Excavating, Inc.",integrityge.com,https://www.linkedin.com/company/integrity-grading-and-excavating-inc-,"Schofield, Wisconsin",Construction,51-200 employees,Privately Held,TRUE,TRUE,FALSE,TRUE,10,6,0,4,3,2,0,25,C,medium,False,developer signals present,"[biz] installer/contractor industry, some developer language, commercial/DG signals | [comm] commercial DG developer (adjacent community relevance) | [cap] developer language implies some financing need | [scale] developer implies some repeatability, smaller company (51-200) | [geo] US location (Schofield, Wisconsin) - moderate relevance",Low priority — verify fit before outreach,VP of Development; CEO; Director of Business Development; CFO
366,NRGTree LLC,nrgtree.com,https://www.linkedin.com/company/nrgtree,"Lowell, Massachusetts",Renewable Energy Semiconductor Manufacturing,2-10 employees,Privately Held,TRUE,TRUE,FALSE,TRUE,13,6,0,4,0,2,0,25,C,medium,True,developer signals present,"[biz] some developer language, commercial/DG signals | [comm] commercial DG developer (adjacent community relevance) | [cap] developer language implies some financing need | [scale] developer implies some repeatability, very small scale penalty | [geo] US location (Lowell, Massachusetts) - moderate relevance",Low priority — verify fit before outreach,VP of Development; CEO; Director of Business Development; CFO
373,Okovate Sustainable Energy,okovate.com,https://www.linkedin.com/company/okovate,"Washington, District of Columbia","Agriculture, Construction, Mining Machinery Manufacturing",2-10 employees,Privately Held,TRUE,TRUE,FALSE,TRUE,13,6,0,4,0,2,0,25,C,medium,True,developer signals present,"[biz] some developer language, commercial/DG signals | [comm] commercial DG developer (adjacent community relevance) | [cap] developer language implies some financing need | [scale] developer implies some repeatability, very small scale penalty | [geo] US location (Washington, District of Columbia) - moderate relevance",Low priority — verify fit before outreach,VP of Development; CEO; Director of Business Development; CFO
416,Redwood Energy,redwoodenergy.net,https://www.linkedin.com/company/redwood-energy,"Arcata, California",Research Services,11-50 employees,Privately Held,TRUE,TRUE,FALSE,TRUE,8,3,6,0,0,2,6,25,C,medium,False,developer signals present,"[biz] commercial/DG signals | [comm] commercial solar signals | [lmi] LMI/equity language (1 signal) | [geo] US location (Arcata, California) - moderate relevance | [strat] community/LMI focus implies mission alignment",Low priority — verify fit before outreach,VP of Development; CEO; Director of Business Development; CFO
469,Simple Power Solar,simplepowersolar.com,https://www.linkedin.com/company/simple-power-solar,"Reno, Nevada",Renewable Energy Semiconductor Manufacturing,11-50 employees,Privately Held,TRUE,TRUE,FALSE,TRUE,8,3,6,0,0,2,6,25,C,medium,False,developer signals present,"[biz] commercial/DG signals | [comm] commercial solar signals | [lmi] LMI/equity language (1 signal) | [geo] US location (Reno, Nevada) - moderate relevance | [strat] community/LMI focus implies mission alignment",Low priority — verify fit before outreach,VP of Development; CEO; Director of Business Development; CFO
488,SOLAR ELECTRIC SYSTEMS INC.,solarelectric.org,https://www.linkedin.com/company/solarelectricsystems,"WHITE PLAINS, NY",Construction,201-500 employees,Privately Held,TRUE,TRUE,FALSE,TRUE,7,0,0,7,7,4,0,25,C,medium,False,meaningful scale,"[biz] installer/contractor industry, some developer language | [cap] developer at scale implies financing needs | [scale] scale/repeat signals in description, mid company (201-500) | [geo] high-opportunity state (NY)",Low priority — verify fit before outreach,CEO; Founder; Director of Business Development
508,"Solar Side Up, LLC",solarsideup.com,https://www.linkedin.com/company/solar-side-up-llc,"Loveland, Colorado",Renewable Energy Semiconductor Manufacturing,2-10 employees,Privately Held,TRUE,TRUE,FALSE,TRUE,8,3,6,0,0,2,6,25,C,medium,True,developer signals present,"[biz] commercial/DG signals | [comm] commercial solar signals | [lmi] LMI/equity language (1 signal) | [scale] very small scale penalty | [geo] US location (Loveland, Colorado) - moderate relevance | [strat] community/LMI focus implies mission alignment",Low priority — verify fit before outreach,VP of Development; CEO; Director of Business Development; CFO
559,Sun Solar,ussunsolar.com,https://www.linkedin.com/company/sunsolar2012,"Springfield, Missouri",Renewable Energy Semiconductor Manufacturing,201-500 employees,Privately Held,TRUE,TRUE,FALSE,TRUE,0,0,14,0,2,2,7,25,C,medium,True,LMI/equity focus; mission alignment,"[biz] residential-only profile, no developer or commercial language | [lmi] strong LMI/equity language (3+ signals) | [scale] mid company (201-500) | [geo] US location (Springfield, Missouri) - moderate relevance | [strat] mission alignment (2 signals)",Lead with energy equity and affordable access angle; ask about LMI project pipeline,CEO; Founder; Director of Business Development
18,Agathon Solar,agathonsolar.com,https://www.linkedin.com/company/agathon-solar,"Spring Lake, Michigan",Solar Electric Power Generation,2-10 employees,Privately Held,TRUE,TRUE,FALSE,TRUE,13,3,0,3,3,2,0,24,C,medium,False,developer signals present,"[biz] developer industry, commercial/DG signals | [comm] commercial solar signals | [cap] commercial at scale (weak financing relevance) | [scale] scale/repeat signals in description, very small scale penalty | [geo] US location (Spring Lake, Michigan) - moderate relevance | [strat] generic or minimal mission language",Low priority — verify fit before outreach,VP of Development; CEO; Director of Business Development; CFO
30,"Alternative Energy Systems, Inc",savingenergyforlife.com,https://www.linkedin.com/company/alternative-energy-systems-inc,"Chico, CA",Utilities,51-200 employees,Privately Held,TRUE,TRUE,FALSE,TRUE,8,3,0,3,6,4,0,24,C,medium,False,developer signals present; meaningful scale,"[biz] commercial/DG signals | [comm] commercial solar signals | [cap] commercial at scale (weak financing relevance) | [scale] scale/repeat signals in description, smaller company (51-200) | [geo] high-opportunity state (CA) | [strat] generic or minimal mission language",Low priority — verify fit before outreach,VP of Development; CEO; Director of Business Development; CFO
49,Bandera Electric Cooperative,banderaelectric.com,https://www.linkedin.com/company/bandera-electric-cooperative,"Bandera, Texas",Utilities,51-200 employees,Non Profit,TRUE,TRUE,FALSE,TRUE,8,3,0,3,6,2,2,24,C,medium,False,developer signals present; meaningful scale,"[biz] commercial/DG signals | [comm] commercial solar signals | [cap] commercial at scale (weak financing relevance) | [scale] scale/repeat signals in description, smaller company (51-200) | [geo] US location (Bandera, Texas) - moderate relevance | [strat] nonprofit org type",Low priority — verify fit before outreach,VP of Development; CEO; Director of Business Development; CFO
67,BlueSky Utility - Powered by Nofar Energy,blueskyutility.com,https://www.linkedin.com/company/blue-sky-utility,"Novato, California",Renewable Energy Semiconductor Manufacturing,51-200 employees,Privately Held,TRUE,TRUE,FALSE,TRUE,15,0,0,4,3,2,0,24,C,medium,False,strong developer profile,"[biz] strong developer language | [cap] developer language implies some financing need | [scale] developer implies some repeatability, smaller company (51-200) | [geo] US location (Novato, California) - moderate relevance",Developer-to-developer outreach; reference project pipeline and financing solutions,VP of Development; Director of Project Finance; CEO; CFO; Head of Capital Markets
198,Fortune Energy,fortuneenergy.net,https://www.linkedin.com/company/fortune-energy,"Simi Valley, CA",Renewable Energy Semiconductor Manufacturing,51-200 employees,Privately Held,TRUE,TRUE,FALSE,TRUE,2,0,6,0,6,4,6,24,C,medium,False,meaningful scale,"[biz] no developer or commercial language | [lmi] LMI/equity language (1 signal) | [scale] scale/repeat signals in description, smaller company (51-200) | [geo] high-opportunity state (CA) | [strat] community/LMI focus implies mission alignment",Low priority — verify fit before outreach,CEO; Founder; Director of Business Development
240,Halco,halcoenergy.com,https://www.linkedin.com/company/halco,"Phelps, NY",Renewable Energy Semiconductor Manufacturing,51-200 employees,Privately Held,TRUE,TRUE,FALSE,TRUE,8,3,0,3,6,4,0,24,C,medium,False,developer signals present; meaningful scale,"[biz] commercial/DG signals | [comm] commercial solar signals | [cap] commercial at scale (weak financing relevance) | [scale] scale/repeat signals in description, smaller company (51-200) | [geo] high-opportunity state (NY) | [strat] generic or minimal mission language",Low priority — verify fit before outreach,VP of Development; CEO; Director of Business Development; CFO
335,Mirasol Solar,mirasolsolar.com,https://www.linkedin.com/company/mirasol-solar,"Sarasota, Florida",Renewable Energy Semiconductor Manufacturing,11-50 employees,Privately Held,TRUE,TRUE,FALSE,TRUE,8,3,6,0,0,2,5,24,C,medium,False,developer signals present,"[biz] commercial/DG signals | [comm] commercial solar signals | [lmi] LMI/equity language (1 signal) | [geo] US location (Sarasota, Florida) - moderate relevance | [strat] some mission language",Low priority — verify fit before outreach,VP of Development; CEO; Director of Business Development; CFO
354,NCi,northeastusa.com,https://www.linkedin.com/company/northeast-construction-inc-,"Richmond, Virginia",Construction,11-50 employees,Privately Held,TRUE,TRUE,FALSE,TRUE,10,6,0,4,2,2,0,24,C,medium,False,developer signals present,"[biz] installer/contractor industry, some developer language, commercial/DG signals | [comm] commercial DG developer (adjacent community relevance) | [cap] developer language implies some financing need | [scale] developer implies some repeatability | [geo] US location (Richmond, Virginia) - moderate relevance",Low priority — verify fit before outreach,VP of Development; CEO; Director of Business Development; CFO
395,Power,power.solar,https://www.linkedin.com/company/pwrsolar,"San Jose, CA",Services for Renewable Energy,51-200 employees,Privately Held,TRUE,TRUE,FALSE,TRUE,8,3,0,3,6,4,0,24,C,medium,False,developer signals present; meaningful scale,"[biz] commercial/DG signals | [comm] commercial solar signals | [cap] commercial at scale (weak financing relevance) | [scale] scale/repeat signals in description, smaller company (51-200) | [geo] high-opportunity state (CA) | [strat] generic or minimal mission language",Low priority — verify fit before outreach,VP of Development; CEO; Director of Business Development; CFO
453,Save On Solar Now,saveonsolarnow.com,https://www.linkedin.com/company/the-real-save-on-solar-now,"San Diego, California",Renewable Energy Power Generation,2-10 employees,Privately Held,TRUE,TRUE,FALSE,TRUE,13,3,0,3,3,2,0,24,C,medium,False,developer signals present,"[biz] developer industry, commercial/DG signals | [comm] commercial solar signals | [cap] commercial at scale (weak financing relevance) | [scale] scale/repeat signals in description, very small scale penalty | [geo] US location (San Diego, California) - moderate relevance | [strat] generic or minimal mission language",Low priority — verify fit before outreach,VP of Development; CEO; Director of Business Development; CFO
492,Solar Farms NY,solarfarmsny.com,https://www.linkedin.com/company/sf-ny,"Albany, New York",Renewable Energy Semiconductor Manufacturing,2-10 employees,Privately Held,TRUE,TRUE,FALSE,TRUE,2,14,0,0,0,2,6,24,C,medium,True,community solar developer,"[biz] no developer or commercial language | [comm] explicit community solar | [scale] very small scale penalty | [geo] US location (Albany, New York) - moderate relevance | [strat] community/LMI focus implies mission alignment",Reference community solar portfolio; discuss subscriber model or shared access programs,Director of Community Solar; VP of Development; CEO; Director of Programs
599,Sustainable You,sustainable-you.org,https://www.linkedin.com/company/sustainable-you,"Washington, DC",Environmental Services,51-200 employees,Privately Held,TRUE,TRUE,FALSE,TRUE,8,3,0,3,6,4,0,24,C,medium,False,developer signals present; meaningful scale,"[biz] commercial/DG signals | [comm] commercial solar signals | [cap] commercial at scale (weak financing relevance) | [scale] scale/repeat signals in description, smaller company (51-200) | [geo] high-opportunity state (DC) | [strat] generic or minimal mission language",Low priority — verify fit before outreach,VP of Development; CEO; Director of Business Development; CFO
20,"Ailey Solar Electric, Inc.",aileysolar.com,https://www.linkedin.com/company/ailey-solar-electric-inc-,"Chicago, IL",Solar Electric Power Generation,11-50 employees,Privately Held,TRUE,TRUE,FALSE,TRUE,7,0,6,0,0,4,6,23,C,medium,False,weak fit — likely installer or contractor,"[biz] developer industry, no developer or commercial language | [lmi] LMI/equity language (1 signal) | [geo] high-opportunity state (IL) | [strat] community/LMI focus implies mission alignment",Low priority — verify fit before outreach,CEO; Founder; Director of Business Development
270,Insight Distributed Energy LLC,insightdistributedenergy.com,https://www.linkedin.com/company/insight-distributed-energy-llc,"Sharon, MA",Services for Renewable Energy,2-10 employees,Privately Held,TRUE,TRUE,FALSE,TRUE,8,3,3,0,0,4,5,23,C,medium,True,developer signals present,[biz] commercial/DG signals | [comm] commercial solar signals | [lmi] mission/affordability language (no explicit LMI) | [scale] very small scale penalty | [geo] high-opportunity state (MA) | [strat] some mission language,Low priority — verify fit before outreach,VP of Development; CEO; Director of Business Development; CFO
290,Kamtech Solar,kamtechsolar.com,https://www.linkedin.com/company/kamtechsolarsolutions,"Inwood, NY",Renewable Energy Semiconductor Manufacturing,11-50 employees,Privately Held,TRUE,TRUE,FALSE,TRUE,8,3,0,3,5,4,0,23,C,medium,False,developer signals present,[biz] commercial/DG signals | [comm] commercial solar signals | [cap] commercial at scale (weak financing relevance) | [scale] scale/repeat signals in description | [geo] high-opportunity state (NY) | [strat] generic or minimal mission language,Low priority — verify fit before outreach,VP of Development; CEO; Director of Business Development; CFO
423,"Renewable Energy Partners, Inc. dba REP Solar",renewepi.com,https://www.linkedin.com/company/renewable-energy-partners-inc.-dba-rep-solar,"Corona, California",Solar Electric Power Generation,11-50 employees,Privately Held,TRUE,TRUE,FALSE,TRUE,15,0,0,4,2,2,0,23,C,medium,False,strong developer profile,"[biz] developer industry, some developer language | [cap] developer language implies some financing need | [scale] developer implies some repeatability | [geo] US location (Corona, California) - moderate relevance",Developer-to-developer outreach; reference project pipeline and financing solutions,VP of Development; Director of Project Finance; CEO; CFO; Head of Capital Markets
459,SELF (Solar and Energy Loan Fund),solarenergyloanfund.org,https://www.linkedin.com/company/self-loan-fund,"Fort Pierce, Florida",Non-profit Organizations,11-50 employees,Non Profit,TRUE,TRUE,FALSE,TRUE,2,0,10,0,0,2,9,23,C,medium,False,LMI/equity focus; mission alignment,"[biz] no developer or commercial language | [lmi] LMI/equity language (2 signals) | [geo] US location (Fort Pierce, Florida) - moderate relevance | [strat] mission alignment (2 signals), nonprofit org type",Lead with energy equity and affordable access angle; ask about LMI project pipeline,CEO; Founder; Director of Business Development
495,Solar Head of State,solarheadofstate.org,https://www.linkedin.com/company/solar-head-of-state,"Oakland, California",Renewable Energy Semiconductor Manufacturing,11-50 employees,Non Profit,TRUE,TRUE,FALSE,TRUE,8,3,0,3,5,2,2,23,C,medium,False,developer signals present,"[biz] commercial/DG signals | [comm] commercial solar signals | [cap] commercial at scale (weak financing relevance) | [scale] scale/repeat signals in description | [geo] US location (Oakland, California) - moderate relevance | [strat] nonprofit org type",Low priority — verify fit before outreach,VP of Development; CEO; Director of Business Development; CFO
663,Zara Construction Group,zaraconstructiongroup.com,https://www.linkedin.com/company/zara-construction-group,"Sacramento, California",Construction,201-500 employees,Privately Held,TRUE,TRUE,FALSE,TRUE,7,0,0,7,7,2,0,23,C,medium,False,meaningful scale,"[biz] installer/contractor industry, some developer language | [cap] developer at scale implies financing needs | [scale] scale/repeat signals in description, mid company (201-500) | [geo] US location (Sacramento, California) - moderate relevance",Low priority — verify fit before outreach,CEO; Founder; Director of Business Development
82,Bullet Energy Solutions,bullet-energy.com,https://www.linkedin.com/company/bullet-energy,"Austin, Texas",Services for Renewable Energy,51-200 employees,Privately Held,TRUE,TRUE,FALSE,TRUE,8,3,3,0,1,2,5,22,C,medium,False,developer signals present,"[biz] commercial/DG signals | [comm] commercial solar signals | [lmi] mission/affordability language (no explicit LMI) | [scale] smaller company (51-200) | [geo] US location (Austin, Texas) - moderate relevance | [strat] some mission language",Low priority — verify fit before outreach,VP of Development; CEO; Director of Business Development; CFO
90,Capital City Solar,capitalcitysolar.com,https://www.linkedin.com/company/capital-city-solar,"Roseville, CA",Environmental Services,11-50 employees,Privately Held,TRUE,TRUE,FALSE,TRUE,2,0,10,0,0,4,6,22,C,medium,False,LMI/equity focus,[biz] no developer or commercial language | [lmi] LMI/equity language (2 signals) | [geo] high-opportunity state (CA) | [strat] community/LMI focus implies mission alignment,Lead with energy equity and affordable access angle; ask about LMI project pipeline,CEO; Founder; Director of Business Development
106,CKR Solar,ckrsolar.com,https://www.linkedin.com/company/ckr-solar,"Land O Lakes , Florida",Solar Electric Power Generation,11-50 employees,Privately Held,TRUE,TRUE,FALSE,TRUE,7,0,3,0,5,2,5,22,C,medium,False,weak fit — likely installer or contractor,"[biz] developer industry, no developer or commercial language | [lmi] mission/affordability language (no explicit LMI) | [scale] scale/repeat signals in description | [geo] US location (Land O Lakes , Florida) - moderate relevance | [strat] some mission language",Low priority — verify fit before outreach,CEO; Founder; Director of Business Development
203,GAF Energy,gaf.energy,https://www.linkedin.com/company/gaf-energy,"San Jose, California",Renewable Energy Equipment Manufacturing,201-500 employees,Privately Held,TRUE,TRUE,FALSE,TRUE,6,0,0,7,7,2,0,22,C,medium,False,meaningful scale,"[biz] some developer language, roofing/HVAC signals | [cap] developer at scale implies financing needs | [scale] scale/repeat signals in description, mid company (201-500) | [geo] US location (San Jose, California) - moderate relevance",Low priority — verify fit before outreach,CEO; Founder; Director of Business Development
250,High Five Solar Permits | Expedited Permit Engineering,highfivepermits.com,https://www.linkedin.com/company/highfivesolar,"Chicago, Illinois",Services for Renewable Energy,51-200 employees,Privately Held,TRUE,TRUE,FALSE,TRUE,8,3,0,3,6,2,0,22,C,medium,False,developer signals present; meaningful scale,"[biz] commercial/DG signals | [comm] commercial solar signals | [cap] commercial at scale (weak financing relevance) | [scale] scale/repeat signals in description, smaller company (51-200) | [geo] US location (Chicago, Illinois) - moderate relevance | [strat] generic or minimal mission language",Low priority — verify fit before outreach,VP of Development; CEO; Director of Business Development; CFO
294,"Kingsbury Companies, LLC",kingsburyco.com,https://www.linkedin.com/company/kingsbury-companies-llc,"Middlesex, Vermont",Construction,51-200 employees,Privately Held,TRUE,TRUE,FALSE,TRUE,7,0,0,7,6,2,0,22,C,medium,False,meaningful scale,"[biz] installer/contractor industry, some developer language | [cap] developer at scale implies financing needs | [scale] scale/repeat signals in description, smaller company (51-200) | [geo] US location (Middlesex, Vermont) - moderate relevance",Low priority — verify fit before outreach,CEO; Founder; Director of Business Development
322,Maine Solar Solutions,mainesolarsolutions.com,https://www.linkedin.com/company/maine-solar-solutions,"Freeport, Maine",Solar Electric Power Generation,11-50 employees,Privately Held,TRUE,TRUE,FALSE,TRUE,7,0,3,0,5,2,5,22,C,medium,False,weak fit — likely installer or contractor,"[biz] developer industry, no developer or commercial language | [lmi] mission/affordability language (no explicit LMI) | [scale] scale/repeat signals in description | [geo] US location (Freeport, Maine) - moderate relevance | [strat] some mission language",Low priority — verify fit before outreach,CEO; Founder; Director of Business Development
336,Modern Energy,gomodernenergy.com,https://www.linkedin.com/company/modern-echo,"Dublin, Ohio",Renewable Energy Semiconductor Manufacturing,2-10 employees,Privately Held,TRUE,TRUE,FALSE,TRUE,10,0,0,7,3,2,0,22,C,medium,False,developer signals present,"[biz] some developer language | [cap] developer at scale implies financing needs | [scale] scale/repeat signals in description, very small scale penalty | [geo] US location (Dublin, Ohio) - moderate relevance",Low priority — verify fit before outreach,VP of Development; CEO; Director of Business Development; CFO
426,Renewable Thermal Collaborative,renewablethermal.org,https://www.linkedin.com/company/renewable-thermal-collaborative,"Arlington, Virginia",Industry Associations,2-10 employees,Partnership,TRUE,TRUE,FALSE,TRUE,8,3,0,9,0,2,0,22,C,medium,True,financing relevance; developer signals present,"[biz] commercial/DG signals | [comm] commercial solar signals | [cap] financing language mentioned | [scale] very small scale penalty | [geo] US location (Arlington, Virginia) - moderate relevance | [strat] generic or minimal mission language",Open with project finance or capital stack conversation; reference growth pipeline,VP of Development; CEO; Director of Business Development; CFO
433,Revolusun,revolusun.com,https://www.linkedin.com/company/revolusun-llc,"HONOLULU, Hawaii",Renewables & Environment,51-200 employees,Privately Held,TRUE,TRUE,FALSE,TRUE,8,3,0,3,6,2,0,22,C,medium,True,developer signals present; meaningful scale,"[biz] commercial/DG signals | [comm] commercial solar signals | [cap] commercial at scale (weak financing relevance) | [scale] scale/repeat signals in description, smaller company (51-200) | [geo] US location (HONOLULU, Hawaii) - moderate relevance | [strat] generic or minimal mission language",Low priority — verify fit before outreach,VP of Development; CEO; Director of Business Development; CFO
502,Solar Optimum,solaroptimum.com,https://www.linkedin.com/company/solar-optimum-inc,"Glendale, California",Services for Renewable Energy,51-200 employees,Privately Held,TRUE,TRUE,FALSE,TRUE,8,3,0,3,6,2,0,22,C,medium,False,developer signals present; meaningful scale,"[biz] commercial/DG signals | [comm] commercial solar signals | [cap] commercial at scale (weak financing relevance) | [scale] scale/repeat signals in description, smaller company (51-200) | [geo] US location (Glendale, California) - moderate relevance | [strat] generic or minimal mission language",Low priority — verify fit before outreach,VP of Development; CEO; Director of Business Development; CFO
629,Unico Properties LLC,unicoprop.com,https://www.linkedin.com/company/unicoprop,"Seattle, WA",Real Estate,201-500 employees,Privately Held,TRUE,TRUE,FALSE,TRUE,10,0,0,4,4,4,0,22,C,medium,False,developer signals present,"[biz] some developer language | [cap] developer language implies some financing need | [scale] developer implies some repeatability, mid company (201-500) | [geo] high-opportunity state (WA)",Low priority — verify fit before outreach,VP of Development; CEO; Director of Business Development; CFO
633,Urbanstrong,urbanstrong.com,https://www.linkedin.com/company/urbanstrong-llc,"Brooklyn, New York",Environmental Services,2-10 employees,Privately Held,TRUE,TRUE,FALSE,TRUE,10,0,0,7,3,2,0,22,C,medium,False,developer signals present,"[biz] some developer language | [cap] developer at scale implies financing needs | [scale] scale/repeat signals in description, very small scale penalty | [geo] US location (Brooklyn, New York) - moderate relevance",Low priority — verify fit before outreach,VP of Development; CEO; Director of Business Development; CFO
25,"AllEarth Renewables, Inc.",allearthrenewables.com,https://www.linkedin.com/company/allearth-renewables,"Williston, VT",Renewable Energy Equipment Manufacturing,11-50 employees,Privately Held,TRUE,TRUE,FALSE,TRUE,8,3,0,3,5,2,0,21,C,medium,False,developer signals present,"[biz] commercial/DG signals | [comm] commercial solar signals | [cap] commercial at scale (weak financing relevance) | [scale] scale/repeat signals in description | [geo] US location (Williston, VT) - moderate relevance | [strat] generic or minimal mission language",Low priority — verify fit before outreach,VP of Development; CEO; Director of Business Development; CFO
41,"At Home Apartments, LLC",athomeapartments.com,https://www.linkedin.com/company/-home-apartments,"St. Paul, MN",Real Estate,51-200 employees,Partnership,TRUE,TRUE,FALSE,TRUE,10,0,0,4,3,4,0,21,C,medium,False,developer signals present,"[biz] some developer language | [cap] developer language implies some financing need | [scale] developer implies some repeatability, smaller company (51-200) | [geo] high-opportunity state (MN)",Low priority — verify fit before outreach,VP of Development; CEO; Director of Business Development; CFO
50,Barefoot College International,barefootcollege.org,https://www.linkedin.com/company/barefoot-college-international,"Miami, Florida",Non-profit Organizations,51-200 employees,Non Profit,TRUE,TRUE,FALSE,TRUE,10,0,0,4,3,2,2,21,C,medium,False,developer signals present,"[biz] some developer language | [cap] developer language implies some financing need | [scale] developer implies some repeatability, smaller company (51-200) | [geo] US location (Miami, Florida) - moderate relevance | [strat] nonprofit org type",Low priority — verify fit before outreach,VP of Development; CEO; Director of Business Development; CFO
58,Bishop Ranch,bishopranch.com,https://www.linkedin.com/company/bishop-ranch-by-sunset-development-company,"San Ramon, CA",Real Estate,51-200 employees,Privately Held,TRUE,TRUE,FALSE,TRUE,10,0,0,4,3,4,0,21,C,medium,False,developer signals present,"[biz] some developer language | [cap] developer language implies some financing need | [scale] developer implies some repeatability, smaller company (51-200) | [geo] high-opportunity state (CA)",Low priority — verify fit before outreach,VP of Development; CEO; Director of Business Development; CFO
85,BVI Solar,bvisolar.com,https://www.linkedin.com/company/bvisolar,"San Diego, California",Services for Renewable Energy,11-50 employees,Privately Held,TRUE,TRUE,FALSE,TRUE,8,3,0,3,5,2,0,21,C,medium,False,developer signals present,"[biz] commercial/DG signals | [comm] commercial solar signals | [cap] commercial at scale (weak financing relevance) | [scale] scale/repeat signals in description | [geo] US location (San Diego, California) - moderate relevance | [strat] generic or minimal mission language",Low priority — verify fit before outreach,VP of Development; CEO; Director of Business Development; CFO
116,Cool Earth Solar,coolearthsolar.com,https://www.linkedin.com/company/cool-earth-solar,"Stockton, California",Renewables & Environment,11-50 employees,Privately Held,TRUE,TRUE,FALSE,TRUE,8,3,0,3,5,2,0,21,C,medium,False,developer signals present,"[biz] commercial/DG signals | [comm] commercial solar signals | [cap] commercial at scale (weak financing relevance) | [scale] scale/repeat signals in description | [geo] US location (Stockton, California) - moderate relevance | [strat] generic or minimal mission language",Low priority — verify fit before outreach,VP of Development; CEO; Director of Business Development; CFO
148,EcoSmart Solution,ecosmartsolution.com,https://www.linkedin.com/company/ecosmart-solution,"Manor, Texas",Environmental Services,11-50 employees,Privately Held,TRUE,TRUE,FALSE,TRUE,8,3,0,3,5,2,0,21,C,medium,False,developer signals present,"[biz] commercial/DG signals | [comm] commercial solar signals | [cap] commercial at scale (weak financing relevance) | [scale] scale/repeat signals in description | [geo] US location (Manor, Texas) - moderate relevance | [strat] generic or minimal mission language",Low priority — verify fit before outreach,VP of Development; CEO; Director of Business Development; CFO
165,Energy Independent Solutions,eissolar.com,https://www.linkedin.com/company/energy-independent-solutions,"Pittsburgh, Pennsylvania",Renewable Energy Semiconductor Manufacturing,11-50 employees,Privately Held,TRUE,TRUE,FALSE,TRUE,8,3,0,3,5,2,0,21,C,medium,False,developer signals present,"[biz] commercial/DG signals | [comm] commercial solar signals | [cap] commercial at scale (weak financing relevance) | [scale] scale/repeat signals in description | [geo] US location (Pittsburgh, Pennsylvania) - moderate relevance | [strat] generic or minimal mission language",Low priority — verify fit before outreach,VP of Development; CEO; Director of Business Development; CFO
252,Hoffman Weber Construction,hwconstruction.com,https://www.linkedin.com/company/hoffmanweberconstruction,"Minneapolis, MN",Construction,51-200 employees,Privately Held,TRUE,TRUE,FALSE,TRUE,5,3,0,3,6,4,0,21,C,medium,False,meaningful scale,"[biz] installer/contractor industry, commercial/DG signals | [comm] commercial solar signals | [cap] commercial at scale (weak financing relevance) | [scale] scale/repeat signals in description, smaller company (51-200) | [geo] high-opportunity state (MN) | [strat] generic or minimal mission language",Low priority — verify fit before outreach,CEO; Founder; Director of Business Development
256,Honeydew Energy Advisors,honeydewadvisors.com,https://www.linkedin.com/company/honeydew-energy-advisors,"Silver Spring, MD",Services for Renewable Energy,2-10 employees,Partnership,TRUE,TRUE,FALSE,TRUE,8,3,0,3,3,4,0,21,C,medium,False,developer signals present,"[biz] commercial/DG signals | [comm] commercial solar signals | [cap] commercial at scale (weak financing relevance) | [scale] scale/repeat signals in description, very small scale penalty | [geo] high-opportunity state (MD) | [strat] generic or minimal mission language",Low priority — verify fit before outreach,VP of Development; CEO; Director of Business Development; CFO
262,Icon Solar,iconsolar.com,https://www.linkedin.com/company/icon-solar,"Milford, OH",Renewables & Environment,11-50 employees,Partnership,TRUE,TRUE,FALSE,TRUE,8,3,0,3,5,2,0,21,C,medium,False,developer signals present,"[biz] commercial/DG signals | [comm] commercial solar signals | [cap] commercial at scale (weak financing relevance) | [scale] scale/repeat signals in description | [geo] US location (Milford, OH) - moderate relevance | [strat] generic or minimal mission language",Low priority — verify fit before outreach,VP of Development; CEO; Director of Business Development; CFO
293,Keen Technical Solutions,keen-minds.com,https://www.linkedin.com/company/keen-technical-solutions,"Traverse City, Michigan",Renewables & Environment,11-50 employees,Privately Held,TRUE,TRUE,FALSE,TRUE,8,3,0,3,5,2,0,21,C,medium,False,developer signals present,"[biz] commercial/DG signals | [comm] commercial solar signals | [cap] commercial at scale (weak financing relevance) | [scale] scale/repeat signals in description | [geo] US location (Traverse City, Michigan) - moderate relevance | [strat] generic or minimal mission language",Low priority — verify fit before outreach,VP of Development; CEO; Director of Business Development; CFO
329,Metro Services Inc,metroservicesinc.com,https://www.linkedin.com/company/metro-services-inc,"Chattanooga, Tennessee",Industrial Machinery Manufacturing,11-50 employees,Privately Held,TRUE,TRUE,FALSE,TRUE,8,3,0,3,5,2,0,21,C,medium,False,developer signals present,"[biz] commercial/DG signals | [comm] commercial solar signals | [cap] commercial at scale (weak financing relevance) | [scale] scale/repeat signals in description | [geo] US location (Chattanooga, Tennessee) - moderate relevance | [strat] generic or minimal mission language",Low priority — verify fit before outreach,VP of Development; CEO; Director of Business Development; CFO
344,My Generation Energy,mygenerationenergy.com,https://www.linkedin.com/company/my-generation-energy,"Hyannis, MA",Renewable Energy Semiconductor Manufacturing,2-10 employees,Privately Held,TRUE,TRUE,FALSE,TRUE,8,3,0,3,3,4,0,21,C,medium,False,developer signals present,"[biz] commercial/DG signals | [comm] commercial solar signals | [cap] commercial at scale (weak financing relevance) | [scale] scale/repeat signals in description, very small scale penalty | [geo] high-opportunity state (MA) | [strat] generic or minimal mission language",Low priority — verify fit before outreach,VP of Development; CEO; Director of Business Development; CFO
527,Solect Energy,solect.com,https://www.linkedin.com/company/solect-energy,"Hopkinton, MA",Renewable Energy Semiconductor Manufacturing,51-200 employees,Privately Held,TRUE,TRUE,FALSE,TRUE,10,0,0,4,3,4,0,21,C,medium,False,developer signals present,"[biz] some developer language | [cap] developer language implies some financing need | [scale] developer implies some repeatability, smaller company (51-200) | [geo] high-opportunity state (MA)",Low priority — verify fit before outreach,VP of Development; CEO; Director of Business Development; CFO
579,Sunpath Solar,sunpath.solar,https://www.linkedin.com/company/sunpath-solar,"Metro Atlanta, Georgia",Solar Electric Power Generation,2-10 employees,Privately Held,TRUE,TRUE,FALSE,TRUE,7,0,6,0,0,2,6,21,C,medium,True,weak fit — likely installer or contractor,"[biz] developer industry, no developer or commercial language | [lmi] LMI/equity language (1 signal) | [scale] very small scale penalty | [geo] US location (Metro Atlanta, Georgia) - moderate relevance | [strat] community/LMI focus implies mission alignment",Low priority — verify fit before outreach,CEO; Founder; Director of Business Development
596,Surya Standard Energy LLC,suryastandard.com,https://www.linkedin.com/company/surya-standard-energy-llc,"Dedham, Massachusetts",Renewable Energy Power Generation,2-10 employees,Partnership,TRUE,TRUE,FALSE,TRUE,15,0,0,4,0,2,0,21,C,low,True,strong developer profile,"[biz] developer industry, some developer language | [cap] developer language implies some financing need | [scale] developer implies some repeatability, very small scale penalty | [geo] US location (Dedham, Massachusetts) - moderate relevance",Developer-to-developer outreach; reference project pipeline and financing solutions,VP of Development; Director of Project Finance; CEO; CFO; Head of Capital Markets
10,"Accord Power, Inc.",accordpower.com,https://www.linkedin.com/company/accordpower,"Flushing, NY",Solar Electric Power Generation,11-50 employees,Privately Held,TRUE,TRUE,FALSE,TRUE,13,3,0,0,0,4,0,20,C,medium,False,developer signals present,"[biz] developer industry, commercial/DG signals | [comm] commercial solar signals | [geo] high-opportunity state (NY) | [strat] generic or minimal mission language",Low priority — verify fit before outreach,VP of Development; CEO; Director of Business Development; CFO
62,Blossom Solar,blossomsolar.com,https://www.linkedin.com/company/blossom-solar,"Everett, WA",Solar Electric Power Generation,11-50 employees,Partnership,TRUE,TRUE,FALSE,TRUE,13,3,0,0,0,4,0,20,C,medium,False,developer signals present,"[biz] developer industry, commercial/DG signals | [comm] commercial solar signals | [geo] high-opportunity state (WA) | [strat] generic or minimal mission language",Low priority — verify fit before outreach,VP of Development; CEO; Director of Business Development; CFO
127,DC Solar Electric Inc.,dcsolarelectric.com,https://www.linkedin.com/company/dc-solar-electric-inc,"Penn Valley, CA",Solar Electric Power Generation,11-50 employees,Privately Held,TRUE,TRUE,FALSE,TRUE,13,3,0,0,0,4,0,20,C,medium,False,developer signals present,"[biz] developer industry, commercial/DG signals | [comm] commercial solar signals | [geo] high-opportunity state (CA) | [strat] generic or minimal mission language",Low priority — verify fit before outreach,VP of Development; CEO; Director of Business Development; CFO
279,Island Pacific Energy,islandpacificenergy.com,https://www.linkedin.com/company/islandpacificenergy,"Honolulu, HI",Renewable Energy Semiconductor Manufacturing,11-50 employees,Privately Held,TRUE,TRUE,FALSE,TRUE,10,0,0,4,2,4,0,20,C,medium,False,developer signals present,[biz] some developer language | [cap] developer language implies some financing need | [scale] developer implies some repeatability | [geo] high-opportunity state (HI),Low priority — verify fit before outreach,VP of Development; CEO; Director of Business Development; CFO
284,Jamar Power Systems,jamarpower.com,https://www.linkedin.com/company/jamar-power-systems,"Santee, CA",Construction,11-50 employees,Privately Held,TRUE,TRUE,FALSE,TRUE,5,3,0,3,5,4,0,20,C,medium,False,weak fit — likely installer or contractor,"[biz] installer/contractor industry, commercial/DG signals | [comm] commercial solar signals | [cap] commercial at scale (weak financing relevance) | [scale] scale/repeat signals in description | [geo] high-opportunity state (CA) | [strat] generic or minimal mission language",Low priority — verify fit before outreach,CEO; Founder; Director of Business Development
295,Kiwa PVEL,kiwa.com,https://www.linkedin.com/company/kiwa-pvel,"Napa, CA",Renewable Energy Semiconductor Manufacturing,11-50 employees,Privately Held,TRUE,TRUE,FALSE,TRUE,10,0,0,4,2,4,0,20,C,medium,False,developer signals present,[biz] some developer language | [cap] developer language implies some financing need | [scale] developer implies some repeatability | [geo] high-opportunity state (CA),Low priority — verify fit before outreach,VP of Development; CEO; Director of Business Development; CFO
382,Pacific Coast Power,pacificcoastpower.com,https://www.linkedin.com/company/pacificcoastpower,"San Diego , California",Solar Electric Power Generation,2-10 employees,Partnership,TRUE,TRUE,FALSE,TRUE,7,0,6,0,0,2,5,20,C,medium,True,weak fit — likely installer or contractor,"[biz] developer industry, no developer or commercial language | [lmi] LMI/equity language (1 signal) | [scale] very small scale penalty | [geo] US location (San Diego , California) - moderate relevance | [strat] some mission language",Low priority — verify fit before outreach,CEO; Founder; Director of Business Development
639,Venture Solar,venturesolar.com,https://www.linkedin.com/company/venture-home-solar,"Brooklyn, NY",Renewable Energy Semiconductor Manufacturing,201-500 employees,Privately Held,TRUE,TRUE,FALSE,TRUE,2,0,6,0,2,4,6,20,C,medium,False,weak fit — likely installer or contractor,[biz] no developer or commercial language | [lmi] LMI/equity language (1 signal) | [scale] mid company (201-500) | [geo] high-opportunity state (NY) | [strat] community/LMI focus implies mission alignment,Low priority — verify fit before outreach,CEO; Founder; Director of Business Development
16,"Aegean Energy Group, Inc",aegeanenergygroup.com,https://www.linkedin.com/company/aegean-energy-group-inc,"Austin, TX",Services for Renewable Energy,51-200 employees,Privately Held,TRUE,TRUE,FALSE,TRUE,10,0,0,4,3,2,0,19,D,medium,False,developer signals present,"[biz] some developer language | [cap] developer language implies some financing need | [scale] developer implies some repeatability, smaller company (51-200) | [geo] US location (Austin, TX) - moderate relevance",Low priority — verify fit before outreach,VP of Development; CEO; Director of Business Development; CFO
71,Boston Solar,bostonsolar.us,https://www.linkedin.com/company/boston-solar,"Woburn, Massachusetts",Services for Renewable Energy,51-200 employees,Partnership,TRUE,TRUE,FALSE,TRUE,0,0,3,0,6,5,5,19,D,medium,True,meaningful scale,"[biz] residential-only profile, no developer or commercial language | [lmi] mission/affordability language (no explicit LMI) | [scale] scale/repeat signals in description, smaller company (51-200) | [geo] multi-state/national footprint | [strat] some mission language",Low priority — verify fit before outreach,CEO; Founder; Director of Business Development
111,Climate Resilient Communities,crcommunities.org,https://www.linkedin.com/company/crc-climate,"Palo Alto, California",Community Services,2-10 employees,Non Profit,TRUE,TRUE,FALSE,TRUE,2,0,6,0,0,2,9,19,D,medium,True,mission alignment,"[biz] no developer or commercial language | [lmi] LMI/equity language (1 signal) | [scale] very small scale penalty | [geo] US location (Palo Alto, California) - moderate relevance | [strat] mission alignment (2 signals), nonprofit org type",Low priority — verify fit before outreach,CEO; Founder; Director of Business Development
169,Entegrity,entegritypartners.com,https://www.linkedin.com/company/entegrity-energy-partners,"Little Rock, Arkansas",Environmental Services,51-200 employees,Partnership,TRUE,TRUE,FALSE,TRUE,10,0,0,4,3,2,0,19,D,medium,False,developer signals present,"[biz] some developer language | [cap] developer language implies some financing need | [scale] developer implies some repeatability, smaller company (51-200) | [geo] US location (Little Rock, Arkansas) - moderate relevance",Low priority — verify fit before outreach,VP of Development; CEO; Director of Business Development; CFO
175,Eternalplanet,epcube.com,https://www.linkedin.com/company/epcube,los angeles,Renewable Energy Semiconductor Manufacturing,51-200 employees,Privately Held,TRUE,TRUE,FALSE,TRUE,10,0,0,4,3,2,0,19,D,low,False,developer signals present,"[biz] some developer language | [cap] developer language implies some financing need | [scale] developer implies some repeatability, smaller company (51-200) | [geo] US location (los angeles) - moderate relevance",Low priority — verify fit before outreach,VP of Development; CEO; Director of Business Development; CFO
183,Evolution Solar LLC,evosolarpro.com,https://www.linkedin.com/company/evolution-solar-llc,"Henderson, Nevada",Renewable Energy Semiconductor Manufacturing,2-10 employees,Privately Held,TRUE,TRUE,FALSE,TRUE,8,3,0,3,3,2,0,19,D,medium,False,developer signals present,"[biz] commercial/DG signals | [comm] commercial solar signals | [cap] commercial at scale (weak financing relevance) | [scale] scale/repeat signals in description, very small scale penalty | [geo] US location (Henderson, Nevada) - moderate relevance | [strat] generic or minimal mission language",Low priority — verify fit before outreach,VP of Development; CEO; Director of Business Development; CFO
207,GeoscapeSolar,geoscapesolar.com,https://www.linkedin.com/company/geoscapesolar,"Florham Park, New Jersey",Renewable Energy Semiconductor Manufacturing,51-200 employees,Privately Held,TRUE,TRUE,FALSE,TRUE,10,0,0,4,3,2,0,19,D,medium,False,developer signals present,"[biz] some developer language | [cap] developer language implies some financing need | [scale] developer implies some repeatability, smaller company (51-200) | [geo] US location (Florham Park, New Jersey) - moderate relevance",Low priority — verify fit before outreach,VP of Development; CEO; Director of Business Development; CFO
234,Greenshine New Energy LLC,streetlights-solar.com,https://www.linkedin.com/company/greenshine-new-energy-co-ltd,"Lake Forest, California",Renewable Energy Semiconductor Manufacturing,51-200 employees,Privately Held,TRUE,TRUE,FALSE,TRUE,10,0,0,4,3,2,0,19,D,medium,False,developer signals present,"[biz] some developer language | [cap] developer language implies some financing need | [scale] developer implies some repeatability, smaller company (51-200) | [geo] US location (Lake Forest, California) - moderate relevance",Low priority — verify fit before outreach,VP of Development; CEO; Director of Business Development; CFO
260,Husk Power,huskpowersystems.com,https://www.linkedin.com/company/husk-power,"Fort Collins, CO",Solar Electric Power Generation,"1,001-5,000 employees",Privately Held,TRUE,TRUE,FALSE,TRUE,7,0,0,0,8,4,0,19,D,medium,False,meaningful scale,"[biz] developer industry, no developer or commercial language | [scale] scale/repeat signals in description, mid-large company (501-1000) | [geo] high-opportunity state (CO) | [strat] generic or minimal mission language",Low priority — verify fit before outreach,CEO; Founder; Director of Business Development
274,Ion Solar,ionsolar.com,https://www.linkedin.com/company/ionsolar,"Provo, UT",Renewable Energy Semiconductor Manufacturing,"501-1,000 employees",Privately Held,TRUE,TRUE,FALSE,TRUE,2,0,6,0,3,2,6,19,D,medium,False,weak fit — likely installer or contractor,"[biz] no developer or commercial language | [lmi] LMI/equity language (1 signal) | [scale] mid-large company (501-1000) | [geo] US location (Provo, UT) - moderate relevance | [strat] community/LMI focus implies mission alignment",Low priority — verify fit before outreach,CEO; Founder; Director of Business Development
287,JMS Energy,jmsenergy.net,https://www.linkedin.com/company/jms-wind-energy,"Las Vegas, NV",Construction,51-200 employees,Privately Held,TRUE,TRUE,FALSE,TRUE,5,3,0,3,6,2,0,19,D,medium,False,meaningful scale,"[biz] installer/contractor industry, commercial/DG signals | [comm] commercial solar signals | [cap] commercial at scale (weak financing relevance) | [scale] scale/repeat signals in description, smaller company (51-200) | [geo] US location (Las Vegas, NV) - moderate relevance | [strat] generic or minimal mission language",Low priority — verify fit before outreach,CEO; Founder; Director of Business Development
317,Luminalt,luminalt.com,https://www.linkedin.com/company/luminalt-energy-corporation,"San Francisco, California",Solar Electric Power Generation,51-200 employees,Privately Held,TRUE,TRUE,FALSE,TRUE,13,3,0,0,1,2,0,19,D,medium,False,developer signals present,"[biz] developer industry, commercial/DG signals | [comm] commercial solar signals | [scale] smaller company (51-200) | [geo] US location (San Francisco, California) - moderate relevance | [strat] generic or minimal mission language",Low priority — verify fit before outreach,VP of Development; CEO; Director of Business Development; CFO
324,MARS Energy Group,marsenergygroup.com,https://www.linkedin.com/company/mars-energy-group,"Rocklin, California",Renewable Energy Power Generation,51-200 employees,Privately Held,TRUE,TRUE,FALSE,TRUE,13,3,0,0,1,2,0,19,D,medium,False,developer signals present,"[biz] developer industry, commercial/DG signals | [comm] commercial solar signals | [scale] smaller company (51-200) | [geo] US location (Rocklin, California) - moderate relevance | [strat] generic or minimal mission language",Low priority — verify fit before outreach,VP of Development; CEO; Director of Business Development; CFO
361,NewGen Energy now MARS Energy Group,newgenenergy.com,https://www.linkedin.com/company/newgen-energy-usa,"Rocklin, California",Solar Electric Power Generation,51-200 employees,Privately Held,TRUE,TRUE,FALSE,TRUE,13,3,0,0,1,2,0,19,D,medium,False,developer signals present,"[biz] developer industry, commercial/DG signals | [comm] commercial solar signals | [scale] smaller company (51-200) | [geo] US location (Rocklin, California) - moderate relevance | [strat] generic or minimal mission language",Low priority — verify fit before outreach,VP of Development; CEO; Director of Business Development; CFO
372,OGW Energy Resources,ogwenergyresources.com,https://www.linkedin.com/company/ogw-energy-resources,"Tipp City, Ohio",Renewables & Environment,2-10 employees,Privately Held,TRUE,TRUE,FALSE,TRUE,8,3,0,3,3,2,0,19,D,medium,False,developer signals present,"[biz] commercial/DG signals | [comm] commercial solar signals | [cap] commercial at scale (weak financing relevance) | [scale] scale/repeat signals in description, very small scale penalty | [geo] US location (Tipp City, Ohio) - moderate relevance | [strat] generic or minimal mission language",Low priority — verify fit before outreach,VP of Development; CEO; Director of Business Development; CFO
454,Scale Microgrids,scalemicrogrids.com,https://www.linkedin.com/company/scale-microgrids,"Ridgewood, New Jersey",Services for Renewable Energy,51-200 employees,Privately Held,TRUE,TRUE,FALSE,TRUE,10,0,0,4,3,2,0,19,D,medium,False,developer signals present,"[biz] some developer language | [cap] developer language implies some financing need | [scale] developer implies some repeatability, smaller company (51-200) | [geo] US location (Ridgewood, New Jersey) - moderate relevance",Low priority — verify fit before outreach,VP of Development; CEO; Director of Business Development; CFO
471,Simply Energy US,simplyenergy.solar,https://www.linkedin.com/company/simply-energy-us,"Atlanta, GA",Solar Electric Power Generation,51-200 employees,Partnership,TRUE,TRUE,FALSE,TRUE,13,3,0,0,1,2,0,19,D,medium,False,developer signals present,"[biz] developer industry, commercial/DG signals | [comm] commercial solar signals | [scale] smaller company (51-200) | [geo] US location (Atlanta, GA) - moderate relevance | [strat] generic or minimal mission language",Low priority — verify fit before outreach,VP of Development; CEO; Director of Business Development; CFO
472,Simply Solar,simplysolarcalifornia.com,https://www.linkedin.com/company/simply-solar,"Petaluma, CA",Renewable Energy Semiconductor Manufacturing,51-200 employees,Privately Held,TRUE,TRUE,FALSE,TRUE,2,0,6,0,1,4,6,19,D,medium,False,weak fit — likely installer or contractor,[biz] no developer or commercial language | [lmi] LMI/equity language (1 signal) | [scale] smaller company (51-200) | [geo] high-opportunity state (CA) | [strat] community/LMI focus implies mission alignment,Low priority — verify fit before outreach,CEO; Founder; Director of Business Development
510,SOLAR SOURCE,solarsourceinc.com,https://www.linkedin.com/company/solar-source,"Long Beach, California",Renewable Energy Semiconductor Manufacturing,2-10 employees,Privately Held,TRUE,TRUE,FALSE,TRUE,8,3,0,3,3,2,0,19,D,medium,False,developer signals present,"[biz] commercial/DG signals | [comm] commercial solar signals | [cap] commercial at scale (weak financing relevance) | [scale] scale/repeat signals in description, very small scale penalty | [geo] US location (Long Beach, California) - moderate relevance | [strat] generic or minimal mission language",Low priority — verify fit before outreach,VP of Development; CEO; Director of Business Development; CFO
543,Standard Energy Solutions,standardenergysolutions.com,https://www.linkedin.com/company/standard-energy-solutions,"Columbia, Maryland",Solar Electric Power Generation,51-200 employees,Privately Held,TRUE,TRUE,FALSE,TRUE,13,3,0,0,1,2,0,19,D,medium,False,developer signals present,"[biz] developer industry, commercial/DG signals | [comm] commercial solar signals | [scale] smaller company (51-200) | [geo] US location (Columbia, Maryland) - moderate relevance | [strat] generic or minimal mission language",Low priority — verify fit before outreach,VP of Development; CEO; Director of Business Development; CFO
558,Sun Solar,sunpowerbysunsolar.com,https://www.linkedin.com/company/sun-solar,"Bakersfield, California",Construction,51-200 employees,Privately Held,TRUE,TRUE,FALSE,TRUE,5,3,0,3,6,2,0,19,D,medium,False,meaningful scale,"[biz] installer/contractor industry, commercial/DG signals | [comm] commercial solar signals | [cap] commercial at scale (weak financing relevance) | [scale] scale/repeat signals in description, smaller company (51-200) | [geo] US location (Bakersfield, California) - moderate relevance | [strat] generic or minimal mission language",Low priority — verify fit before outreach,CEO; Founder; Director of Business Development
615,The UP Companies,theupcompanies.com,https://www.linkedin.com/company/theupcompanies,"St. Louis, MO",Construction,51-200 employees,Privately Held,TRUE,TRUE,FALSE,TRUE,5,3,3,0,1,2,5,19,D,medium,False,weak fit — likely installer or contractor,"[biz] installer/contractor industry, commercial/DG signals | [comm] commercial solar signals | [lmi] mission/affordability language (no explicit LMI) | [scale] smaller company (51-200) | [geo] US location (St. Louis, MO) - moderate relevance | [strat] some mission language",Low priority — verify fit before outreach,CEO; Founder; Director of Business Development
621,Treepublic,treepublic.com,https://www.linkedin.com/company/treepublic,"Los Angeles, California",Renewable Energy Power Generation,51-200 employees,Privately Held,TRUE,TRUE,FALSE,TRUE,13,3,0,0,1,2,0,19,D,medium,False,developer signals present,"[biz] developer industry, commercial/DG signals | [comm] commercial solar signals | [scale] smaller company (51-200) | [geo] US location (Los Angeles, California) - moderate relevance | [strat] generic or minimal mission language",Low priority — verify fit before outreach,VP of Development; CEO; Director of Business Development; CFO
628,UGE,ugei.com,https://www.linkedin.com/company/uge-international,"New York, New York",Solar Electric Power Generation,51-200 employees,Privately Held,TRUE,TRUE,FALSE,TRUE,13,3,0,0,1,2,0,19,D,medium,False,developer signals present,"[biz] developer industry, commercial/DG signals | [comm] commercial solar signals | [scale] smaller company (51-200) | [geo] US location (New York, New York) - moderate relevance | [strat] generic or minimal mission language",Low priority — verify fit before outreach,VP of Development; CEO; Director of Business Development; CFO
643,Vision Solar LLC,visionsolar.com,https://www.linkedin.com/company/visionsolarllc,"Blackwood, New Jersey",Solar Electric Power Generation,"1,001-5,000 employees",Privately Held,TRUE,TRUE,FALSE,TRUE,2,0,6,0,3,2,6,19,D,low,True,weak fit — likely installer or contractor,"[biz] developer industry, residential-only profile, no developer or commercial language | [lmi] LMI/equity language (1 signal) | [scale] mid-large company (501-1000) | [geo] US location (Blackwood, New Jersey) - moderate relevance | [strat] community/LMI focus implies mission alignment",Low priority — verify fit before outreach,CEO; Founder; Director of Business Development
22,AKA Solar USA,aka.solar,https://www.linkedin.com/company/aka-solar-usa,"St Charles, Missouri",Solar Electric Power Generation,2-10 employees,Privately Held,TRUE,TRUE,FALSE,TRUE,13,3,0,0,0,2,0,18,D,medium,True,developer signals present,"[biz] developer industry, commercial/DG signals | [comm] commercial solar signals | [scale] very small scale penalty | [geo] US location (St Charles, Missouri) - moderate relevance | [strat] generic or minimal mission language",Low priority — verify fit before outreach,VP of Development; CEO; Director of Business Development; CFO
51,Baseline Solar Solutions,baselinesolar.com,https://www.linkedin.com/company/baseline-solar-solutions,"Blacksburg, Virginia",Renewable Energy Semiconductor Manufacturing,11-50 employees,Privately Held,TRUE,TRUE,FALSE,TRUE,10,0,0,4,2,2,0,18,D,medium,False,developer signals present,"[biz] some developer language | [cap] developer language implies some financing need | [scale] developer implies some repeatability | [geo] US location (Blacksburg, Virginia) - moderate relevance",Low priority — verify fit before outreach,VP of Development; CEO; Director of Business Development; CFO
134,Earth Right Mid-Atlantic,erepower.com,https://www.linkedin.com/company/earthrightmidatlantic,"Lynchburg, Virginia",Solar Electric Power Generation,51-200 employees,Privately Held,TRUE,TRUE,FALSE,TRUE,7,0,3,0,1,2,5,18,D,medium,False,weak fit — likely installer or contractor,"[biz] developer industry, no developer or commercial language | [lmi] mission/affordability language (no explicit LMI) | [scale] smaller company (51-200) | [geo] US location (Lynchburg, Virginia) - moderate relevance | [strat] some mission language",Low priority — verify fit before outreach,CEO; Founder; Director of Business Development
180,Evergreen Solar Solutions,evergreen4life.com,https://www.linkedin.com/company/evergreen-solar-solutions-llc,"Orlando, FL",Utilities,11-50 employees,Privately Held,TRUE,TRUE,FALSE,TRUE,10,0,0,4,2,2,0,18,D,medium,False,developer signals present,"[biz] some developer language | [cap] developer language implies some financing need | [scale] developer implies some repeatability | [geo] US location (Orlando, FL) - moderate relevance",Low priority — verify fit before outreach,VP of Development; CEO; Director of Business Development; CFO
201,Full Spectrum Solar,fullspectrumsolar.com,https://www.linkedin.com/company/full-spectrum-solar,"Madison, Wisconsin",Solar Electric Power Generation,11-50 employees,Partnership,TRUE,TRUE,FALSE,TRUE,13,3,0,0,0,2,0,18,D,medium,False,developer signals present,"[biz] developer industry, commercial/DG signals | [comm] commercial solar signals | [geo] US location (Madison, Wisconsin) - moderate relevance | [strat] generic or minimal mission language",Low priority — verify fit before outreach,VP of Development; CEO; Director of Business Development; CFO
205,GenRenew,genrenew.com,https://www.linkedin.com/company/genrenew,"1, New Jersey",Solar Electric Power Generation,11-50 employees,Privately Held,TRUE,TRUE,FALSE,TRUE,13,3,0,0,0,2,0,18,D,medium,False,developer signals present,"[biz] developer industry, commercial/DG signals | [comm] commercial solar signals | [geo] US location (1, New Jersey) - moderate relevance | [strat] generic or minimal mission language",Low priority — verify fit before outreach,VP of Development; CEO; Director of Business Development; CFO
219,Good Energy Solutions,goodenergysolutions.com,https://www.linkedin.com/company/good-energy-solutions,"Lawrence, KS",Renewable Energy Power Generation,11-50 employees,Privately Held,TRUE,TRUE,FALSE,TRUE,13,3,0,0,0,2,0,18,D,medium,False,developer signals present,"[biz] developer industry, commercial/DG signals | [comm] commercial solar signals | [geo] US location (Lawrence, KS) - moderate relevance | [strat] generic or minimal mission language",Low priority — verify fit before outreach,VP of Development; CEO; Director of Business Development; CFO
249,Hello Sunray,hellosunray.com,https://www.linkedin.com/company/hello-sunray,"Akron, Ohio",Solar Electric Power Generation,11-50 employees,Privately Held,TRUE,TRUE,FALSE,TRUE,13,3,0,0,0,2,0,18,D,medium,False,developer signals present,"[biz] developer industry, commercial/DG signals | [comm] commercial solar signals | [geo] US location (Akron, Ohio) - moderate relevance | [strat] generic or minimal mission language",Low priority — verify fit before outreach,VP of Development; CEO; Director of Business Development; CFO
364,North Texas Solar,northtexassolar.com,https://www.linkedin.com/company/north-texas-solar,"Grapevine, Texas",Solar Electric Power Generation,2-10 employees,Privately Held,TRUE,TRUE,FALSE,TRUE,13,3,0,0,0,2,0,18,D,medium,True,developer signals present,"[biz] developer industry, commercial/DG signals | [comm] commercial solar signals | [scale] very small scale penalty | [geo] US location (Grapevine, Texas) - moderate relevance | [strat] generic or minimal mission language",Low priority — verify fit before outreach,VP of Development; CEO; Director of Business Development; CFO
387,Patriot Power Company,patriotpowercompany.com,https://www.linkedin.com/company/patriot-power-company,"Wellington, Florida",Solar Electric Power Generation,11-50 employees,Partnership,TRUE,TRUE,FALSE,TRUE,13,3,0,0,0,2,0,18,D,medium,False,developer signals present,"[biz] developer industry, commercial/DG signals | [comm] commercial solar signals | [geo] US location (Wellington, Florida) - moderate relevance | [strat] generic or minimal mission language",Low priority — verify fit before outreach,VP of Development; CEO; Director of Business Development; CFO
392,PLS Consulting,plsconsults.com,https://www.linkedin.com/company/plsconsults,"Overland Park, Ks",Solar Electric Power Generation,2-10 employees,Privately Held,TRUE,TRUE,FALSE,TRUE,13,3,0,0,0,2,0,18,D,medium,True,developer signals present,"[biz] developer industry, commercial/DG signals | [comm] commercial solar signals | [scale] very small scale penalty | [geo] US location (Overland Park, Ks) - moderate relevance | [strat] generic or minimal mission language",Low priority — verify fit before outreach,VP of Development; CEO; Director of Business Development; CFO
396,Power Guru LLC,power-guru.com,https://www.linkedin.com/company/power-guru,"Bennington, VT",Solar Electric Power Generation,11-50 employees,Privately Held,TRUE,TRUE,FALSE,TRUE,13,3,0,0,0,2,0,18,D,medium,False,developer signals present,"[biz] developer industry, commercial/DG signals | [comm] commercial solar signals | [geo] US location (Bennington, VT) - moderate relevance | [strat] generic or minimal mission language",Low priority — verify fit before outreach,VP of Development; CEO; Director of Business Development; CFO
408,"PV Tech, Inc",pvtechnologyinc.net,https://www.linkedin.com/company/pv-tech-inc,"Ontario, California",Renewable Energy Semiconductor Manufacturing,11-50 employees,Privately Held,TRUE,TRUE,FALSE,TRUE,10,0,0,4,2,2,0,18,D,medium,False,developer signals present,"[biz] some developer language | [cap] developer language implies some financing need | [scale] developer implies some repeatability | [geo] US location (Ontario, California) - moderate relevance",Low priority — verify fit before outreach,VP of Development; CEO; Director of Business Development; CFO
484,Solar Design Studio,solardesignstudio.com,https://www.linkedin.com/company/solar-design-studio,"Platte City, MO",Solar Electric Power Generation,2-10 employees,Privately Held,TRUE,TRUE,FALSE,TRUE,13,3,0,0,0,2,0,18,D,medium,True,developer signals present,"[biz] developer industry, commercial/DG signals | [comm] commercial solar signals | [scale] very small scale penalty | [geo] US location (Platte City, MO) - moderate relevance | [strat] generic or minimal mission language",Low priority — verify fit before outreach,VP of Development; CEO; Director of Business Development; CFO
566,Sundt Construction,sundt.com,https://www.linkedin.com/company/sundt-construction,"Tempe, AZ",Construction,"1,001-5,000 employees",Privately Held,TRUE,TRUE,FALSE,TRUE,7,0,0,4,5,2,0,18,D,medium,False,weak fit — likely installer or contractor,"[biz] installer/contractor industry, some developer language | [cap] developer language implies some financing need | [scale] developer implies some repeatability, mid-large company (501-1000) | [geo] US location (Tempe, AZ) - moderate relevance",Low priority — verify fit before outreach,CEO; Founder; Director of Business Development
567,Sunergy Solutions LLC,sunergysolutionsllc.com,https://www.linkedin.com/company/sunergy-solutions-llc-solar-energy,"Londonderry, NH",Solar Electric Power Generation,11-50 employees,Privately Held,TRUE,TRUE,FALSE,TRUE,13,3,0,0,0,2,0,18,D,medium,False,developer signals present,"[biz] developer industry, commercial/DG signals | [comm] commercial solar signals | [geo] US location (Londonderry, NH) - moderate relevance | [strat] generic or minimal mission language",Low priority — verify fit before outreach,VP of Development; CEO; Director of Business Development; CFO
589,Sunvoy,sunvoy.com,https://www.linkedin.com/company/sunvoy,"Washington, District of Columbia",Software Development,11-50 employees,Privately Held,TRUE,TRUE,FALSE,TRUE,10,0,0,4,2,2,0,18,D,medium,False,developer signals present,"[biz] some developer language | [cap] developer language implies some financing need | [scale] developer implies some repeatability | [geo] US location (Washington, District of Columbia) - moderate relevance",Low priority — verify fit before outreach,VP of Development; CEO; Director of Business Development; CFO
602,Tampa Bay Solar,tampabaysolar.com,https://www.linkedin.com/company/tampa-bay-solar,"Tampa, Florida",Solar Electric Power Generation,11-50 employees,Privately Held,TRUE,TRUE,FALSE,TRUE,13,3,0,0,0,2,0,18,D,medium,False,developer signals present,"[biz] developer industry, commercial/DG signals | [comm] commercial solar signals | [geo] US location (Tampa, Florida) - moderate relevance | [strat] generic or minimal mission language",Low priority — verify fit before outreach,VP of Development; CEO; Director of Business Development; CFO
614,The Green Panel,thegreenpanel.com,https://www.linkedin.com/company/the-green-panel,"Brighton, Michigan",Renewables & Environment,11-50 employees,Privately Held,TRUE,TRUE,FALSE,TRUE,10,0,0,4,2,2,0,18,D,medium,False,developer signals present,"[biz] some developer language | [cap] developer language implies some financing need | [scale] developer implies some repeatability | [geo] US location (Brighton, Michigan) - moderate relevance",Low priority — verify fit before outreach,VP of Development; CEO; Director of Business Development; CFO
640,Verdonck Partners,verdonck.com,https://www.linkedin.com/company/verdonck-partners,"New York, NY",Financial Services,2-10 employees,Privately Held,TRUE,TRUE,FALSE,TRUE,10,0,0,4,0,4,0,18,D,medium,True,developer signals present,"[biz] some developer language | [cap] developer language implies some financing need | [scale] developer implies some repeatability, very small scale penalty | [geo] high-opportunity state (NY)",Low priority — verify fit before outreach,VP of Development; CEO; Director of Business Development; CFO
657,Wunder,wunderpower.com,https://www.linkedin.com/company/wunder,"Boulder, Colorado",Renewable Energy Power Generation,11-50 employees,Privately Held,TRUE,TRUE,FALSE,TRUE,13,3,0,0,0,2,0,18,D,medium,False,developer signals present,"[biz] developer industry, commercial/DG signals | [comm] commercial solar signals | [geo] US location (Boulder, Colorado) - moderate relevance | [strat] generic or minimal mission language",Low priority — verify fit before outreach,VP of Development; CEO; Director of Business Development; CFO
2,1st Light Energy Inc,1stlightenergy.com,https://www.linkedin.com/company/1st-light-energy-inc,"Manteca, CA",Renewable Energy Semiconductor Manufacturing,201-500 employees,Privately Held,TRUE,TRUE,FALSE,TRUE,8,3,0,0,2,4,0,17,D,medium,False,developer signals present,[biz] commercial/DG signals | [comm] commercial solar signals | [scale] mid company (201-500) | [geo] high-opportunity state (CA) | [strat] generic or minimal mission language,Low priority — verify fit before outreach,VP of Development; CEO; Director of Business Development; CFO
52,Better Together Solar,bettertogether.solar,https://www.linkedin.com/company/btsolar,"Cleveland, Ohio",Solar Electric Power Generation,11-50 employees,Privately Held,TRUE,TRUE,FALSE,TRUE,7,0,3,0,0,2,5,17,D,medium,False,weak fit — likely installer or contractor,"[biz] developer industry, no developer or commercial language | [lmi] mission/affordability language (no explicit LMI) | [geo] US location (Cleveland, Ohio) - moderate relevance | [strat] some mission language",Low priority — verify fit before outreach,CEO; Founder; Director of Business Development
53,Beyond SOLAR,beyondsolar.net,https://www.linkedin.com/company/beyond-solarusa,"Stone Mountain, Georgia",Renewable Energy Power Generation,11-50 employees,Privately Held,TRUE,TRUE,FALSE,TRUE,7,0,3,0,0,2,5,17,D,medium,False,weak fit — likely installer or contractor,"[biz] developer industry, no developer or commercial language | [lmi] mission/affordability language (no explicit LMI) | [geo] US location (Stone Mountain, Georgia) - moderate relevance | [strat] some mission language",Low priority — verify fit before outreach,CEO; Founder; Director of Business Development
68,BLUETTI,bluettipower.com,https://www.linkedin.com/company/bluetti,California,Renewable Energy Equipment Manufacturing,"1,001-5,000 employees",Self Owned,TRUE,TRUE,FALSE,TRUE,0,0,6,0,3,2,6,17,D,medium,False,weak fit — likely installer or contractor,"[biz] self-employed/owned type, no developer or commercial language | [lmi] LMI/equity language (1 signal) | [scale] mid-large company (501-1000) | [geo] US location (California) - moderate relevance | [strat] community/LMI focus implies mission alignment",Low priority — verify fit before outreach,CEO; Founder; Director of Business Development
131,DrBuild,drbuild.us,https://www.linkedin.com/company/drbuild,"Dallas, Texas",Solar Electric Power Generation,11-50 employees,Privately Held,TRUE,TRUE,FALSE,TRUE,7,0,3,0,0,2,5,17,D,medium,False,weak fit — likely installer or contractor,"[biz] developer industry, no developer or commercial language | [lmi] mission/affordability language (no explicit LMI) | [geo] US location (Dallas, Texas) - moderate relevance | [strat] some mission language",Low priority — verify fit before outreach,CEO; Founder; Director of Business Development
428,Renova Energy,gorenova.com,https://www.linkedin.com/company/renova-energy-corp,"Palm Desert, CA",Renewable Energy Semiconductor Manufacturing,201-500 employees,Privately Held,TRUE,TRUE,FALSE,TRUE,8,3,0,0,2,4,0,17,D,medium,False,developer signals present,[biz] commercial/DG signals | [comm] commercial solar signals | [scale] mid company (201-500) | [geo] high-opportunity state (CA) | [strat] generic or minimal mission language,Low priority — verify fit before outreach,VP of Development; CEO; Director of Business Development; CFO
522,Solaris Renewables,solarisrenewables.com,https://www.linkedin.com/company/solaris-renewables,"Burlington, MA",Renewables & Environment,11-50 employees,Privately Held,TRUE,TRUE,FALSE,TRUE,0,0,3,0,5,4,5,17,D,medium,True,weak fit — likely installer or contractor,"[biz] residential-only profile, no developer or commercial language | [lmi] mission/affordability language (no explicit LMI) | [scale] scale/repeat signals in description | [geo] high-opportunity state (MA) | [strat] some mission language",Low priority — verify fit before outreach,CEO; Founder; Director of Business Development
646,Vorp Energy,vorpenergy.com,https://www.linkedin.com/company/vorp-energy,"Rexburg, ID",Security and Investigations,11-50 employees,Privately Held,TRUE,TRUE,FALSE,TRUE,0,3,6,0,0,2,6,17,D,low,True,weak fit — likely installer or contractor,"[biz] off-topic industry — likely false positive | [comm] commercial solar signals | [lmi] LMI/equity language (1 signal) | [geo] US location (Rexburg, ID) - moderate relevance | [strat] community/LMI focus implies mission alignment",Low priority — verify fit before outreach,CEO; Founder; Director of Business Development
12,"Action Air Conditioning, Heating & Solar",actionac.net,https://www.linkedin.com/company/action-air-conditioning-heating-&-solar,"San Marcos, CA",Consumer Services,51-200 employees,Privately Held,TRUE,TRUE,FALSE,TRUE,8,3,0,0,1,4,0,16,D,medium,False,developer signals present,[biz] commercial/DG signals | [comm] commercial solar signals | [scale] smaller company (51-200) | [geo] high-opportunity state (CA) | [strat] generic or minimal mission language,Low priority — verify fit before outreach,VP of Development; CEO; Director of Business Development; CFO
97,Chamberlains Aqua & Energy Systems Limited (CAESL),caesl.co.uk,https://www.linkedin.com/company/caesl,"Southampton, Hampshire",Climate Technology Product Manufacturing,2-10 employees,Privately Held,TRUE,TRUE,FALSE,TRUE,10,0,0,4,0,2,0,16,D,medium,True,developer signals present,"[biz] some developer language | [cap] developer language implies some financing need | [scale] developer implies some repeatability, very small scale penalty | [geo] US location (Southampton, Hampshire) - moderate relevance",Low priority — verify fit before outreach,VP of Development; CEO; Director of Business Development; CFO
101,Cinnamon Energy Systems,cinnamon.energy,https://www.linkedin.com/company/cinnamon-energy,"Los Gatos, CA",Renewable Energy Semiconductor Manufacturing,51-200 employees,Privately Held,TRUE,TRUE,FALSE,TRUE,8,3,0,0,1,4,0,16,D,medium,False,developer signals present,[biz] commercial/DG signals | [comm] commercial solar signals | [scale] smaller company (51-200) | [geo] high-opportunity state (CA) | [strat] generic or minimal mission language,Low priority — verify fit before outreach,VP of Development; CEO; Director of Business Development; CFO
145,Ecolibrium3,ecolibrium3.org,https://www.linkedin.com/company/ecolibrium3,"Duluth, Minnesota",Non-profit Organizations,11-50 employees,Non Profit,TRUE,TRUE,FALSE,TRUE,2,0,3,0,0,2,9,16,D,medium,False,mission alignment,"[biz] no developer or commercial language | [lmi] mission/affordability language (no explicit LMI) | [geo] US location (Duluth, Minnesota) - moderate relevance | [strat] mission alignment (2 signals), nonprofit org type",Low priority — verify fit before outreach,CEO; Founder; Director of Business Development
233,GreenMarbles,greenmarbles.com,https://www.linkedin.com/company/greenmarblesllc,"Newport Beach, CA",Information Technology and Services,51-200 employees,Privately Held,TRUE,TRUE,FALSE,TRUE,8,3,0,0,1,4,0,16,D,medium,False,developer signals present,[biz] commercial/DG signals | [comm] commercial solar signals | [scale] smaller company (51-200) | [geo] high-opportunity state (CA) | [strat] generic or minimal mission language,Low priority — verify fit before outreach,VP of Development; CEO; Director of Business Development; CFO
243,"Hardt Electric, Inc.",hardtelectric.com,https://www.linkedin.com/company/hardt-electric-inc-,"Chicago, IL","Appliances, Electrical, and Electronics Manufacturing",11-50 employees,Self Owned,TRUE,TRUE,FALSE,TRUE,0,6,0,4,2,4,0,16,D,low,True,weak fit — likely installer or contractor,[biz] off-topic industry — likely false positive | [comm] commercial DG developer (adjacent community relevance) | [cap] developer language implies some financing need | [scale] developer implies some repeatability | [geo] high-opportunity state (IL),Low priority — verify fit before outreach,CEO; Founder; Director of Business Development
350,Native Sun Community Power Development,nativesun.org,https://www.linkedin.com/company/native-sun-community-power-development,"Minneapolis, MN Minnesota",Non-profit Organizations,2-10 employees,Non Profit,TRUE,TRUE,FALSE,TRUE,2,0,3,0,0,4,7,16,D,medium,True,mission alignment,"[biz] no developer or commercial language | [lmi] mission/affordability language (no explicit LMI) | [scale] very small scale penalty | [geo] high-opportunity state (MN) | [strat] some mission language, nonprofit org type",Low priority — verify fit before outreach,CEO; Founder; Director of Business Development
368,NXTGEN Clean Energy Solutions,nxtgencleanenergy.com,https://www.linkedin.com/company/nxtgen-clean-energy-solutions,"Independence, Ohio",Renewable Energy Semiconductor Manufacturing,2-10 employees,Privately Held,TRUE,TRUE,FALSE,TRUE,10,0,0,4,0,2,0,16,D,medium,True,developer signals present,"[biz] some developer language | [cap] developer language implies some financing need | [scale] developer implies some repeatability, very small scale penalty | [geo] US location (Independence, Ohio) - moderate relevance",Low priority — verify fit before outreach,VP of Development; CEO; Director of Business Development; CFO
447,Rose Energy,rose-energy.com,https://www.linkedin.com/company/rose-energy,"Greenville, South Carolina",Renewable Energy Semiconductor Manufacturing,2-10 employees,Privately Held,TRUE,TRUE,FALSE,TRUE,2,0,6,0,0,2,6,16,D,medium,True,weak fit — likely installer or contractor,"[biz] no developer or commercial language | [lmi] LMI/equity language (1 signal) | [scale] very small scale penalty | [geo] US location (Greenville, South Carolina) - moderate relevance | [strat] community/LMI focus implies mission alignment",Low priority — verify fit before outreach,CEO; Founder; Director of Business Development
557,Sun Light & Power,sunlightandpower.com,https://www.linkedin.com/company/sun-light-and-power,"Berkeley, CA",Renewables & Environment,51-200 employees,Privately Held,TRUE,TRUE,FALSE,TRUE,8,3,0,0,1,4,0,16,D,medium,False,developer signals present,[biz] commercial/DG signals | [comm] commercial solar signals | [scale] smaller company (51-200) | [geo] high-opportunity state (CA) | [strat] generic or minimal mission language,Low priority — verify fit before outreach,VP of Development; CEO; Director of Business Development; CFO
578,SunnyMac Solar,sunnymacsolar.com,https://www.linkedin.com/company/sunnymac-solar,"Wilmington, Delaware",Renewable Energy Power Generation,51-200 employees,Self Owned,TRUE,TRUE,FALSE,TRUE,10,3,0,0,1,2,0,16,D,medium,False,developer signals present,"[biz] developer industry, commercial/DG signals, self-employed/owned type | [comm] commercial solar signals | [scale] smaller company (51-200) | [geo] US location (Wilmington, Delaware) - moderate relevance | [strat] generic or minimal mission language",Low priority — verify fit before outreach,VP of Development; CEO; Director of Business Development; CFO
604,Terawatt Energy,terawattenergies.com,https://www.linkedin.com/company/terawattenergies,"Cambridge, Massachusetts",Services for Renewable Energy,11-50 employees,Privately Held,TRUE,TRUE,FALSE,TRUE,2,0,6,0,0,2,6,16,D,medium,False,weak fit — likely installer or contractor,"[biz] no developer or commercial language | [lmi] LMI/equity language (1 signal) | [geo] US location (Cambridge, Massachusetts) - moderate relevance | [strat] community/LMI focus implies mission alignment",Low priority — verify fit before outreach,CEO; Founder; Director of Business Development
617,Timberline Communications Inc. (TCI),timberlinecommunications.com,https://www.linkedin.com/company/timberlinecommunications-inc,"Canton, MA",Telecommunications,51-200 employees,Privately Held,TRUE,TRUE,FALSE,TRUE,0,3,0,3,6,4,0,16,D,low,True,meaningful scale,"[biz] off-topic industry — likely false positive | [comm] commercial solar signals | [cap] commercial at scale (weak financing relevance) | [scale] scale/repeat signals in description, smaller company (51-200) | [geo] high-opportunity state (MA) | [strat] generic or minimal mission language",Low priority — verify fit before outreach,CEO; Founder; Director of Business Development
638,Van Wall Equipment,vanwall.com,https://www.linkedin.com/company/van-wall-equipment,"Perry, IA",Machinery Manufacturing,"501-1,000 employees",Privately Held,TRUE,TRUE,FALSE,TRUE,8,3,0,0,3,2,0,16,D,medium,False,developer signals present,"[biz] commercial/DG signals | [comm] commercial solar signals | [scale] mid-large company (501-1000) | [geo] US location (Perry, IA) - moderate relevance | [strat] generic or minimal mission language",Low priority — verify fit before outreach,VP of Development; CEO; Director of Business Development; CFO
19,Aikyum Solar,aikyum.com,https://www.linkedin.com/company/aikyum-solar,"Irvine, CA",Renewables & Environment,11-50 employees,Privately Held,TRUE,TRUE,FALSE,TRUE,8,3,0,0,0,4,0,15,D,medium,False,developer signals present,[biz] commercial/DG signals | [comm] commercial solar signals | [geo] high-opportunity state (CA) | [strat] generic or minimal mission language,Low priority — verify fit before outreach,VP of Development; CEO; Director of Business Development; CFO
46,"Aztec Solar, Inc.",aztecsolar.com,https://www.linkedin.com/company/aztec-solar,"Rancho Cordova, CA",Renewable Energy Semiconductor Manufacturing,11-50 employees,Privately Held,TRUE,TRUE,FALSE,TRUE,8,3,0,0,0,4,0,15,D,medium,False,developer signals present,[biz] commercial/DG signals | [comm] commercial solar signals | [geo] high-opportunity state (CA) | [strat] generic or minimal mission language,Low priority — verify fit before outreach,VP of Development; CEO; Director of Business Development; CFO
65,Blue Sky Energy,blueskyenergy.solar,https://www.linkedin.com/company/blue-sky-energy,"Pacific Palisades, CA",Renewables & Environment,11-50 employees,Privately Held,TRUE,TRUE,FALSE,TRUE,8,3,0,0,0,4,0,15,D,medium,False,developer signals present,[biz] commercial/DG signals | [comm] commercial solar signals | [geo] high-opportunity state (CA) | [strat] generic or minimal mission language,Low priority — verify fit before outreach,VP of Development; CEO; Director of Business Development; CFO
75,Bright Start,brightstartsolar.com,https://www.linkedin.com/company/brightstartsolar,"Springfield, IL",Services for Renewable Energy,51-200 employees,Privately Held,TRUE,TRUE,FALSE,TRUE,2,0,3,0,1,4,5,15,D,medium,False,weak fit — likely installer or contractor,[biz] no developer or commercial language | [lmi] mission/affordability language (no explicit LMI) | [scale] smaller company (51-200) | [geo] high-opportunity state (IL) | [strat] some mission language,Low priority — verify fit before outreach,CEO; Founder; Director of Business Development
76,Brightstar Solar,brightstarsolar.net,https://www.linkedin.com/company/brightstar-solar,"Marlborough, MA",Renewable Energy Semiconductor Manufacturing,2-10 employees,Privately Held,TRUE,TRUE,FALSE,TRUE,8,3,0,0,0,4,0,15,D,medium,True,developer signals present,[biz] commercial/DG signals | [comm] commercial solar signals | [scale] very small scale penalty | [geo] high-opportunity state (MA) | [strat] generic or minimal mission language,Low priority — verify fit before outreach,VP of Development; CEO; Director of Business Development; CFO
95,"Centurion Solar Energy, LLC",centurionsolar.com,https://www.linkedin.com/company/centurion-solar-energy,"Stamford, CT",Renewable Energy Semiconductor Manufacturing,11-50 employees,Privately Held,TRUE,TRUE,FALSE,TRUE,8,3,0,0,0,4,0,15,D,medium,False,developer signals present,[biz] commercial/DG signals | [comm] commercial solar signals | [geo] high-opportunity state (CT) | [strat] generic or minimal mission language,Low priority — verify fit before outreach,VP of Development; CEO; Director of Business Development; CFO
112,"Collis Roofing, Inc.",collisroofing.com,https://www.linkedin.com/company/collis-roofing-inc-,"Longwood, FL",Construction,201-500 employees,Privately Held,TRUE,TRUE,FALSE,TRUE,0,3,0,3,7,2,0,15,D,medium,True,meaningful scale,"[biz] installer/contractor industry, commercial/DG signals, roofing/HVAC in name+desc (strong penalty) | [comm] commercial solar signals | [cap] commercial at scale (weak financing relevance) | [scale] scale/repeat signals in description, mid company (201-500) | [geo] US location (Longwood, FL) - moderate relevance | [strat] generic or minimal mission language",Low priority — verify fit before outreach,CEO; Founder; Director of Business Development
130,Donnelly Energy,donnellyenergy.com,https://www.linkedin.com/company/donnelly-energy,"Wayne, NJ",Services for Renewable Energy,2-10 employees,Privately Held,TRUE,TRUE,FALSE,TRUE,8,3,0,0,0,4,0,15,D,medium,True,developer signals present,[biz] commercial/DG signals | [comm] commercial solar signals | [scale] very small scale penalty | [geo] high-opportunity state (NJ) | [strat] generic or minimal mission language,Low priority — verify fit before outreach,VP of Development; CEO; Director of Business Development; CFO
135,"Earth Wind & Solar Energy, LLC",earthwindandsolarenergy.com,https://www.linkedin.com/company/earth-wind-&-solar-energy-llc,"Chicago, IL",Renewable Energy Semiconductor Manufacturing,2-10 employees,Privately Held,TRUE,TRUE,FALSE,TRUE,8,3,0,0,0,4,0,15,D,medium,True,developer signals present,[biz] commercial/DG signals | [comm] commercial solar signals | [scale] very small scale penalty | [geo] high-opportunity state (IL) | [strat] generic or minimal mission language,Low priority — verify fit before outreach,VP of Development; CEO; Director of Business Development; CFO
174,ES Solar,essolar.com,https://www.linkedin.com/company/essolarusa,"Layton, Utah",Renewable Energy Semiconductor Manufacturing,201-500 employees,Partnership,TRUE,TRUE,FALSE,TRUE,8,3,0,0,2,2,0,15,D,medium,False,developer signals present,"[biz] commercial/DG signals | [comm] commercial solar signals | [scale] mid company (201-500) | [geo] US location (Layton, Utah) - moderate relevance | [strat] generic or minimal mission language",Low priority — verify fit before outreach,VP of Development; CEO; Director of Business Development; CFO
247,HDM Renewable Finance,hdmrenewablefinance.com,https://www.linkedin.com/company/hdm-cap,"San Diego, CA",Renewable Energy Semiconductor Manufacturing,11-50 employees,Privately Held,TRUE,TRUE,FALSE,TRUE,8,3,0,0,0,4,0,15,D,medium,False,developer signals present,[biz] commercial/DG signals | [comm] commercial solar signals | [geo] high-opportunity state (CA) | [strat] generic or minimal mission language,Low priority — verify fit before outreach,VP of Development; CEO; Director of Business Development; CFO
345,Nabu Energy LLC,nabuenergy.com,https://www.linkedin.com/company/nabu-energy-llc,"Newark, CA",Renewable Energy Semiconductor Manufacturing,11-50 employees,Privately Held,TRUE,TRUE,FALSE,TRUE,8,3,0,0,0,4,0,15,D,medium,False,developer signals present,[biz] commercial/DG signals | [comm] commercial solar signals | [geo] high-opportunity state (CA) | [strat] generic or minimal mission language,Low priority — verify fit before outreach,VP of Development; CEO; Director of Business Development; CFO
353,"NC Solar Now, Inc.",ncsolarnow.com,https://www.linkedin.com/company/nc-solar-now,"Raleigh, North Carolina",Renewable Energy Semiconductor Manufacturing,11-50 employees,Privately Held,TRUE,TRUE,FALSE,TRUE,2,0,6,0,0,2,5,15,D,medium,False,weak fit — likely installer or contractor,"[biz] no developer or commercial language | [lmi] LMI/equity language (1 signal) | [geo] US location (Raleigh, North Carolina) - moderate relevance | [strat] some mission language",Low priority — verify fit before outreach,CEO; Founder; Director of Business Development
370,Ocean Head Solar & Electric,oceanhead.com,https://www.linkedin.com/company/ocean-head-solar-&-electric,"Honolulu, HI",Renewable Energy Semiconductor Manufacturing,11-50 employees,Privately Held,TRUE,TRUE,FALSE,TRUE,8,3,0,0,0,4,0,15,D,medium,False,developer signals present,[biz] commercial/DG signals | [comm] commercial solar signals | [geo] high-opportunity state (HI) | [strat] generic or minimal mission language,Low priority — verify fit before outreach,VP of Development; CEO; Director of Business Development; CFO
419,Reimagine Roofing,reimagineroofing.com,https://www.linkedin.com/company/reimagineroofing,"Phoenix, Arizona",Construction,51-200 employees,Partnership,TRUE,TRUE,FALSE,TRUE,0,0,0,7,6,2,0,15,D,medium,False,meaningful scale,"[biz] installer/contractor industry, some developer language, roofing/HVAC in name+desc (strong penalty) | [cap] developer at scale implies financing needs | [scale] scale/repeat signals in description, smaller company (51-200) | [geo] US location (Phoenix, Arizona) - moderate relevance",Low priority — verify fit before outreach,CEO; Founder; Director of Business Development
424,"Renewable Energy Systems, LLC",ressolar.com,https://www.linkedin.com/company/renewable-energy-systems-llc,"Cohasset, MA",Renewables & Environment,11-50 employees,Privately Held,TRUE,TRUE,FALSE,TRUE,8,3,0,0,0,4,0,15,D,medium,False,developer signals present,[biz] commercial/DG signals | [comm] commercial solar signals | [geo] high-opportunity state (MA) | [strat] generic or minimal mission language,Low priority — verify fit before outreach,VP of Development; CEO; Director of Business Development; CFO
519,Solara Home Energy,gosolara.com,https://www.linkedin.com/company/gosolara,"Rocklin, California",Solar Electric Power Generation,51-200 employees,Privately Held,TRUE,TRUE,FALSE,TRUE,7,0,0,0,6,2,0,15,D,medium,False,meaningful scale,"[biz] developer industry, no developer or commercial language | [scale] scale/repeat signals in description, smaller company (51-200) | [geo] US location (Rocklin, California) - moderate relevance | [strat] generic or minimal mission language",Low priority — verify fit before outreach,CEO; Founder; Director of Business Development
538,South Sound Solar,southsoundsolar.com,https://www.linkedin.com/company/south-sound-solar,"Olmypia, WA",Renewable Energy Semiconductor Manufacturing,11-50 employees,Privately Held,TRUE,TRUE,FALSE,TRUE,8,3,0,0,0,4,0,15,D,medium,False,developer signals present,[biz] commercial/DG signals | [comm] commercial solar signals | [geo] high-opportunity state (WA) | [strat] generic or minimal mission language,Low priority — verify fit before outreach,VP of Development; CEO; Director of Business Development; CFO
568,SunFarm Energy,sunfarmenergy.net,https://www.linkedin.com/company/sunfarm-energy,"Pensacola, Florida",Solar Electric Power Generation,11-50 employees,Self Owned,TRUE,TRUE,FALSE,TRUE,10,3,0,0,0,2,0,15,D,medium,False,developer signals present,"[biz] developer industry, commercial/DG signals, self-employed/owned type | [comm] commercial solar signals | [geo] US location (Pensacola, Florida) - moderate relevance | [strat] generic or minimal mission language",Low priority — verify fit before outreach,VP of Development; CEO; Director of Business Development; CFO
613,The Copper Connection,thecopperconnectionco.com,https://www.linkedin.com/company/the-green-connection,"Parker, Colorado",Solar Electric Power Generation,11-50 employees,Self Owned,TRUE,TRUE,FALSE,TRUE,10,3,0,0,0,2,0,15,D,medium,True,developer signals present,"[biz] developer industry, commercial/DG signals, self-employed/owned type | [comm] commercial solar signals | [geo] US location (Parker, Colorado) - moderate relevance | [strat] generic or minimal mission language",Low priority — verify fit before outreach,VP of Development; CEO; Director of Business Development; CFO
15,"Advanced Renewable Solutions, LLC",arsolutions.us,https://www.linkedin.com/company/advanced-renewable-solutions-llc,"Bellmawr, New Jersey",Services for Renewable Energy,51-200 employees,Privately Held,TRUE,TRUE,FALSE,TRUE,8,3,0,0,1,2,0,14,D,medium,False,developer signals present,"[biz] commercial/DG signals | [comm] commercial solar signals | [scale] smaller company (51-200) | [geo] US location (Bellmawr, New Jersey) - moderate relevance | [strat] generic or minimal mission language",Low priority — verify fit before outreach,VP of Development; CEO; Director of Business Development; CFO
39,Apex Energy Tek,apexenergytek.com,https://www.linkedin.com/company/apex-energy-tek,"Queensbury, New York",Services for Renewable Energy,51-200 employees,Partnership,TRUE,TRUE,FALSE,TRUE,8,3,0,0,1,2,0,14,D,medium,False,developer signals present,"[biz] commercial/DG signals | [comm] commercial solar signals | [scale] smaller company (51-200) | [geo] US location (Queensbury, New York) - moderate relevance | [strat] generic or minimal mission language",Low priority — verify fit before outreach,VP of Development; CEO; Director of Business Development; CFO
54,Big Dog Solar,bigdogsolar.com,https://www.linkedin.com/company/big-dog-solar,"Pocatello, Idaho",Renewable Energy Semiconductor Manufacturing,51-200 employees,Partnership,TRUE,TRUE,FALSE,TRUE,8,3,0,0,1,2,0,14,D,medium,True,developer signals present,"[biz] commercial/DG signals | [comm] commercial solar signals | [scale] smaller company (51-200) | [geo] US location (Pocatello, Idaho) - moderate relevance | [strat] generic or minimal mission language",Low priority — verify fit before outreach,VP of Development; CEO; Director of Business Development; CFO
56,Big Dog Solar Energy,bigdogsolar.com,https://www.linkedin.com/company/big-dog-solar-energy,"Pocatello, Idaho",Renewable Energy Semiconductor Manufacturing,51-200 employees,Partnership,TRUE,TRUE,FALSE,TRUE,8,3,0,0,1,2,0,14,D,medium,True,developer signals present,"[biz] commercial/DG signals | [comm] commercial solar signals | [scale] smaller company (51-200) | [geo] US location (Pocatello, Idaho) - moderate relevance | [strat] generic or minimal mission language",Low priority — verify fit before outreach,VP of Development; CEO; Director of Business Development; CFO
102,Circle L Solar,circlelsolar.com,https://www.linkedin.com/company/circle-l-solar,"Fort Worth, Texas",Renewable Energy Semiconductor Manufacturing,51-200 employees,Privately Held,TRUE,TRUE,FALSE,TRUE,8,3,0,0,1,2,0,14,D,medium,False,developer signals present,"[biz] commercial/DG signals | [comm] commercial solar signals | [scale] smaller company (51-200) | [geo] US location (Fort Worth, Texas) - moderate relevance | [strat] generic or minimal mission language",Low priority — verify fit before outreach,VP of Development; CEO; Director of Business Development; CFO
147,Ecosave,ecosaveinc.com,https://www.linkedin.com/company/ecosave-llc,"Philadelphia, PA",Environmental Services,51-200 employees,Privately Held,TRUE,TRUE,FALSE,TRUE,8,3,0,0,1,2,0,14,D,medium,False,developer signals present,"[biz] commercial/DG signals | [comm] commercial solar signals | [scale] smaller company (51-200) | [geo] US location (Philadelphia, PA) - moderate relevance | [strat] generic or minimal mission language",Low priority — verify fit before outreach,VP of Development; CEO; Director of Business Development; CFO
195,Forme Solar,formesolar.com,https://www.linkedin.com/company/formesolar,"Irvine, California",Renewable Energy Semiconductor Manufacturing,51-200 employees,Privately Held,TRUE,TRUE,FALSE,TRUE,8,3,0,0,1,2,0,14,D,medium,False,developer signals present,"[biz] commercial/DG signals | [comm] commercial solar signals | [scale] smaller company (51-200) | [geo] US location (Irvine, California) - moderate relevance | [strat] generic or minimal mission language",Low priority — verify fit before outreach,VP of Development; CEO; Director of Business Development; CFO
211,Go Solar Power,gosolarpower.com,https://www.linkedin.com/company/go-solar-program,"Boca Raton, Florida",Renewable Energy Semiconductor Manufacturing,51-200 employees,Privately Held,TRUE,TRUE,FALSE,TRUE,8,3,0,0,1,2,0,14,D,medium,False,developer signals present,"[biz] commercial/DG signals | [comm] commercial solar signals | [scale] smaller company (51-200) | [geo] US location (Boca Raton, Florida) - moderate relevance | [strat] generic or minimal mission language",Low priority — verify fit before outreach,VP of Development; CEO; Director of Business Development; CFO
230,GreenBrilliance,greenbrilliance.com,https://www.linkedin.com/company/greenbrilliance,"Herndon, Virginia",Renewables & Environment,51-200 employees,Privately Held,TRUE,TRUE,FALSE,TRUE,8,3,0,0,1,2,0,14,D,medium,False,developer signals present,"[biz] commercial/DG signals | [comm] commercial solar signals | [scale] smaller company (51-200) | [geo] US location (Herndon, Virginia) - moderate relevance | [strat] generic or minimal mission language",Low priority — verify fit before outreach,VP of Development; CEO; Director of Business Development; CFO
244,Harvest Power LLC,harvestpowersolar.com,https://www.linkedin.com/company/harvest-power,"Islip Terrace, New York",Renewable Energy Semiconductor Manufacturing,51-200 employees,Partnership,TRUE,TRUE,FALSE,TRUE,8,3,0,0,1,2,0,14,D,medium,False,developer signals present,"[biz] commercial/DG signals | [comm] commercial solar signals | [scale] smaller company (51-200) | [geo] US location (Islip Terrace, New York) - moderate relevance | [strat] generic or minimal mission language",Low priority — verify fit before outreach,VP of Development; CEO; Director of Business Development; CFO
277,Ipsun Solar,ipsunsolar.com,https://www.linkedin.com/company/ipsun-solar,"Washington, District of Columbia",Renewables & Environment,51-200 employees,Privately Held,TRUE,TRUE,FALSE,TRUE,8,3,0,0,1,2,0,14,D,medium,False,developer signals present,"[biz] commercial/DG signals | [comm] commercial solar signals | [scale] smaller company (51-200) | [geo] US location (Washington, District of Columbia) - moderate relevance | [strat] generic or minimal mission language",Low priority — verify fit before outreach,VP of Development; CEO; Director of Business Development; CFO
313,Lonestar Solar Services,lonestarsolarservices.com,https://www.linkedin.com/company/lonestar-solar-services,"Houston, Texas",Renewable Energy Semiconductor Manufacturing,51-200 employees,Privately Held,TRUE,TRUE,FALSE,TRUE,8,3,0,0,1,2,0,14,D,medium,False,developer signals present,"[biz] commercial/DG signals | [comm] commercial solar signals | [scale] smaller company (51-200) | [geo] US location (Houston, Texas) - moderate relevance | [strat] generic or minimal mission language",Low priority — verify fit before outreach,VP of Development; CEO; Director of Business Development; CFO
348,Native Renewables Inc,nativerenewables.org,https://www.linkedin.com/company/native-renewables,"Flagstaff, AZ",Renewable Energy Semiconductor Manufacturing,11-50 employees,Non Profit,TRUE,TRUE,FALSE,TRUE,2,0,0,0,5,5,2,14,D,medium,False,weak fit — likely installer or contractor,[biz] no developer or commercial language | [scale] scale/repeat signals in description | [geo] multi-state/national footprint | [strat] nonprofit org type,Low priority — verify fit before outreach,CEO; Founder; Director of Business Development
425,Renewable Solar,renewablesolarhanford.com,https://www.linkedin.com/company/renewable-solar,"Hanford, California",Renewable Energy Semiconductor Manufacturing,51-200 employees,Privately Held,TRUE,TRUE,FALSE,TRUE,8,3,0,0,1,2,0,14,D,medium,False,developer signals present,"[biz] commercial/DG signals | [comm] commercial solar signals | [scale] smaller company (51-200) | [geo] US location (Hanford, California) - moderate relevance | [strat] generic or minimal mission language",Low priority — verify fit before outreach,VP of Development; CEO; Director of Business Development; CFO
446,Rooftop Power,rooftoppowerco.com,https://www.linkedin.com/company/rooftop-power,"Warwick, Rhode Island",Renewable Energy Semiconductor Manufacturing,51-200 employees,Privately Held,TRUE,TRUE,FALSE,TRUE,8,3,0,0,1,2,0,14,D,medium,False,developer signals present,"[biz] commercial/DG signals | [comm] commercial solar signals | [scale] smaller company (51-200) | [geo] US location (Warwick, Rhode Island) - moderate relevance | [strat] generic or minimal mission language",Low priority — verify fit before outreach,VP of Development; CEO; Director of Business Development; CFO
452,Sandbar Solar & Electric,sandbarsc.com,https://www.linkedin.com/company/sandbar-solar-and-electric,"Santa Cruz, California",Renewable Energy Semiconductor Manufacturing,51-200 employees,Privately Held,TRUE,TRUE,FALSE,TRUE,8,3,0,0,1,2,0,14,D,medium,False,developer signals present,"[biz] commercial/DG signals | [comm] commercial solar signals | [scale] smaller company (51-200) | [geo] US location (Santa Cruz, California) - moderate relevance | [strat] generic or minimal mission language",Low priority — verify fit before outreach,VP of Development; CEO; Director of Business Development; CFO
490,Solar Energy Partners,solarenergypartners.com,https://www.linkedin.com/company/solarenergypartners,"Smyrna, Georgia",Renewable Energy Semiconductor Manufacturing,11-50 employees,Partnership,TRUE,TRUE,FALSE,TRUE,2,0,3,0,0,2,7,14,D,medium,False,mission alignment,"[biz] no developer or commercial language | [lmi] mission/affordability language (no explicit LMI) | [geo] US location (Smyrna, Georgia) - moderate relevance | [strat] mission alignment (2 signals)",Low priority — verify fit before outreach,CEO; Founder; Director of Business Development
517,Solar Works Energy,solarworksenergy.com,https://www.linkedin.com/company/solar-works-energy,"Albuquerque, New Mexico",Renewable Energy Semiconductor Manufacturing,51-200 employees,Privately Held,TRUE,TRUE,FALSE,TRUE,8,3,0,0,1,2,0,14,D,low,False,developer signals present,"[biz] commercial/DG signals | [comm] commercial solar signals | [scale] smaller company (51-200) | [geo] US location (Albuquerque, New Mexico) - moderate relevance | [strat] generic or minimal mission language",Low priority — verify fit before outreach,VP of Development; CEO; Director of Business Development; CFO
525,SolarTech,solartechonline.com,https://www.linkedin.com/company/solartechinc,"San Diego, California",Renewables & Environment,51-200 employees,Partnership,TRUE,TRUE,FALSE,TRUE,8,3,0,0,1,2,0,14,D,medium,False,developer signals present,"[biz] commercial/DG signals | [comm] commercial solar signals | [scale] smaller company (51-200) | [geo] US location (San Diego, California) - moderate relevance | [strat] generic or minimal mission language",Low priority — verify fit before outreach,VP of Development; CEO; Director of Business Development; CFO
549,StraightUp Solar,straightupsolar.com,https://www.linkedin.com/company/straightup-solar,"St Louis, Missouri",Renewable Energy Semiconductor Manufacturing,51-200 employees,Privately Held,TRUE,TRUE,FALSE,TRUE,8,3,0,0,1,2,0,14,D,medium,False,developer signals present,"[biz] commercial/DG signals | [comm] commercial solar signals | [scale] smaller company (51-200) | [geo] US location (St Louis, Missouri) - moderate relevance | [strat] generic or minimal mission language",Low priority — verify fit before outreach,VP of Development; CEO; Director of Business Development; CFO
551,Streetleaf,streetleaf.com,https://www.linkedin.com/company/streetleaf,"Tampa, Florida",Solar Electric Power Generation,11-50 employees,Privately Held,TRUE,TRUE,FALSE,TRUE,7,0,0,0,5,2,0,14,D,medium,False,weak fit — likely installer or contractor,"[biz] developer industry, no developer or commercial language | [scale] scale/repeat signals in description | [geo] US location (Tampa, Florida) - moderate relevance | [strat] generic or minimal mission language",Low priority — verify fit before outreach,CEO; Founder; Director of Business Development
555,Sun Collectors,suncollectors.solar,https://www.linkedin.com/company/suncollectors,"Peoria, Illinois",Services for Renewable Energy,11-50 employees,Privately Held,TRUE,TRUE,FALSE,TRUE,2,0,3,0,0,2,7,14,D,medium,False,mission alignment,"[biz] no developer or commercial language | [lmi] mission/affordability language (no explicit LMI) | [geo] US location (Peoria, Illinois) - moderate relevance | [strat] mission alignment (2 signals)",Low priority — verify fit before outreach,CEO; Founder; Director of Business Development
562,Sunbug Solar,sunbugsolar.com,https://www.linkedin.com/company/sunbug-solar,"Woburn, Massachusetts",Environmental Services,51-200 employees,Partnership,TRUE,TRUE,FALSE,TRUE,8,3,0,0,1,2,0,14,D,medium,False,developer signals present,"[biz] commercial/DG signals | [comm] commercial solar signals | [scale] smaller company (51-200) | [geo] US location (Woburn, Massachusetts) - moderate relevance | [strat] generic or minimal mission language",Low priority — verify fit before outreach,VP of Development; CEO; Director of Business Development; CFO
581,Sunrise Power Solutions,sunrisepowersolutions.com,https://www.linkedin.com/company/sunrise-power-solutions,"Hauppauge, New York",Renewables & Environment,51-200 employees,Privately Held,TRUE,TRUE,FALSE,TRUE,8,3,0,0,1,2,0,14,D,medium,False,developer signals present,"[biz] commercial/DG signals | [comm] commercial solar signals | [scale] smaller company (51-200) | [geo] US location (Hauppauge, New York) - moderate relevance | [strat] generic or minimal mission language",Low priority — verify fit before outreach,VP of Development; CEO; Director of Business Development; CFO
603,Technicians for Sustainability (TFS),tfssolar.com,https://www.linkedin.com/company/technicians-for-sustainability,"Tucson, Arizona",Renewables & Environment,51-200 employees,Privately Held,TRUE,TRUE,FALSE,TRUE,8,3,0,0,1,2,0,14,D,medium,False,developer signals present,"[biz] commercial/DG signals | [comm] commercial solar signals | [scale] smaller company (51-200) | [geo] US location (Tucson, Arizona) - moderate relevance | [strat] generic or minimal mission language",Low priority — verify fit before outreach,VP of Development; CEO; Director of Business Development; CFO
624,TriSMART Solar,trismartsolar.com,https://www.linkedin.com/company/trismart-solar,"Houston, Texas",Services for Renewable Energy,201-500 employees,Privately Held,TRUE,TRUE,FALSE,TRUE,2,0,3,0,2,2,5,14,D,medium,False,weak fit — likely installer or contractor,"[biz] no developer or commercial language | [lmi] mission/affordability language (no explicit LMI) | [scale] mid company (201-500) | [geo] US location (Houston, Texas) - moderate relevance | [strat] some mission language",Low priority — verify fit before outreach,CEO; Founder; Director of Business Development
630,Universal Contracting - Roofing Division,ucroof.com,https://www.linkedin.com/company/universal-contracting-of-fl,"Lehigh Acres, Florida",Construction,51-200 employees,Privately Held,TRUE,TRUE,FALSE,TRUE,0,3,0,3,6,2,0,14,D,medium,True,meaningful scale,"[biz] installer/contractor industry, commercial/DG signals, roofing/HVAC in name+desc (strong penalty) | [comm] commercial solar signals | [cap] commercial at scale (weak financing relevance) | [scale] scale/repeat signals in description, smaller company (51-200) | [geo] US location (Lehigh Acres, Florida) - moderate relevance | [strat] generic or minimal mission language",Low priority — verify fit before outreach,CEO; Founder; Director of Business Development
9,"ABCO Solar, Inc.",abcosolar.com,https://www.linkedin.com/company/abco-solar-inc-,"Tucson, AZ",Renewable Energy Semiconductor Manufacturing,11-50 employees,Privately Held,TRUE,TRUE,FALSE,TRUE,8,3,0,0,0,2,0,13,D,medium,False,developer signals present,"[biz] commercial/DG signals | [comm] commercial solar signals | [geo] US location (Tucson, AZ) - moderate relevance | [strat] generic or minimal mission language",Low priority — verify fit before outreach,VP of Development; CEO; Director of Business Development; CFO
23,All American Exterior Solutions,aaexs.com,https://www.linkedin.com/company/allamericanexteriorsolutions,"Lake Zurich, IL",Construction,51-200 employees,Privately Held,TRUE,TRUE,FALSE,TRUE,5,3,0,0,1,4,0,13,D,medium,False,weak fit — likely installer or contractor,"[biz] installer/contractor industry, commercial/DG signals | [comm] commercial solar signals | [scale] smaller company (51-200) | [geo] high-opportunity state (IL) | [strat] generic or minimal mission language",Low priority — verify fit before outreach,CEO; Founder; Director of Business Development
27,Alpenglow Energy,alpenglowenergy.com,https://www.linkedin.com/company/alpenglow-energy,"Park City, Utah",Renewables & Environment,11-50 employees,Partnership,TRUE,TRUE,FALSE,TRUE,8,3,0,0,0,2,0,13,D,medium,False,developer signals present,"[biz] commercial/DG signals | [comm] commercial solar signals | [geo] US location (Park City, Utah) - moderate relevance | [strat] generic or minimal mission language",Low priority — verify fit before outreach,VP of Development; CEO; Director of Business Development; CFO
28,Alternate Energy Technologies,aetsolar.com,https://www.linkedin.com/company/alternate-energy-technologies,"Green Cove Springs, FL",Renewable Energy Semiconductor Manufacturing,11-50 employees,Privately Held,TRUE,TRUE,FALSE,TRUE,8,3,0,0,0,2,0,13,D,medium,False,developer signals present,"[biz] commercial/DG signals | [comm] commercial solar signals | [geo] US location (Green Cove Springs, FL) - moderate relevance | [strat] generic or minimal mission language",Low priority — verify fit before outreach,VP of Development; CEO; Director of Business Development; CFO
32,American Array Solar Inc.,americanarraysolar.com,https://www.linkedin.com/company/american-array-solar,"Livermore, California",Renewables & Environment,11-50 employees,Privately Held,TRUE,TRUE,FALSE,TRUE,8,3,0,0,0,2,0,13,D,medium,False,developer signals present,"[biz] commercial/DG signals | [comm] commercial solar signals | [geo] US location (Livermore, California) - moderate relevance | [strat] generic or minimal mission language",Low priority — verify fit before outreach,VP of Development; CEO; Director of Business Development; CFO
35,American Solar Power Inc.,asolarp.com,https://www.linkedin.com/company/americansolarpowerinc,"Los Angeles, California",Renewable Energy Semiconductor Manufacturing,11-50 employees,Privately Held,TRUE,TRUE,FALSE,TRUE,8,3,0,0,0,2,0,13,D,medium,False,developer signals present,"[biz] commercial/DG signals | [comm] commercial solar signals | [geo] US location (Los Angeles, California) - moderate relevance | [strat] generic or minimal mission language",Low priority — verify fit before outreach,VP of Development; CEO; Director of Business Development; CFO
38,Ananta Energy Source,goananta.com,https://www.linkedin.com/company/ananta-energy-source,"Columbus, OH",Utilities,2-10 employees,Privately Held,TRUE,TRUE,FALSE,TRUE,8,3,0,0,0,2,0,13,D,medium,True,developer signals present,"[biz] commercial/DG signals | [comm] commercial solar signals | [scale] very small scale penalty | [geo] US location (Columbus, OH) - moderate relevance | [strat] generic or minimal mission language",Low priority — verify fit before outreach,VP of Development; CEO; Director of Business Development; CFO
40,Apollo Energy,harnessoursun.com,https://www.linkedin.com/company/harnessoursun,"Denver, Colorado",Services for Renewable Energy,11-50 employees,Privately Held,TRUE,TRUE,FALSE,TRUE,8,3,0,0,0,2,0,13,D,medium,False,developer signals present,"[biz] commercial/DG signals | [comm] commercial solar signals | [geo] US location (Denver, Colorado) - moderate relevance | [strat] generic or minimal mission language",Low priority — verify fit before outreach,VP of Development; CEO; Director of Business Development; CFO
59,"Bixby Electric, Inc.",bixbyelectric.com,https://www.linkedin.com/company/bixby-electric-inc-,"Albuquerque, NM",Construction,51-200 employees,Privately Held,TRUE,TRUE,FALSE,TRUE,5,3,0,0,1,4,0,13,D,medium,False,weak fit — likely installer or contractor,"[biz] installer/contractor industry, commercial/DG signals | [comm] commercial solar signals | [scale] smaller company (51-200) | [geo] high-opportunity state (NM) | [strat] generic or minimal mission language",Low priority — verify fit before outreach,CEO; Founder; Director of Business Development
64,Blue Raven Solar,blueravensolar.com,https://www.linkedin.com/company/blue-raven-solar,"Orem, UT",Renewable Energy Semiconductor Manufacturing,"1,001-5,000 employees",Privately Held,TRUE,TRUE,FALSE,TRUE,0,0,0,0,8,5,0,13,D,medium,True,meaningful scale,"[biz] residential-only profile, no developer or commercial language | [scale] scale/repeat signals in description, mid-large company (501-1000) | [geo] multi-state/national footprint | [strat] generic or minimal mission language",Low priority — verify fit before outreach,CEO; Founder; Director of Business Development
83,Bullet Solar Solutions,bulletsolar.com,https://www.linkedin.com/company/bullet-energy-solutions,"Houston, Texas",Services for Renewable Energy,11-50 employees,Partnership,TRUE,TRUE,FALSE,TRUE,8,3,0,0,0,2,0,13,D,medium,False,developer signals present,"[biz] commercial/DG signals | [comm] commercial solar signals | [geo] US location (Houston, Texas) - moderate relevance | [strat] generic or minimal mission language",Low priority — verify fit before outreach,VP of Development; CEO; Director of Business Development; CFO
89,"Cape Fear Solar Systems, LLC",capefearsolarsystems.com,https://www.linkedin.com/company/cape-fear-solar-systems-llc,"Wilmington, North Carolina",Renewables & Environment,11-50 employees,Privately Held,TRUE,TRUE,FALSE,TRUE,8,3,0,0,0,2,0,13,D,medium,False,developer signals present,"[biz] commercial/DG signals | [comm] commercial solar signals | [geo] US location (Wilmington, North Carolina) - moderate relevance | [strat] generic or minimal mission language",Low priority — verify fit before outreach,VP of Development; CEO; Director of Business Development; CFO
98,Charge Bliss,chargebliss.com,https://www.linkedin.com/company/charge-bliss,"Los Angeles, California",Renewable Energy Semiconductor Manufacturing,11-50 employees,Privately Held,TRUE,TRUE,FALSE,TRUE,8,3,0,0,0,2,0,13,D,medium,False,developer signals present,"[biz] commercial/DG signals | [comm] commercial solar signals | [geo] US location (Los Angeles, California) - moderate relevance | [strat] generic or minimal mission language",Low priority — verify fit before outreach,VP of Development; CEO; Director of Business Development; CFO
107,Clean Energy USA,ceusa.com,https://www.linkedin.com/company/clean-energy-usa,"Rehoboth Beach, Delaware",Renewable Energy Semiconductor Manufacturing,11-50 employees,Privately Held,TRUE,TRUE,FALSE,TRUE,8,3,0,0,0,2,0,13,D,medium,False,developer signals present,"[biz] commercial/DG signals | [comm] commercial solar signals | [geo] US location (Rehoboth Beach, Delaware) - moderate relevance | [strat] generic or minimal mission language",Low priority — verify fit before outreach,VP of Development; CEO; Director of Business Development; CFO
113,Compass Solar Energy,compasssolar.com,https://www.linkedin.com/company/compass-solar-energy-inc-,"Pensacola, Florida",Renewable Energy Semiconductor Manufacturing,11-50 employees,Privately Held,TRUE,TRUE,FALSE,TRUE,8,3,0,0,0,2,0,13,D,medium,False,developer signals present,"[biz] commercial/DG signals | [comm] commercial solar signals | [geo] US location (Pensacola, Florida) - moderate relevance | [strat] generic or minimal mission language",Low priority — verify fit before outreach,VP of Development; CEO; Director of Business Development; CFO
124,Cromwell Solar,cromwellsolar.com,https://www.linkedin.com/company/cromwellsolar,"Lawrence, Kansas",Renewable Energy Semiconductor Manufacturing,11-50 employees,Privately Held,TRUE,TRUE,FALSE,TRUE,8,3,0,0,0,2,0,13,D,medium,False,developer signals present,"[biz] commercial/DG signals | [comm] commercial solar signals | [geo] US location (Lawrence, Kansas) - moderate relevance | [strat] generic or minimal mission language",Low priority — verify fit before outreach,VP of Development; CEO; Director of Business Development; CFO
164,Energy Harbor LLC,energyharborfl.com,https://www.linkedin.com/company/energyharborfl,"Tampa, Florida",Services for Renewable Energy,2-10 employees,Privately Held,TRUE,TRUE,FALSE,TRUE,8,3,0,0,0,2,0,13,D,medium,True,developer signals present,"[biz] commercial/DG signals | [comm] commercial solar signals | [scale] very small scale penalty | [geo] US location (Tampa, Florida) - moderate relevance | [strat] generic or minimal mission language",Low priority — verify fit before outreach,VP of Development; CEO; Director of Business Development; CFO
178,EV Power Source,evpowersource.com,https://www.linkedin.com/company/evpowersource,"Dallas, Texas",Renewables & Environment,11-50 employees,Privately Held,TRUE,TRUE,FALSE,TRUE,8,3,0,0,0,2,0,13,D,medium,False,developer signals present,"[biz] commercial/DG signals | [comm] commercial solar signals | [geo] US location (Dallas, Texas) - moderate relevance | [strat] generic or minimal mission language",Low priority — verify fit before outreach,VP of Development; CEO; Director of Business Development; CFO
185,EVunited,evunited.com,https://www.linkedin.com/company/evunited,"Dublin, Ohio",Business Consulting and Services,2-10 employees,Privately Held,TRUE,TRUE,FALSE,TRUE,8,3,0,0,0,2,0,13,D,medium,True,developer signals present,"[biz] commercial/DG signals | [comm] commercial solar signals | [scale] very small scale penalty | [geo] US location (Dublin, Ohio) - moderate relevance | [strat] generic or minimal mission language",Low priority — verify fit before outreach,VP of Development; CEO; Director of Business Development; CFO
197,Fortis,us.com,https://www.linkedin.com/company/fortis-guarantee,"Denver, Colorado",Business Consulting and Services,11-50 employees,Privately Held,TRUE,TRUE,FALSE,TRUE,8,3,0,0,0,2,0,13,D,medium,True,developer signals present,"[biz] commercial/DG signals | [comm] commercial solar signals | [geo] US location (Denver, Colorado) - moderate relevance | [strat] generic or minimal mission language",Low priority — verify fit before outreach,VP of Development; CEO; Director of Business Development; CFO
200,Fresh Coast Solar,freshcoastsolar.com,https://www.linkedin.com/company/fresh-coast-solar,"Chicago, Illinois",Renewable Energy Semiconductor Manufacturing,2-10 employees,Privately Held,TRUE,TRUE,FALSE,TRUE,0,0,6,0,0,2,5,13,D,low,True,weak fit — likely installer or contractor,"[biz] residential-only profile, no developer or commercial language | [lmi] LMI/equity language (1 signal) | [scale] very small scale penalty | [geo] US location (Chicago, Illinois) - moderate relevance | [strat] some mission language",Low priority — verify fit before outreach,CEO; Founder; Director of Business Development
208,Glaser Solar Inc,glasersolar.com,https://www.linkedin.com/company/glaser-solar-inc,"Northglenn, Colorado",Services for Renewable Energy,2-10 employees,Privately Held,TRUE,TRUE,FALSE,TRUE,8,3,0,0,0,2,0,13,D,medium,True,developer signals present,"[biz] commercial/DG signals | [comm] commercial solar signals | [scale] very small scale penalty | [geo] US location (Northglenn, Colorado) - moderate relevance | [strat] generic or minimal mission language",Low priority — verify fit before outreach,VP of Development; CEO; Director of Business Development; CFO
222,"Green Alternatives, Inc.",gai.energy,https://www.linkedin.com/company/green-alternatives-inc,"Flora, Indiana",Renewable Energy Semiconductor Manufacturing,11-50 employees,Privately Held,TRUE,TRUE,FALSE,TRUE,8,3,0,0,0,2,0,13,D,medium,False,developer signals present,"[biz] commercial/DG signals | [comm] commercial solar signals | [geo] US location (Flora, Indiana) - moderate relevance | [strat] generic or minimal mission language",Low priority — verify fit before outreach,VP of Development; CEO; Director of Business Development; CFO
265,ImagineSolar,imaginesolar.com,https://www.linkedin.com/company/imaginesolar,"Austin, Texas",Renewable Energy Semiconductor Manufacturing,2-10 employees,Privately Held,TRUE,TRUE,FALSE,TRUE,8,3,0,0,0,2,0,13,D,medium,True,developer signals present,"[biz] commercial/DG signals | [comm] commercial solar signals | [scale] very small scale penalty | [geo] US location (Austin, Texas) - moderate relevance | [strat] generic or minimal mission language",Low priority — verify fit before outreach,VP of Development; CEO; Director of Business Development; CFO
291,Kanta Electric Corp.,kantaelectric.com,https://www.linkedin.com/company/kanta-electric-corp-,"Woodside, NY",Construction,51-200 employees,Privately Held,TRUE,TRUE,FALSE,TRUE,5,3,0,0,1,4,0,13,D,medium,False,weak fit — likely installer or contractor,"[biz] installer/contractor industry, commercial/DG signals | [comm] commercial solar signals | [scale] smaller company (51-200) | [geo] high-opportunity state (NY) | [strat] generic or minimal mission language",Low priority — verify fit before outreach,CEO; Founder; Director of Business Development
301,KS Electric,kselectric.com,https://www.linkedin.com/company/kuykendall-solar-corporation,"Madera, California",Renewable Energy Semiconductor Manufacturing,11-50 employees,Privately Held,TRUE,TRUE,FALSE,TRUE,8,3,0,0,0,2,0,13,D,medium,False,developer signals present,"[biz] commercial/DG signals | [comm] commercial solar signals | [geo] US location (Madera, California) - moderate relevance | [strat] generic or minimal mission language",Low priority — verify fit before outreach,VP of Development; CEO; Director of Business Development; CFO
316,"Lucent Energy Management, dba Lucent Solar",lucent-energy.com,https://www.linkedin.com/company/lucentsolar,"Union, New Jersey",Renewable Energy Semiconductor Manufacturing,11-50 employees,Privately Held,TRUE,TRUE,FALSE,TRUE,8,3,0,0,0,2,0,13,D,medium,False,developer signals present,"[biz] commercial/DG signals | [comm] commercial solar signals | [geo] US location (Union, New Jersey) - moderate relevance | [strat] generic or minimal mission language",Low priority — verify fit before outreach,VP of Development; CEO; Director of Business Development; CFO
327,McPherson Engineering,mcphersonengineering.com,https://www.linkedin.com/company/mcp-engineering,"Jurupa Valley, California",Civil Engineering,11-50 employees,Privately Held,TRUE,TRUE,FALSE,TRUE,8,3,0,0,0,2,0,13,D,medium,False,developer signals present,"[biz] commercial/DG signals | [comm] commercial solar signals | [geo] US location (Jurupa Valley, California) - moderate relevance | [strat] generic or minimal mission language",Low priority — verify fit before outreach,VP of Development; CEO; Director of Business Development; CFO
332,Midwest Solar Power,mwsolarpower.com,https://www.linkedin.com/company/midwest-solar-power,"MADISON, WI - Wisconsin",Environmental Services,2-10 employees,Partnership,TRUE,TRUE,FALSE,TRUE,8,3,0,0,0,2,0,13,D,low,True,developer signals present,"[biz] commercial/DG signals | [comm] commercial solar signals | [scale] very small scale penalty | [geo] US location (MADISON, WI - Wisconsin) - moderate relevance | [strat] generic or minimal mission language",Low priority — verify fit before outreach,VP of Development; CEO; Director of Business Development; CFO
337,Moore Energy LLC,mooreenergy.com,https://www.linkedin.com/company/moore-energy-llc,"Southampton, Pennsylvania",Renewable Energy Semiconductor Manufacturing,11-50 employees,Privately Held,TRUE,TRUE,FALSE,TRUE,8,3,0,0,0,2,0,13,D,medium,False,developer signals present,"[biz] commercial/DG signals | [comm] commercial solar signals | [geo] US location (Southampton, Pennsylvania) - moderate relevance | [strat] generic or minimal mission language",Low priority — verify fit before outreach,VP of Development; CEO; Director of Business Development; CFO
409,"Q Meccanica, Inc.",qmeccanica.com,https://www.linkedin.com/company/q-meccanica-inc,California,Design,11-50 employees,Privately Held,TRUE,TRUE,FALSE,TRUE,8,3,0,0,0,2,0,13,D,medium,False,developer signals present,[biz] commercial/DG signals | [comm] commercial solar signals | [geo] US location (California) - moderate relevance | [strat] generic or minimal mission language,Low priority — verify fit before outreach,VP of Development; CEO; Director of Business Development; CFO
421,Renewable Energy Design Group,redgroupnc.com,https://www.linkedin.com/company/renewable-energy-design-group,"Lewisville, North Carolina",Renewable Energy Semiconductor Manufacturing,2-10 employees,Privately Held,TRUE,TRUE,FALSE,TRUE,8,3,0,0,0,2,0,13,D,medium,True,developer signals present,"[biz] commercial/DG signals | [comm] commercial solar signals | [scale] very small scale penalty | [geo] US location (Lewisville, North Carolina) - moderate relevance | [strat] generic or minimal mission language",Low priority — verify fit before outreach,VP of Development; CEO; Director of Business Development; CFO
473,Simply Solar LLC (CA),simplysolarsocal.com,https://www.linkedin.com/company/simply-solar-llc-ca-,"Rancho Cucamonga, California",Renewable Energy Semiconductor Manufacturing,11-50 employees,Privately Held,TRUE,TRUE,FALSE,TRUE,8,3,0,0,0,2,0,13,D,medium,False,developer signals present,"[biz] commercial/DG signals | [comm] commercial solar signals | [geo] US location (Rancho Cucamonga, California) - moderate relevance | [strat] generic or minimal mission language",Low priority — verify fit before outreach,VP of Development; CEO; Director of Business Development; CFO
476,Skylar Solar UK,skylarsolar.co.uk,https://www.linkedin.com/company/skylar-solar-uk,Brentwood,Renewable Energy Semiconductor Manufacturing,11-50 employees,Privately Held,TRUE,TRUE,FALSE,TRUE,8,3,0,0,0,2,0,13,D,medium,False,developer signals present,[biz] commercial/DG signals | [comm] commercial solar signals | [geo] US location (Brentwood) - moderate relevance | [strat] generic or minimal mission language,Low priority — verify fit before outreach,VP of Development; CEO; Director of Business Development; CFO
505,Solar Power Pros Inc.,solarpowerpros.com,https://www.linkedin.com/company/solar-power-pros-inc-,"Centennial, Colorado",Renewables & Environment,11-50 employees,Privately Held,TRUE,TRUE,FALSE,TRUE,8,3,0,0,0,2,0,13,D,medium,False,developer signals present,"[biz] commercial/DG signals | [comm] commercial solar signals | [geo] US location (Centennial, Colorado) - moderate relevance | [strat] generic or minimal mission language",Low priority — verify fit before outreach,VP of Development; CEO; Director of Business Development; CFO
511,Solar States,solar-states.com,https://www.linkedin.com/company/solar-states-llc,"Philadelphia, Pennsylvania",Renewable Energy Semiconductor Manufacturing,11-50 employees,Privately Held,TRUE,TRUE,FALSE,TRUE,8,3,0,0,0,2,0,13,D,medium,False,developer signals present,"[biz] commercial/DG signals | [comm] commercial solar signals | [geo] US location (Philadelphia, Pennsylvania) - moderate relevance | [strat] generic or minimal mission language",Low priority — verify fit before outreach,VP of Development; CEO; Director of Business Development; CFO
515,Solar Topps,solartopps.com,https://www.linkedin.com/company/solartopps,"Phoenix, Arizona",Renewable Energy Semiconductor Manufacturing,51-200 employees,Privately Held,TRUE,TRUE,FALSE,TRUE,2,0,3,0,1,2,5,13,D,medium,False,weak fit — likely installer or contractor,"[biz] no developer or commercial language | [lmi] mission/affordability language (no explicit LMI) | [scale] smaller company (51-200) | [geo] US location (Phoenix, Arizona) - moderate relevance | [strat] some mission language",Low priority — verify fit before outreach,CEO; Founder; Director of Business Development
520,SolareAmerica,solareamerica.com,https://www.linkedin.com/company/solare,"Upper Darby, PA",Renewable Energy Semiconductor Manufacturing,11-50 employees,Privately Held,TRUE,TRUE,FALSE,TRUE,8,3,0,0,0,2,0,13,D,medium,False,developer signals present,"[biz] commercial/DG signals | [comm] commercial solar signals | [geo] US location (Upper Darby, PA) - moderate relevance | [strat] generic or minimal mission language",Low priority — verify fit before outreach,VP of Development; CEO; Director of Business Development; CFO
529,SolFarm Solar Co.,solfarm.com,https://www.linkedin.com/company/solfarm-solar-co.,"Asheville, North Carolina (NC)",Renewables & Environment,2-10 employees,Privately Held,TRUE,TRUE,FALSE,TRUE,8,3,0,0,0,2,0,13,D,medium,True,developer signals present,"[biz] commercial/DG signals | [comm] commercial solar signals | [scale] very small scale penalty | [geo] US location (Asheville, North Carolina (NC)) - moderate relevance | [strat] generic or minimal mission language",Low priority — verify fit before outreach,VP of Development; CEO; Director of Business Development; CFO
532,SOLRITE Energy,solriteenergy.com,https://www.linkedin.com/company/solrite-energy,"Fort Worth, TX",Services for Renewable Energy,11-50 employees,Self Employed,TRUE,TRUE,FALSE,TRUE,7,0,0,4,0,2,0,13,D,medium,True,weak fit — likely installer or contractor,"[biz] some developer language, self-employed/owned type | [cap] developer language implies some financing need | [scale] developer implies some repeatability, very small scale penalty | [geo] US location (Fort Worth, TX) - moderate relevance",Low priority — verify fit before outreach,CEO; Founder; Director of Business Development
542,Spreck Energy Inc.,spreckenergy.com,https://www.linkedin.com/company/spreck-energy-inc,"Danville, California",Renewables & Environment,11-50 employees,Privately Held,TRUE,TRUE,FALSE,TRUE,8,3,0,0,0,2,0,13,D,medium,False,developer signals present,"[biz] commercial/DG signals | [comm] commercial solar signals | [geo] US location (Danville, California) - moderate relevance | [strat] generic or minimal mission language",Low priority — verify fit before outreach,VP of Development; CEO; Director of Business Development; CFO
550,Strawberry Solar,strawberrysolar.com,https://www.linkedin.com/company/strawberry-solar,"Detroit, Michigan",Renewable Energy Semiconductor Manufacturing,2-10 employees,Privately Held,TRUE,TRUE,FALSE,TRUE,8,3,0,0,0,2,0,13,D,medium,True,developer signals present,"[biz] commercial/DG signals | [comm] commercial solar signals | [scale] very small scale penalty | [geo] US location (Detroit, Michigan) - moderate relevance | [strat] generic or minimal mission language",Low priority — verify fit before outreach,VP of Development; CEO; Director of Business Development; CFO
554,"Sun City Solar Energy, LLC",suncityenergy.com,https://www.linkedin.com/company/sun-city-solar-energy-llc,"Fayetteville, Arkansas",Renewable Energy Semiconductor Manufacturing,2-10 employees,Privately Held,TRUE,TRUE,FALSE,TRUE,8,3,0,0,0,2,0,13,D,medium,True,developer signals present,"[biz] commercial/DG signals | [comm] commercial solar signals | [scale] very small scale penalty | [geo] US location (Fayetteville, Arkansas) - moderate relevance | [strat] generic or minimal mission language",Low priority — verify fit before outreach,VP of Development; CEO; Director of Business Development; CFO
576,Sunlogix Energy,sunlogix.com,https://www.linkedin.com/company/sunlogix-energy,"Palm Desert, California",Renewable Energy Semiconductor Manufacturing,11-50 employees,Privately Held,TRUE,TRUE,FALSE,TRUE,8,3,0,0,0,2,0,13,D,medium,False,developer signals present,"[biz] commercial/DG signals | [comm] commercial solar signals | [geo] US location (Palm Desert, California) - moderate relevance | [strat] generic or minimal mission language",Low priority — verify fit before outreach,VP of Development; CEO; Director of Business Development; CFO
583,"Sunrise Solar Solutions, LLC",sunrisesolarllc.com,https://www.linkedin.com/company/sunrise-solar-solutions-llc,"Briarcliff Manor, New York",Renewable Energy Semiconductor Manufacturing,2-10 employees,Privately Held,TRUE,TRUE,FALSE,TRUE,8,3,0,0,0,2,0,13,D,medium,True,developer signals present,"[biz] commercial/DG signals | [comm] commercial solar signals | [scale] very small scale penalty | [geo] US location (Briarcliff Manor, New York) - moderate relevance | [strat] generic or minimal mission language",Low priority — verify fit before outreach,VP of Development; CEO; Director of Business Development; CFO
594,Superior Energy Solutions,senergys.com,https://www.linkedin.com/company/superior-energy-solutions-llc,"Kalida, Ohio",Services for Renewable Energy,11-50 employees,Privately Held,TRUE,TRUE,FALSE,TRUE,8,3,0,0,0,2,0,13,D,medium,False,developer signals present,"[biz] commercial/DG signals | [comm] commercial solar signals | [geo] US location (Kalida, Ohio) - moderate relevance | [strat] generic or minimal mission language",Low priority — verify fit before outreach,VP of Development; CEO; Director of Business Development; CFO
605,Texas Best Solar,texasbestsolar.com,https://www.linkedin.com/company/texas-best-solar,"Denton, Texas",Renewable Energy Semiconductor Manufacturing,2-10 employees,Partnership,TRUE,TRUE,FALSE,TRUE,8,3,0,0,0,2,0,13,D,medium,True,developer signals present,"[biz] commercial/DG signals | [comm] commercial solar signals | [scale] very small scale penalty | [geo] US location (Denton, Texas) - moderate relevance | [strat] generic or minimal mission language",Low priority — verify fit before outreach,VP of Development; CEO; Director of Business Development; CFO
606,Texas Solar Consulting,texas-solarconsulting.com,https://www.linkedin.com/company/texas-solar-consulting,"Houston, Tx",Services for Renewable Energy,2-10 employees,Privately Held,TRUE,TRUE,FALSE,TRUE,8,3,0,0,0,2,0,13,D,medium,True,developer signals present,"[biz] commercial/DG signals | [comm] commercial solar signals | [scale] very small scale penalty | [geo] US location (Houston, Tx) - moderate relevance | [strat] generic or minimal mission language",Low priority — verify fit before outreach,VP of Development; CEO; Director of Business Development; CFO
608,Texon Solar Energy LLC,texonsolar.com,https://www.linkedin.com/company/texon-solar-energy-llc,"Houston, TX",Services for Renewable Energy,11-50 employees,Privately Held,TRUE,TRUE,FALSE,TRUE,8,3,0,0,0,2,0,13,D,medium,False,developer signals present,"[biz] commercial/DG signals | [comm] commercial solar signals | [geo] US location (Houston, TX) - moderate relevance | [strat] generic or minimal mission language",Low priority — verify fit before outreach,VP of Development; CEO; Director of Business Development; CFO
642,Villara Building Systems,villara.com,https://www.linkedin.com/company/villara-building-systems,"McClellan Park, California",Construction,"1,001-5,000 employees",Privately Held,TRUE,TRUE,FALSE,TRUE,5,3,0,0,3,2,0,13,D,medium,False,weak fit — likely installer or contractor,"[biz] installer/contractor industry, commercial/DG signals | [comm] commercial solar signals | [scale] mid-large company (501-1000) | [geo] US location (McClellan Park, California) - moderate relevance | [strat] generic or minimal mission language",Low priority — verify fit before outreach,CEO; Founder; Director of Business Development
647,Vyomaa Energy,vyomaa.com,https://www.linkedin.com/company/vyomaa-energy,"Raleigh, North Carolina",Services for Renewable Energy,11-50 employees,Privately Held,TRUE,TRUE,FALSE,TRUE,8,3,0,0,0,2,0,13,D,medium,False,developer signals present,"[biz] commercial/DG signals | [comm] commercial solar signals | [geo] US location (Raleigh, North Carolina) - moderate relevance | [strat] generic or minimal mission language",Low priority — verify fit before outreach,VP of Development; CEO; Director of Business Development; CFO
649,West Texas Solar,west-texas-solar.com,https://www.linkedin.com/company/westtexassolar,"Abilene, Texas",Renewables & Environment,2-10 employees,Partnership,TRUE,TRUE,FALSE,TRUE,8,3,0,0,0,2,0,13,D,medium,True,developer signals present,"[biz] commercial/DG signals | [comm] commercial solar signals | [scale] very small scale penalty | [geo] US location (Abilene, Texas) - moderate relevance | [strat] generic or minimal mission language",Low priority — verify fit before outreach,VP of Development; CEO; Director of Business Development; CFO
659,Xova Energy,xovaenergy.com,https://www.linkedin.com/company/xova-energy,"Hot Springs, Arkansas",Services for Renewable Energy,2-10 employees,Privately Held,TRUE,TRUE,FALSE,TRUE,8,3,0,0,0,2,0,13,D,medium,True,developer signals present,"[biz] commercial/DG signals | [comm] commercial solar signals | [scale] very small scale penalty | [geo] US location (Hot Springs, Arkansas) - moderate relevance | [strat] generic or minimal mission language",Low priority — verify fit before outreach,VP of Development; CEO; Director of Business Development; CFO
246,Haven Energy,havenenergy.com,https://www.linkedin.com/company/haven-energy,Los Angeles,Services for Renewable Energy,11-50 employees,Privately Held,TRUE,TRUE,FALSE,TRUE,2,0,3,0,0,2,5,12,D,medium,False,weak fit — likely installer or contractor,[biz] no developer or commercial language | [lmi] mission/affordability language (no explicit LMI) | [geo] US location (Los Angeles) - moderate relevance | [strat] some mission language,Low priority — verify fit before outreach,CEO; Founder; Director of Business Development
263,IE Construction,ieconstruction.com,https://www.linkedin.com/company/ieconstruction-official,"Fontana, CA",Solar Electric Power Generation,51-200 employees,Privately Held,TRUE,TRUE,FALSE,TRUE,7,0,0,0,1,4,0,12,D,medium,False,weak fit — likely installer or contractor,"[biz] developer industry, no developer or commercial language | [scale] smaller company (51-200) | [geo] high-opportunity state (CA) | [strat] generic or minimal mission language",Low priority — verify fit before outreach,CEO; Founder; Director of Business Development
306,LEMA Construction,lemacon.com,https://www.linkedin.com/company/lema-construction-design-build,"St Petersburg, Florida",Construction,11-50 employees,Self Owned,TRUE,TRUE,FALSE,TRUE,4,0,0,4,2,2,0,12,D,medium,False,weak fit — likely installer or contractor,"[biz] installer/contractor industry, some developer language, self-employed/owned type | [cap] developer language implies some financing need | [scale] developer implies some repeatability | [geo] US location (St Petersburg, Florida) - moderate relevance",Low priority — verify fit before outreach,CEO; Founder; Director of Business Development
307,LEMA Construction,lemaconstruction.com,https://www.linkedin.com/company/lema-construction-developers-inc,"St. Petersburg, FL",Construction,11-50 employees,Self Owned,TRUE,TRUE,FALSE,TRUE,4,0,0,4,2,2,0,12,D,medium,False,weak fit — likely installer or contractor,"[biz] installer/contractor industry, some developer language, self-employed/owned type | [cap] developer language implies some financing need | [scale] developer implies some repeatability | [geo] US location (St. Petersburg, FL) - moderate relevance",Low priority — verify fit before outreach,CEO; Founder; Director of Business Development
374,"Oliver Heating, Cooling, Plumbing & Electrical",oliverheatcool.com,https://www.linkedin.com/company/j.m.-oliver-inc.,"Morton, PA",Construction,201-500 employees,Privately Held,TRUE,TRUE,FALSE,TRUE,5,3,0,0,2,2,0,12,D,medium,False,weak fit — likely installer or contractor,"[biz] installer/contractor industry, commercial/DG signals | [comm] commercial solar signals | [scale] mid company (201-500) | [geo] US location (Morton, PA) - moderate relevance | [strat] generic or minimal mission language",Low priority — verify fit before outreach,CEO; Founder; Director of Business Development
383,Palmetto,plm.to,https://www.linkedin.com/company/palmetto,"Charlotte, North Carolina",Software Development,201-500 employees,Privately Held,TRUE,TRUE,FALSE,TRUE,0,0,3,0,2,2,5,12,D,medium,False,weak fit — likely installer or contractor,"[biz] roofing/HVAC signals, no developer or commercial language | [lmi] mission/affordability language (no explicit LMI) | [scale] mid company (201-500) | [geo] US location (Charlotte, North Carolina) - moderate relevance | [strat] some mission language",Low priority — verify fit before outreach,CEO; Founder; Director of Business Development
406,Puget Sound Solar,pugetsoundsolar.com,https://www.linkedin.com/company/puget-sound-solar,"Seattle, Washington",Renewable Energy Semiconductor Manufacturing,11-50 employees,Privately Held,TRUE,TRUE,FALSE,TRUE,2,0,0,0,5,5,0,12,D,medium,False,weak fit — likely installer or contractor,[biz] no developer or commercial language | [scale] scale/repeat signals in description | [geo] multi-state/national footprint | [strat] generic or minimal mission language,Low priority — verify fit before outreach,CEO; Founder; Director of Business Development
448,RSP Systems,rsp-systems.com,https://www.linkedin.com/company/rsp-systems,"Bronx, New York",Renewable Energy Semiconductor Manufacturing,11-50 employees,Privately Held,TRUE,TRUE,FALSE,TRUE,2,0,3,0,0,2,5,12,D,medium,False,weak fit — likely installer or contractor,"[biz] no developer or commercial language | [lmi] mission/affordability language (no explicit LMI) | [geo] US location (Bronx, New York) - moderate relevance | [strat] some mission language",Low priority — verify fit before outreach,CEO; Founder; Director of Business Development
468,Simmitri,simmitri.com,https://www.linkedin.com/company/simmitri,"Campbell, CA",Renewable Energy Semiconductor Manufacturing,11-50 employees,Privately Held,TRUE,TRUE,FALSE,TRUE,0,0,3,0,0,4,5,12,D,medium,False,weak fit — likely installer or contractor,"[biz] roofing/HVAC signals, no developer or commercial language | [lmi] mission/affordability language (no explicit LMI) | [geo] high-opportunity state (CA) | [strat] some mission language",Low priority — verify fit before outreach,CEO; Founder; Director of Business Development
487,Solar Electric Supply,solarelectricsupply.com,https://www.linkedin.com/company/solar-electric-supply,,Renewables & Environment,11-50 employees,Privately Held,TRUE,TRUE,FALSE,TRUE,8,3,0,0,0,1,0,12,D,medium,False,developer signals present,[biz] commercial/DG signals | [comm] commercial solar signals | [geo] location unclear | [strat] generic or minimal mission language,Low priority — verify fit before outreach,VP of Development; CEO; Director of Business Development; CFO
498,Solar Lights & More,solarlightsinc.com,https://www.linkedin.com/company/solar-lights-&-more,"Ocala, Florida",Renewables & Environment,11-50 employees,Privately Held,TRUE,TRUE,FALSE,TRUE,2,0,0,0,5,5,0,12,D,medium,False,weak fit — likely installer or contractor,[biz] no developer or commercial language | [scale] scale/repeat signals in description | [geo] multi-state/national footprint | [strat] generic or minimal mission language,Low priority — verify fit before outreach,CEO; Founder; Director of Business Development
504,Solar Power Midwest,solarpowermidwest.com,https://www.linkedin.com/company/solar-power-midwest,"Lockport, IL",Renewable Energy Semiconductor Manufacturing,11-50 employees,Self Owned,TRUE,TRUE,FALSE,TRUE,5,3,0,0,0,4,0,12,D,medium,False,weak fit — likely installer or contractor,"[biz] commercial/DG signals, self-employed/owned type | [comm] commercial solar signals | [geo] high-opportunity state (IL) | [strat] generic or minimal mission language",Low priority — verify fit before outreach,CEO; Founder; Director of Business Development
514,Solar Technologies,solartechnologies.com,https://www.linkedin.com/company/solar-technologies,"San Ramon, CA",Renewable Energy Semiconductor Manufacturing,51-200 employees,Privately Held,TRUE,TRUE,FALSE,TRUE,2,0,0,0,6,4,0,12,D,medium,False,meaningful scale,"[biz] no developer or commercial language | [scale] scale/repeat signals in description, smaller company (51-200) | [geo] high-opportunity state (CA) | [strat] generic or minimal mission language",Low priority — verify fit before outreach,CEO; Founder; Director of Business Development
526,SolarWorks!,durangosolarworks.com,https://www.linkedin.com/company/solarworks-,,Renewable Energy Semiconductor Manufacturing,2-10 employees,Privately Held,TRUE,TRUE,FALSE,TRUE,8,3,0,0,0,1,0,12,D,medium,True,developer signals present,[biz] commercial/DG signals | [comm] commercial solar signals | [scale] very small scale penalty | [geo] location unclear | [strat] generic or minimal mission language,Low priority — verify fit before outreach,VP of Development; CEO; Director of Business Development; CFO
653,Windfree Solar,windfree.us,https://www.linkedin.com/company/windfree-solar,"Chicago, Illinois",Renewable Energy Semiconductor Manufacturing,11-50 employees,Privately Held,TRUE,TRUE,FALSE,TRUE,2,0,3,0,0,2,5,12,D,medium,False,weak fit — likely installer or contractor,"[biz] no developer or commercial language | [lmi] mission/affordability language (no explicit LMI) | [geo] US location (Chicago, Illinois) - moderate relevance | [strat] some mission language",Low priority — verify fit before outreach,CEO; Founder; Director of Business Development
654,WindMar Solar + Roofing,windmar.com,https://www.linkedin.com/company/windmar-solar,"Orlando, Florida",Renewable Energy Semiconductor Manufacturing,"501-1,000 employees",Privately Held,TRUE,TRUE,FALSE,TRUE,4,3,0,0,3,2,0,12,D,medium,True,weak fit — likely installer or contractor,"[biz] commercial/DG signals, roofing/HVAC signals | [comm] commercial solar signals | [scale] mid-large company (501-1000) | [geo] US location (Orlando, Florida) - moderate relevance | [strat] generic or minimal mission language",Low priority — verify fit before outreach,CEO; Founder; Director of Business Development
655,Wolf River Electric,wolfriverelectric.com,https://www.linkedin.com/company/wolf-river-electric,"Isanti, Minnesota",Specialty Trade Contractors,201-500 employees,Privately Held,TRUE,TRUE,FALSE,TRUE,5,3,0,0,2,2,0,12,D,medium,False,weak fit — likely installer or contractor,"[biz] installer/contractor industry, commercial/DG signals | [comm] commercial solar signals | [scale] mid company (201-500) | [geo] US location (Isanti, Minnesota) - moderate relevance | [strat] generic or minimal mission language",Low priority — verify fit before outreach,CEO; Founder; Director of Business Development
44,"Aurora Energy, Inc.",aurora-energy.com,https://www.linkedin.com/company/aurora-energy-inc.,"Columbia, MD",Solar Electric Power Generation,11-50 employees,Privately Held,TRUE,TRUE,FALSE,TRUE,7,0,0,0,0,4,0,11,D,medium,False,weak fit — likely installer or contractor,"[biz] developer industry, no developer or commercial language | [geo] high-opportunity state (MD) | [strat] generic or minimal mission language",Low priority — verify fit before outreach,CEO; Founder; Director of Business Development
70,Bonsai Energy Group,bonsaienergygroup.com,https://www.linkedin.com/company/bonsaisolar,"New York, CA",Renewable Energy Power Generation,2-10 employees,Privately Held,TRUE,TRUE,FALSE,TRUE,7,0,0,0,0,4,0,11,D,medium,True,weak fit — likely installer or contractor,"[biz] developer industry, no developer or commercial language | [scale] very small scale penalty | [geo] high-opportunity state (CA) | [strat] generic or minimal mission language",Low priority — verify fit before outreach,CEO; Founder; Director of Business Development
87,Camsan Inc. Electrical Contractors,camsaninc.com,https://www.linkedin.com/company/camsan-electric,"Stamford, Connecticut",Construction,51-200 employees,Privately Held,TRUE,TRUE,FALSE,TRUE,5,3,0,0,1,2,0,11,D,medium,False,weak fit — likely installer or contractor,"[biz] installer/contractor industry, commercial/DG signals | [comm] commercial solar signals | [scale] smaller company (51-200) | [geo] US location (Stamford, Connecticut) - moderate relevance | [strat] generic or minimal mission language",Low priority — verify fit before outreach,CEO; Founder; Director of Business Development
163,Endless Energy,goendlessenergy.com,https://www.linkedin.com/company/goendlessenergy,"Marlborough, Massachusetts",Construction,51-200 employees,Privately Held,TRUE,TRUE,FALSE,TRUE,5,3,0,0,1,2,0,11,D,medium,False,weak fit — likely installer or contractor,"[biz] installer/contractor industry, commercial/DG signals | [comm] commercial solar signals | [scale] smaller company (51-200) | [geo] US location (Marlborough, Massachusetts) - moderate relevance | [strat] generic or minimal mission language",Low priority — verify fit before outreach,CEO; Founder; Director of Business Development
168,Enlite Home,enlitehome.com,https://www.linkedin.com/company/enlite-home,"Provo, UT",Solar Electric Power Generation,201-500 employees,Privately Held,TRUE,TRUE,FALSE,TRUE,7,0,0,0,2,2,0,11,D,medium,False,weak fit — likely installer or contractor,"[biz] developer industry, no developer or commercial language | [scale] mid company (201-500) | [geo] US location (Provo, UT) - moderate relevance | [strat] generic or minimal mission language",Low priority — verify fit before outreach,CEO; Founder; Director of Business Development
239,GUYOU CONSTRUCTION INC,guyouconstruction.com,https://www.linkedin.com/company/guyou-construction-inc,"Riverside, California",Construction,51-200 employees,Privately Held,TRUE,TRUE,FALSE,TRUE,5,3,0,0,1,2,0,11,D,medium,False,weak fit — likely installer or contractor,"[biz] installer/contractor industry, commercial/DG signals | [comm] commercial solar signals | [scale] smaller company (51-200) | [geo] US location (Riverside, California) - moderate relevance | [strat] generic or minimal mission language",Low priority — verify fit before outreach,CEO; Founder; Director of Business Development
308,Lemberg,lembergelectric.com,https://www.linkedin.com/company/lemberg-electric-company-inc-,"Brookfield, WI",Construction,51-200 employees,Privately Held,TRUE,TRUE,FALSE,TRUE,5,3,0,0,1,2,0,11,D,medium,False,weak fit — likely installer or contractor,"[biz] installer/contractor industry, commercial/DG signals | [comm] commercial solar signals | [scale] smaller company (51-200) | [geo] US location (Brookfield, WI) - moderate relevance | [strat] generic or minimal mission language",Low priority — verify fit before outreach,CEO; Founder; Director of Business Development
404,PRQ Exteriors,prqexteriors.com,https://www.linkedin.com/company/prq-exteriors,"Golden, Colorado",Construction,51-200 employees,Privately Held,TRUE,TRUE,FALSE,TRUE,0,0,3,0,1,2,5,11,D,medium,False,weak fit — likely installer or contractor,"[biz] installer/contractor industry, roofing/HVAC signals, no developer or commercial language | [lmi] mission/affordability language (no explicit LMI) | [scale] smaller company (51-200) | [geo] US location (Golden, Colorado) - moderate relevance | [strat] some mission language",Low priority — verify fit before outreach,CEO; Founder; Director of Business Development
437,Rite Way Energy,ritewayenergy.com,https://www.linkedin.com/company/ritewayenergy,"Central Valley & Central Coast, Ca",Solar Electric Power Generation,11-50 employees,Privately Held,TRUE,TRUE,FALSE,TRUE,7,0,0,0,0,4,0,11,D,low,True,weak fit — likely installer or contractor,"[biz] developer industry, no developer or commercial language | [geo] high-opportunity state (CA) | [strat] generic or minimal mission language",Low priority — verify fit before outreach,CEO; Founder; Director of Business Development
451,SafeHome.Solar,safehome.solar,https://www.linkedin.com/company/safehomesolar,"Los Angeles, CA",Solar Electric Power Generation,2-10 employees,Privately Held,TRUE,TRUE,FALSE,TRUE,7,0,0,0,0,4,0,11,D,medium,True,weak fit — likely installer or contractor,"[biz] developer industry, no developer or commercial language | [scale] very small scale penalty | [geo] high-opportunity state (CA) | [strat] generic or minimal mission language",Low priority — verify fit before outreach,CEO; Founder; Director of Business Development
455,Scott Simpson Design + Build,scottsimpsondesignbuild.com,https://www.linkedin.com/company/scott-simpson-builders,"Northbrook, IL",Architecture and Planning,11-50 employees,Privately Held,TRUE,TRUE,FALSE,TRUE,2,0,0,0,5,4,0,11,D,medium,False,weak fit — likely installer or contractor,[biz] no developer or commercial language | [scale] scale/repeat signals in description | [geo] high-opportunity state (IL) | [strat] generic or minimal mission language,Low priority — verify fit before outreach,CEO; Founder; Director of Business Development
481,"Solace Enterprises, Inc.",solace-ent.com,https://www.linkedin.com/company/solace-enterprises-inc,"Rancho Cordova, California",Facilities Services,51-200 employees,Privately Held,TRUE,TRUE,FALSE,TRUE,5,3,0,0,1,2,0,11,D,medium,False,weak fit — likely installer or contractor,"[biz] installer/contractor industry, commercial/DG signals | [comm] commercial solar signals | [scale] smaller company (51-200) | [geo] US location (Rancho Cordova, California) - moderate relevance | [strat] generic or minimal mission language",Low priority — verify fit before outreach,CEO; Founder; Director of Business Development
553,Summit Technology Group,summit-e.com,https://www.linkedin.com/company/summit-technology-group-inc.,"Santa Rosa, California",Construction,51-200 employees,Privately Held,TRUE,TRUE,FALSE,TRUE,5,3,0,0,1,2,0,11,D,medium,False,weak fit — likely installer or contractor,"[biz] installer/contractor industry, commercial/DG signals | [comm] commercial solar signals | [scale] smaller company (51-200) | [geo] US location (Santa Rosa, California) - moderate relevance | [strat] generic or minimal mission language",Low priority — verify fit before outreach,CEO; Founder; Director of Business Development
597,Sustainable Energy Group - SEG,sustainableenergygroup.com,https://www.linkedin.com/company/segenergy,"Grass Valley, CA",Solar Electric Power Generation,11-50 employees,Privately Held,TRUE,TRUE,FALSE,TRUE,7,0,0,0,0,4,0,11,D,medium,False,weak fit — likely installer or contractor,"[biz] developer industry, no developer or commercial language | [geo] high-opportunity state (CA) | [strat] generic or minimal mission language",Low priority — verify fit before outreach,CEO; Founder; Director of Business Development
632,Universal Solar Direct,universalsolardirect.com,https://www.linkedin.com/company/universal-solar-direct-las-vegas,"Las Vegas, Nevada",Construction,51-200 employees,Privately Held,TRUE,TRUE,FALSE,TRUE,5,3,0,0,1,2,0,11,D,medium,False,weak fit — likely installer or contractor,"[biz] installer/contractor industry, commercial/DG signals | [comm] commercial solar signals | [scale] smaller company (51-200) | [geo] US location (Las Vegas, Nevada) - moderate relevance | [strat] generic or minimal mission language",Low priority — verify fit before outreach,CEO; Founder; Director of Business Development
644,Vital Energy Solutions,vitalenergysolar.com,https://www.linkedin.com/company/vital-energy-solar,"Sebastopol, CA",Renewable Energy Power Generation,11-50 employees,Privately Held,TRUE,TRUE,FALSE,TRUE,7,0,0,0,0,4,0,11,D,medium,False,weak fit — likely installer or contractor,"[biz] developer industry, no developer or commercial language | [geo] high-opportunity state (CA) | [strat] generic or minimal mission language",Low priority — verify fit before outreach,CEO; Founder; Director of Business Development
1,180 Degrees Solar,180degreessolar.com,https://www.linkedin.com/company/180degreesolar,"Charleston, SC",Renewables & Environment,11-50 employees,Self Employed,TRUE,TRUE,FALSE,TRUE,5,3,0,0,0,2,0,10,D,medium,True,weak fit — likely installer or contractor,"[biz] commercial/DG signals, self-employed/owned type | [comm] commercial solar signals | [scale] very small scale penalty | [geo] US location (Charleston, SC) - moderate relevance | [strat] generic or minimal mission language",Low priority — verify fit before outreach,CEO; Founder; Director of Business Development
8,"A1A Solar Contracting, Inc.",a1asolar.com,https://www.linkedin.com/company/a1a-solar-contracting-inc,"Jacksonville, FL",Services for Renewable Energy,11-50 employees,Self Owned,TRUE,TRUE,FALSE,TRUE,0,0,3,0,0,2,5,10,D,medium,True,weak fit — likely installer or contractor,"[biz] roofing/HVAC signals, residential-only profile, self-employed/owned type, no developer or commercial language | [lmi] mission/affordability language (no explicit LMI) | [geo] US location (Jacksonville, FL) - moderate relevance | [strat] some mission language",Low priority — verify fit before outreach,CEO; Founder; Director of Business Development
36,Americus Energy,americus.energy,https://www.linkedin.com/company/americus-energy,"Louisville, Kentucky",Solar Electric Power Generation,51-200 employees,Privately Held,TRUE,TRUE,FALSE,TRUE,7,0,0,0,1,2,0,10,D,medium,False,weak fit — likely installer or contractor,"[biz] developer industry, no developer or commercial language | [scale] smaller company (51-200) | [geo] US location (Louisville, Kentucky) - moderate relevance | [strat] generic or minimal mission language",Low priority — verify fit before outreach,CEO; Founder; Director of Business Development
77,BriteStreet Energy Group,britestreetsolar.com,https://www.linkedin.com/company/britestreet-energy-group,"Denver, Colorado",Solar Electric Power Generation,51-200 employees,Privately Held,TRUE,TRUE,FALSE,TRUE,7,0,0,0,1,2,0,10,D,low,True,weak fit — likely installer or contractor,"[biz] developer industry, no developer or commercial language | [scale] smaller company (51-200) | [geo] US location (Denver, Colorado) - moderate relevance | [strat] generic or minimal mission language",Low priority — verify fit before outreach,CEO; Founder; Director of Business Development
129,DN5 Group,dn5marine.com,https://www.linkedin.com/company/dn5-marine-private-limited,"Columbus, Ohio",Oil and Gas,201-500 employees,Partnership,TRUE,TRUE,FALSE,TRUE,0,0,0,4,4,2,0,10,D,low,True,weak fit — likely installer or contractor,"[biz] off-topic industry — likely false positive | [cap] developer language implies some financing need | [scale] developer implies some repeatability, mid company (201-500) | [geo] US location (Columbus, Ohio) - moderate relevance",Low priority — verify fit before outreach,CEO; Founder; Director of Business Development
140,"ECO Group, Inc",ecogroup-inc.com,https://www.linkedin.com/company/eco-group-inc,"Chippewa Falls, WI",Renewable Energy Semiconductor Manufacturing,2-10 employees,Self Employed,TRUE,TRUE,FALSE,TRUE,5,3,0,0,0,2,0,10,D,low,True,weak fit — likely installer or contractor,"[biz] commercial/DG signals, self-employed/owned type | [comm] commercial solar signals | [scale] very small scale penalty | [geo] US location (Chippewa Falls, WI) - moderate relevance | [strat] generic or minimal mission language",Low priority — verify fit before outreach,CEO; Founder; Director of Business Development
151,EG Solar Ⓒ,egsolar.co.uk,https://www.linkedin.com/company/elco-group-ltd,"Rochester, Kent",Solar Electric Power Generation,51-200 employees,Privately Held,TRUE,TRUE,FALSE,TRUE,7,0,0,0,1,2,0,10,D,medium,False,weak fit — likely installer or contractor,"[biz] developer industry, no developer or commercial language | [scale] smaller company (51-200) | [geo] US location (Rochester, Kent) - moderate relevance | [strat] generic or minimal mission language",Low priority — verify fit before outreach,CEO; Founder; Director of Business Development
176,Ethical Energy Solar,ethicalenergysolar.com,https://www.linkedin.com/company/ethical-energy-solar,"York, Pennsylvania",Utilities,11-50 employees,Partnership,TRUE,TRUE,FALSE,TRUE,0,0,3,0,0,2,5,10,D,medium,True,weak fit — likely installer or contractor,"[biz] residential-only profile, no developer or commercial language | [lmi] mission/affordability language (no explicit LMI) | [geo] US location (York, Pennsylvania) - moderate relevance | [strat] some mission language",Low priority — verify fit before outreach,CEO; Founder; Director of Business Development
186,Fastrac Energy Services,fastracsolar.com,https://www.linkedin.com/company/fastracenergy,"Houston, Texas",Solar Electric Power Generation,51-200 employees,Privately Held,TRUE,TRUE,FALSE,TRUE,7,0,0,0,1,2,0,10,D,medium,False,weak fit — likely installer or contractor,"[biz] developer industry, no developer or commercial language | [scale] smaller company (51-200) | [geo] US location (Houston, Texas) - moderate relevance | [strat] generic or minimal mission language",Low priority — verify fit before outreach,CEO; Founder; Director of Business Development
199,Freddy and Son,freddyandson.com,https://www.linkedin.com/company/freddy-and-son-roofing,"Manassas, Virginia",Construction,11-50 employees,Privately Held,TRUE,TRUE,FALSE,TRUE,5,3,0,0,0,2,0,10,D,medium,False,weak fit — likely installer or contractor,"[biz] installer/contractor industry, commercial/DG signals | [comm] commercial solar signals | [geo] US location (Manassas, Virginia) - moderate relevance | [strat] generic or minimal mission language",Low priority — verify fit before outreach,CEO; Founder; Director of Business Development
212,God Given Energy,godgivenenergy.com,https://www.linkedin.com/company/god-given-energy,Florida,Services for Renewable Energy,2-10 employees,Self Owned,TRUE,TRUE,FALSE,TRUE,5,3,0,0,0,2,0,10,D,medium,True,weak fit — likely installer or contractor,"[biz] commercial/DG signals, self-employed/owned type | [comm] commercial solar signals | [scale] very small scale penalty | [geo] US location (Florida) - moderate relevance | [strat] generic or minimal mission language",Low priority — verify fit before outreach,CEO; Founder; Director of Business Development
215,Golden Solar Electric LLC,goldensolar.net,https://www.linkedin.com/company/golden-solar,"Golden, Colorado",Construction,11-50 employees,Privately Held,TRUE,TRUE,FALSE,TRUE,5,3,0,0,0,2,0,10,D,medium,False,weak fit — likely installer or contractor,"[biz] installer/contractor industry, commercial/DG signals | [comm] commercial solar signals | [geo] US location (Golden, Colorado) - moderate relevance | [strat] generic or minimal mission language",Low priority — verify fit before outreach,CEO; Founder; Director of Business Development
225,Green Leaf Construction,greenleafcm.com,https://www.linkedin.com/company/green-leaf-construction,"Leominster, Massachusetts",Construction,11-50 employees,Privately Held,TRUE,TRUE,FALSE,TRUE,5,3,0,0,0,2,0,10,D,medium,False,weak fit — likely installer or contractor,"[biz] installer/contractor industry, commercial/DG signals | [comm] commercial solar signals | [geo] US location (Leominster, Massachusetts) - moderate relevance | [strat] generic or minimal mission language",Low priority — verify fit before outreach,CEO; Founder; Director of Business Development
231,Greenlink Energy Solutions,usgreenlink.com,https://www.linkedin.com/company/greenlink-energy-solutions-inc,"Rockford, Illinois",Construction,11-50 employees,Privately Held,TRUE,TRUE,FALSE,TRUE,5,3,0,0,0,2,0,10,D,medium,False,weak fit — likely installer or contractor,"[biz] installer/contractor industry, commercial/DG signals | [comm] commercial solar signals | [geo] US location (Rockford, Illinois) - moderate relevance | [strat] generic or minimal mission language",Low priority — verify fit before outreach,CEO; Founder; Director of Business Development
245,HARVEST SOLAR ENERGY LLC,harvestsolar.net,https://www.linkedin.com/company/harvest-solar-energy-llc,"Tulsa, OK",Renewables & Environment,2-10 employees,Self Owned,TRUE,TRUE,FALSE,TRUE,5,3,0,0,0,2,0,10,D,medium,True,weak fit — likely installer or contractor,"[biz] commercial/DG signals, self-employed/owned type | [comm] commercial solar signals | [scale] very small scale penalty | [geo] US location (Tulsa, OK) - moderate relevance | [strat] generic or minimal mission language",Low priority — verify fit before outreach,CEO; Founder; Director of Business Development
255,HomeStop Inc.,homestop.us,https://www.linkedin.com/company/homestop-inc,"Arlington, Texas",Construction,11-50 employees,Privately Held,TRUE,TRUE,FALSE,TRUE,5,3,0,0,0,2,0,10,D,medium,False,weak fit — likely installer or contractor,"[biz] installer/contractor industry, commercial/DG signals | [comm] commercial solar signals | [geo] US location (Arlington, Texas) - moderate relevance | [strat] generic or minimal mission language",Low priority — verify fit before outreach,CEO; Founder; Director of Business Development
261,Icon Power,iconpower.com,https://www.linkedin.com/company/icon-power,"Tempe, Arizona",Renewable Energy Semiconductor Manufacturing,51-200 employees,Privately Held,TRUE,TRUE,FALSE,TRUE,2,0,0,0,6,2,0,10,D,medium,False,meaningful scale,"[biz] no developer or commercial language | [scale] scale/repeat signals in description, smaller company (51-200) | [geo] US location (Tempe, Arizona) - moderate relevance | [strat] generic or minimal mission language",Low priority — verify fit before outreach,CEO; Founder; Director of Business Development
269,Infinity Solar,infinitysolar.net,https://www.linkedin.com/company/infinity-solar-orange-ca,"Orange, California",Construction,11-50 employees,Privately Held,TRUE,TRUE,FALSE,TRUE,5,3,0,0,0,2,0,10,D,medium,False,weak fit — likely installer or contractor,"[biz] installer/contractor industry, commercial/DG signals | [comm] commercial solar signals | [geo] US location (Orange, California) - moderate relevance | [strat] generic or minimal mission language",Low priority — verify fit before outreach,CEO; Founder; Director of Business Development
302,KW Solar,kw.solar,https://www.linkedin.com/company/kw-solar,"Houston, TX",Construction,11-50 employees,Privately Held,TRUE,TRUE,FALSE,TRUE,0,0,3,0,0,2,5,10,D,medium,False,weak fit — likely installer or contractor,"[biz] installer/contractor industry, no developer or commercial language | [lmi] mission/affordability language (no explicit LMI) | [geo] US location (Houston, TX) - moderate relevance | [strat] some mission language",Low priority — verify fit before outreach,CEO; Founder; Director of Business Development
325,Mayer,mayersolar.com,https://www.linkedin.com/company/mayerex,"Plano, Texas",Solar Electric Power Generation,51-200 employees,Privately Held,TRUE,TRUE,FALSE,TRUE,7,0,0,0,1,2,0,10,D,medium,False,weak fit — likely installer or contractor,"[biz] developer industry, no developer or commercial language | [scale] smaller company (51-200) | [geo] US location (Plano, Texas) - moderate relevance | [strat] generic or minimal mission language",Low priority — verify fit before outreach,CEO; Founder; Director of Business Development
349,NATiVE Solar,nativesolar.com,https://www.linkedin.com/company/native-solar,"Dripping Springs, Texas",Services for Renewable Energy,11-50 employees,Self Owned,TRUE,TRUE,FALSE,TRUE,5,3,0,0,0,2,0,10,D,medium,False,weak fit — likely installer or contractor,"[biz] commercial/DG signals, self-employed/owned type | [comm] commercial solar signals | [geo] US location (Dripping Springs, Texas) - moderate relevance | [strat] generic or minimal mission language",Low priority — verify fit before outreach,CEO; Founder; Director of Business Development
412,"RDS Electric, Inc.",rdselectric.com,https://www.linkedin.com/company/rds-electric-inc.,glendale,Construction,11-50 employees,Privately Held,TRUE,TRUE,FALSE,TRUE,5,3,0,0,0,2,0,10,D,medium,False,weak fit — likely installer or contractor,"[biz] installer/contractor industry, commercial/DG signals | [comm] commercial solar signals | [geo] US location (glendale) - moderate relevance | [strat] generic or minimal mission language",Low priority — verify fit before outreach,CEO; Founder; Director of Business Development
413,Re-Gen Electric Inc.,re-genelectric.com,https://www.linkedin.com/company/regen-electric,"Fresno, California",Renewable Energy Semiconductor Manufacturing,11-50 employees,Self Owned,TRUE,TRUE,FALSE,TRUE,5,3,0,0,0,2,0,10,D,medium,False,weak fit — likely installer or contractor,"[biz] commercial/DG signals, self-employed/owned type | [comm] commercial solar signals | [geo] US location (Fresno, California) - moderate relevance | [strat] generic or minimal mission language",Low priority — verify fit before outreach,CEO; Founder; Director of Business Development
417,Refresh Exteriors LLC,refreshexteriorsmidwest.com,https://www.linkedin.com/company/refresh-exteriors-llc,"Eden Prairie, Minnesota",Construction,11-50 employees,Partnership,TRUE,TRUE,FALSE,TRUE,5,3,0,0,0,2,0,10,D,medium,False,weak fit — likely installer or contractor,"[biz] installer/contractor industry, commercial/DG signals | [comm] commercial solar signals | [geo] US location (Eden Prairie, Minnesota) - moderate relevance | [strat] generic or minimal mission language",Low priority — verify fit before outreach,CEO; Founder; Director of Business Development
430,Renu Energy Solutions,renuenergysolutions.com,https://www.linkedin.com/company/renu-energy-solutions,"Charlotte, North Carolina",Renewable Energy Semiconductor Manufacturing,51-200 employees,Privately Held,TRUE,TRUE,FALSE,TRUE,2,0,0,0,6,2,0,10,D,medium,False,meaningful scale,"[biz] no developer or commercial language | [scale] scale/repeat signals in description, smaller company (51-200) | [geo] US location (Charlotte, North Carolina) - moderate relevance | [strat] generic or minimal mission language",Low priority — verify fit before outreach,CEO; Founder; Director of Business Development
438,Riverside Electric Inc.,riverside-elec.com,https://www.linkedin.com/company/riverside-electric-inc.,"Cincinnati, OH",Facilities Services,11-50 employees,Privately Held,TRUE,TRUE,FALSE,TRUE,0,0,0,0,5,5,0,10,D,medium,True,weak fit — likely installer or contractor,"[biz] installer/contractor industry, residential-only profile, no developer or commercial language | [scale] scale/repeat signals in description | [geo] multi-state/national footprint | [strat] generic or minimal mission language",Low priority — verify fit before outreach,CEO; Founder; Director of Business Development
460,Service Solar LLC,servicesolarllc.com,https://www.linkedin.com/company/servicesolarllc,"Greenville, SC",Specialty Trade Contractors,2-10 employees,Privately Held,TRUE,TRUE,FALSE,TRUE,5,3,0,0,0,2,0,10,D,medium,True,weak fit — likely installer or contractor,"[biz] installer/contractor industry, commercial/DG signals | [comm] commercial solar signals | [scale] very small scale penalty | [geo] US location (Greenville, SC) - moderate relevance | [strat] generic or minimal mission language",Low priority — verify fit before outreach,CEO; Founder; Director of Business Development
463,Shinnova Solar,energywithasmile.com,https://www.linkedin.com/company/smart-home-innovations,"Kansas City, Kansas",Renewable Energy Semiconductor Manufacturing,11-50 employees,Partnership,TRUE,TRUE,FALSE,TRUE,0,0,3,0,0,2,5,10,D,medium,True,weak fit — likely installer or contractor,"[biz] residential-only profile, no developer or commercial language | [lmi] mission/affordability language (no explicit LMI) | [geo] US location (Kansas City, Kansas) - moderate relevance | [strat] some mission language",Low priority — verify fit before outreach,CEO; Founder; Director of Business Development
513,Solar Tech Elec,solartechelec.com,https://www.linkedin.com/company/solar-tech-elec,"Clearwater, Florida",Specialty Trade Contractors,2-10 employees,Privately Held,TRUE,TRUE,FALSE,TRUE,5,3,0,0,0,2,0,10,D,medium,True,weak fit — likely installer or contractor,"[biz] installer/contractor industry, commercial/DG signals | [comm] commercial solar signals | [scale] very small scale penalty | [geo] US location (Clearwater, Florida) - moderate relevance | [strat] generic or minimal mission language",Low priority — verify fit before outreach,CEO; Founder; Director of Business Development
540,Southern Energy Management,southern-energy.com,https://www.linkedin.com/company/southern-energy-management,"Raleigh, North Carolina",Services for Renewable Energy,51-200 employees,Privately Held,TRUE,TRUE,FALSE,TRUE,2,0,0,0,6,2,0,10,D,medium,False,meaningful scale,"[biz] no developer or commercial language | [scale] scale/repeat signals in description, smaller company (51-200) | [geo] US location (Raleigh, North Carolina) - moderate relevance | [strat] generic or minimal mission language",Low priority — verify fit before outreach,CEO; Founder; Director of Business Development
561,Sunbridge Solar,sunbridgesolar.com,https://www.linkedin.com/company/sunbridge-solar,"Washougal, Washington",Renewable Energy Semiconductor Manufacturing,11-50 employees,Self Owned,TRUE,TRUE,FALSE,TRUE,5,3,0,0,0,2,0,10,D,medium,False,weak fit — likely installer or contractor,"[biz] commercial/DG signals, self-employed/owned type | [comm] commercial solar signals | [geo] US location (Washougal, Washington) - moderate relevance | [strat] generic or minimal mission language",Low priority — verify fit before outreach,CEO; Founder; Director of Business Development
563,SunCommon,suncommon.com,https://www.linkedin.com/company/suncommon,"Waterbury, Vermont",Renewable Energy Semiconductor Manufacturing,51-200 employees,Privately Held,TRUE,TRUE,FALSE,TRUE,2,0,0,0,6,2,0,10,D,medium,False,meaningful scale,"[biz] no developer or commercial language | [scale] scale/repeat signals in description, smaller company (51-200) | [geo] US location (Waterbury, Vermont) - moderate relevance | [strat] generic or minimal mission language",Low priority — verify fit before outreach,CEO; Founder; Director of Business Development
572,SunLife Solar,sunlifenow.com,https://www.linkedin.com/company/sunlifenow,"Wilmington, DE",Renewables & Environment,51-200 employees,Privately Held,TRUE,TRUE,FALSE,TRUE,2,0,0,0,6,2,0,10,D,medium,False,meaningful scale,"[biz] no developer or commercial language | [scale] scale/repeat signals in description, smaller company (51-200) | [geo] US location (Wilmington, DE) - moderate relevance | [strat] generic or minimal mission language",Low priority — verify fit before outreach,CEO; Founder; Director of Business Development
612,The Copper Connection,thecopperconnectionco.com,https://www.linkedin.com/company/thecopperconnection,"Denver, Colorado",Services for Renewable Energy,11-50 employees,Self Owned,TRUE,TRUE,FALSE,TRUE,5,3,0,0,0,2,0,10,D,medium,True,weak fit — likely installer or contractor,"[biz] commercial/DG signals, self-employed/owned type | [comm] commercial solar signals | [geo] US location (Denver, Colorado) - moderate relevance | [strat] generic or minimal mission language",Low priority — verify fit before outreach,CEO; Founder; Director of Business Development
625,Tron Solar,tron.solar,https://www.linkedin.com/company/tron-solar,"Vernon Hills, Illinois",Renewable Energy Power Generation,51-200 employees,Privately Held,TRUE,TRUE,FALSE,TRUE,7,0,0,0,1,2,0,10,D,medium,False,weak fit — likely installer or contractor,"[biz] developer industry, no developer or commercial language | [scale] smaller company (51-200) | [geo] US location (Vernon Hills, Illinois) - moderate relevance | [strat] generic or minimal mission language",Low priority — verify fit before outreach,CEO; Founder; Director of Business Development
57,Bioeco Energy,bioeco.com.mx,https://www.linkedin.com/company/bioeco-energy,"Houston, Texas",Solar Electric Power Generation,11-50 employees,Privately Held,TRUE,TRUE,FALSE,TRUE,7,0,0,0,0,2,0,9,D,low,False,weak fit — likely installer or contractor,"[biz] developer industry, no developer or commercial language | [geo] US location (Houston, Texas) - moderate relevance | [strat] generic or minimal mission language",Low priority — verify fit before outreach,CEO; Founder; Director of Business Development
88,Cannon Solar,cannonsolar.com,https://www.linkedin.com/company/cannon-solar,"Atlanta, Georgia",Solar Electric Power Generation,11-50 employees,Privately Held,TRUE,TRUE,FALSE,TRUE,7,0,0,0,0,2,0,9,D,medium,False,weak fit — likely installer or contractor,"[biz] developer industry, no developer or commercial language | [geo] US location (Atlanta, Georgia) - moderate relevance | [strat] generic or minimal mission language",Low priority — verify fit before outreach,CEO; Founder; Director of Business Development
159,Empower Home Services,empoweryourhome.com,https://www.linkedin.com/company/empower-home-services,"Clovis, California",Household Services,201-500 employees,Privately Held,TRUE,TRUE,FALSE,TRUE,0,0,0,0,7,2,0,9,D,medium,True,meaningful scale,"[biz] roofing/HVAC signals, residential-only profile, no developer or commercial language | [scale] scale/repeat signals in description, mid company (201-500) | [geo] US location (Clovis, California) - moderate relevance | [strat] generic or minimal mission language",Low priority — verify fit before outreach,CEO; Founder; Director of Business Development
172,EOS Linx,eoslinx.com,https://www.linkedin.com/company/eos-linx,"Brentwood, TN",Motor Vehicle Parts Manufacturing,11-50 employees,Privately Held,TRUE,TRUE,FALSE,TRUE,2,0,0,0,5,2,0,9,D,medium,False,weak fit — likely installer or contractor,"[biz] no developer or commercial language | [scale] scale/repeat signals in description | [geo] US location (Brentwood, TN) - moderate relevance | [strat] generic or minimal mission language",Low priority — verify fit before outreach,CEO; Founder; Director of Business Development
181,Everybody Solar,everybodysolar.org,https://www.linkedin.com/company/everybody-solar,"San Francisco, California",Renewable Energy Semiconductor Manufacturing,2-10 employees,Non Profit,TRUE,TRUE,FALSE,TRUE,2,0,0,0,3,2,2,9,D,medium,False,weak fit — likely installer or contractor,"[biz] no developer or commercial language | [scale] scale/repeat signals in description, very small scale penalty | [geo] US location (San Francisco, California) - moderate relevance | [strat] nonprofit org type",Low priority — verify fit before outreach,CEO; Founder; Director of Business Development
182,evNation,evnation.us,https://www.linkedin.com/company/evnation,"Costa Mesa, California",Solar Electric Power Generation,2-10 employees,Partnership,TRUE,TRUE,FALSE,TRUE,7,0,0,0,0,2,0,9,D,low,True,weak fit — likely installer or contractor,"[biz] developer industry, no developer or commercial language | [scale] very small scale penalty | [geo] US location (Costa Mesa, California) - moderate relevance | [strat] generic or minimal mission language",Low priority — verify fit before outreach,CEO; Founder; Director of Business Development
339,Mountain View Solar (mtvSolar),mtvsolar.com,https://www.linkedin.com/company/mountain-view-solar,"Berkeley Springs, WV",Renewables & Environment,11-50 employees,Privately Held,TRUE,TRUE,FALSE,TRUE,2,0,0,0,5,2,0,9,D,medium,False,weak fit — likely installer or contractor,"[biz] no developer or commercial language | [scale] scale/repeat signals in description | [geo] US location (Berkeley Springs, WV) - moderate relevance | [strat] generic or minimal mission language",Low priority — verify fit before outreach,CEO; Founder; Director of Business Development
340,Mountain West Industrial,mtnwin.us,https://www.linkedin.com/company/mountain-west-industrial,"Salt Lake City, Utah",Construction,201-500 employees,Privately Held,TRUE,TRUE,FALSE,TRUE,0,0,0,0,7,2,0,9,D,medium,False,meaningful scale,"[biz] installer/contractor industry, no developer or commercial language | [scale] scale/repeat signals in description, mid company (201-500) | [geo] US location (Salt Lake City, Utah) - moderate relevance | [strat] generic or minimal mission language",Low priority — verify fit before outreach,CEO; Founder; Director of Business Development
347,National Renewable Energy Partners,nrep.solar,https://www.linkedin.com/company/nrep-solar,"New Haven, CT",Services for Renewable Energy,11-50 employees,Privately Held,TRUE,TRUE,FALSE,TRUE,0,0,0,0,5,4,0,9,D,medium,True,weak fit — likely installer or contractor,"[biz] residential-only profile, no developer or commercial language | [scale] scale/repeat signals in description | [geo] high-opportunity state (CT) | [strat] generic or minimal mission language",Low priority — verify fit before outreach,CEO; Founder; Director of Business Development
359,New England Energy Experts,newenglandenergyexperts.com,https://www.linkedin.com/company/new-england-energy-experts,"Melrose, Massachusetts",Solar Electric Power Generation,2-10 employees,Partnership,TRUE,TRUE,FALSE,TRUE,7,0,0,0,0,2,0,9,D,low,True,weak fit — likely installer or contractor,"[biz] developer industry, no developer or commercial language | [scale] very small scale penalty | [geo] US location (Melrose, Massachusetts) - moderate relevance | [strat] generic or minimal mission language",Low priority — verify fit before outreach,CEO; Founder; Director of Business Development
363,NOCO Energy Corp.,noco.com,https://www.linkedin.com/company/noco-energy-corp-,"Tonawanda, NY",Oil and Gas,201-500 employees,Privately Held,TRUE,TRUE,FALSE,TRUE,0,3,0,0,2,4,0,9,D,low,True,weak fit — likely installer or contractor,[biz] off-topic industry — likely false positive | [comm] commercial solar signals | [scale] mid company (201-500) | [geo] high-opportunity state (NY) | [strat] generic or minimal mission language,Low priority — verify fit before outreach,CEO; Founder; Director of Business Development
365,Northwind Solar,northwindre.com,https://www.linkedin.com/company/north-wind-renewable-energy,"Amherst, Wisconsin",Solar Electric Power Generation,11-50 employees,Privately Held,TRUE,TRUE,FALSE,TRUE,7,0,0,0,0,2,0,9,D,medium,False,weak fit — likely installer or contractor,"[biz] developer industry, no developer or commercial language | [geo] US location (Amherst, Wisconsin) - moderate relevance | [strat] generic or minimal mission language",Low priority — verify fit before outreach,CEO; Founder; Director of Business Development
385,Panasun Solar,panasunsolar.com,https://www.linkedin.com/company/panasun-solar,"Orlando, FL",Solar Electric Power Generation,11-50 employees,Privately Held,TRUE,TRUE,FALSE,TRUE,7,0,0,0,0,2,0,9,D,medium,False,weak fit — likely installer or contractor,"[biz] developer industry, no developer or commercial language | [geo] US location (Orlando, FL) - moderate relevance | [strat] generic or minimal mission language",Low priority — verify fit before outreach,CEO; Founder; Director of Business Development
403,ProVision Solar,provisionsolar.com,https://www.linkedin.com/company/provisionsolar,"Hilo, Hawaii",Renewable Energy Power Generation,11-50 employees,Privately Held,TRUE,TRUE,FALSE,TRUE,7,0,0,0,0,2,0,9,D,medium,False,weak fit — likely installer or contractor,"[biz] developer industry, no developer or commercial language | [geo] US location (Hilo, Hawaii) - moderate relevance | [strat] generic or minimal mission language",Low priority — verify fit before outreach,CEO; Founder; Director of Business Development
503,Solar Panel Installer,solarpanelinstaller.us,https://www.linkedin.com/company/solarpanelinstaller-us,"Camp Hill, Pennsylvania",Solar Electric Power Generation,11-50 employees,Privately Held,TRUE,TRUE,FALSE,TRUE,7,0,0,0,0,2,0,9,D,medium,False,weak fit — likely installer or contractor,"[biz] developer industry, no developer or commercial language | [geo] US location (Camp Hill, Pennsylvania) - moderate relevance | [strat] generic or minimal mission language",Low priority — verify fit before outreach,CEO; Founder; Director of Business Development
507,Solar Service,solarservice-tx.com,https://www.linkedin.com/company/fiesta-solar,"Austin, Texas",Solar Electric Power Generation,11-50 employees,Privately Held,TRUE,TRUE,FALSE,TRUE,7,0,0,0,0,2,0,9,D,medium,False,weak fit — likely installer or contractor,"[biz] developer industry, no developer or commercial language | [geo] US location (Austin, Texas) - moderate relevance | [strat] generic or minimal mission language",Low priority — verify fit before outreach,CEO; Founder; Director of Business Development
531,SolQ,solq.com,https://www.linkedin.com/company/solq,"Logan, Utah",Solar Electric Power Generation,11-50 employees,Privately Held,TRUE,TRUE,FALSE,TRUE,7,0,0,0,0,2,0,9,D,low,True,weak fit — likely installer or contractor,"[biz] developer industry, no developer or commercial language | [geo] US location (Logan, Utah) - moderate relevance | [strat] generic or minimal mission language",Low priority — verify fit before outreach,CEO; Founder; Director of Business Development
610,"The CBR Group, Inc.",thecbrgroup.com,https://www.linkedin.com/company/the-cbr-group,"Martinez, California",Telecommunications,51-200 employees,Privately Held,TRUE,TRUE,FALSE,TRUE,0,0,0,4,3,2,0,9,D,low,True,weak fit — likely installer or contractor,"[biz] off-topic industry — likely false positive | [cap] developer language implies some financing need | [scale] developer implies some repeatability, smaller company (51-200) | [geo] US location (Martinez, California) - moderate relevance",Low priority — verify fit before outreach,CEO; Founder; Director of Business Development
626,True Solar,truesolariowa.com,https://www.linkedin.com/company/true-solar-iowa,"Tiffin, Iowa",Solar Electric Power Generation,11-50 employees,Privately Held,TRUE,TRUE,FALSE,TRUE,7,0,0,0,0,2,0,9,D,medium,False,weak fit — likely installer or contractor,"[biz] developer industry, no developer or commercial language | [geo] US location (Tiffin, Iowa) - moderate relevance | [strat] generic or minimal mission language",Low priority — verify fit before outreach,CEO; Founder; Director of Business Development
652,"Western Solar, Inc",westernsolarinc.com,https://www.linkedin.com/company/western-solar-inc,"Bellingham, Washington",Solar Electric Power Generation,11-50 employees,Privately Held,TRUE,TRUE,FALSE,TRUE,7,0,0,0,0,2,0,9,D,medium,False,weak fit — likely installer or contractor,"[biz] developer industry, no developer or commercial language | [geo] US location (Bellingham, Washington) - moderate relevance | [strat] generic or minimal mission language",Low priority — verify fit before outreach,CEO; Founder; Director of Business Development
96,Cenvar Roofing & Solar,cenvarroofing.com,https://www.linkedin.com/company/cenvar-roofing-and-solar,"Lynchburg, va",Construction,51-200 employees,Privately Held,TRUE,TRUE,FALSE,TRUE,0,3,0,0,1,4,0,8,D,medium,True,weak fit — likely installer or contractor,"[biz] installer/contractor industry, commercial/DG signals, roofing/HVAC in name+desc (strong penalty) | [comm] commercial solar signals | [scale] smaller company (51-200) | [geo] high-opportunity state (VA) | [strat] generic or minimal mission language",Low priority — verify fit before outreach,CEO; Founder; Director of Business Development
303,L.E.B. Electric Ltd.,lebelectric.com,https://www.linkedin.com/company/leb-electric-ltd,"Amityville, New York",Construction,51-200 employees,Privately Held,TRUE,TRUE,FALSE,TRUE,0,0,0,0,6,2,0,8,D,medium,False,meaningful scale,"[biz] installer/contractor industry, no developer or commercial language | [scale] scale/repeat signals in description, smaller company (51-200) | [geo] US location (Amityville, New York) - moderate relevance | [strat] generic or minimal mission language",Low priority — verify fit before outreach,CEO; Founder; Director of Business Development
328,"Metro Construction, Inc",mymetroconstruction.com,https://www.linkedin.com/company/metro-construction-inc,"Denver, Colorado",Construction,51-200 employees,Privately Held,TRUE,TRUE,FALSE,TRUE,0,0,0,0,6,2,0,8,D,medium,False,meaningful scale,"[biz] installer/contractor industry, roofing/HVAC signals, no developer or commercial language | [scale] scale/repeat signals in description, smaller company (51-200) | [geo] US location (Denver, Colorado) - moderate relevance | [strat] generic or minimal mission language",Low priority — verify fit before outreach,CEO; Founder; Director of Business Development
330,Michigan Regional Council of Carpenters and Millwrights,hammer9.com,https://www.linkedin.com/company/mrcc-union,"Detroit, MI",Construction,"10,001+ employees",Non Profit,TRUE,TRUE,FALSE,TRUE,0,0,0,0,4,2,2,8,D,low,False,weak fit — likely installer or contractor,"[biz] installer/contractor industry, no developer or commercial language | [scale] large company (1001+ employees) | [geo] US location (Detroit, MI) - moderate relevance | [strat] nonprofit org type",Low priority — verify fit before outreach,CEO; Founder; Director of Business Development
376,"ONYX SOLAR NETWORK, INC.",onyx.solar,https://www.linkedin.com/company/onyxsolar,"Fullerton, CA",Renewable Energy Semiconductor Manufacturing,201-500 employees,Privately Held,TRUE,TRUE,FALSE,TRUE,2,0,0,0,2,4,0,8,D,medium,False,weak fit — likely installer or contractor,[biz] no developer or commercial language | [scale] mid company (201-500) | [geo] high-opportunity state (CA) | [strat] generic or minimal mission language,Low priority — verify fit before outreach,CEO; Founder; Director of Business Development
410,RACK,rackelectric.com,https://www.linkedin.com/company/rack-electric,"BOCA RATON, FLORIDA",Construction,51-200 employees,Self Owned,TRUE,TRUE,FALSE,TRUE,2,3,0,0,1,2,0,8,D,medium,False,weak fit — likely installer or contractor,"[biz] installer/contractor industry, commercial/DG signals, self-employed/owned type | [comm] commercial solar signals | [scale] smaller company (51-200) | [geo] US location (BOCA RATON, FLORIDA) - moderate relevance | [strat] generic or minimal mission language",Low priority — verify fit before outreach,CEO; Founder; Director of Business Development
536,"Source Renewables, LLC",sourcerenew.com,https://www.linkedin.com/company/source-renewables-llc,"Greenwich, Connecticut",Oil and Gas,11-50 employees,Partnership,TRUE,TRUE,FALSE,TRUE,0,0,0,4,2,2,0,8,D,low,True,weak fit — likely installer or contractor,"[biz] off-topic industry — likely false positive | [cap] developer language implies some financing need | [scale] developer implies some repeatability | [geo] US location (Greenwich, Connecticut) - moderate relevance",Low priority — verify fit before outreach,CEO; Founder; Director of Business Development
548,Straight Line Roofing & Construction,straightlineconstruction.com,https://www.linkedin.com/company/straight-line-construction,"Shingle Springs, California",Construction,51-200 employees,Privately Held,TRUE,TRUE,FALSE,TRUE,0,0,0,0,6,2,0,8,D,low,True,meaningful scale,"[biz] installer/contractor industry, roofing/HVAC in name+desc (strong penalty), residential-only profile, no developer or commercial language | [scale] scale/repeat signals in description, smaller company (51-200) | [geo] US location (Shingle Springs, California) - moderate relevance | [strat] generic or minimal mission language",Low priority — verify fit before outreach,CEO; Founder; Director of Business Development
7,A&R Solar,a-rsolar.com,https://www.linkedin.com/company/a&r-solar,"Seattle, WA",Solar Electric Power Generation,51-200 employees,Privately Held,TRUE,TRUE,FALSE,TRUE,2,0,0,0,1,4,0,7,D,medium,True,weak fit — likely installer or contractor,"[biz] developer industry, residential-only profile, no developer or commercial language | [scale] smaller company (51-200) | [geo] high-opportunity state (WA) | [strat] generic or minimal mission language",Low priority — verify fit before outreach,CEO; Founder; Director of Business Development
72,"Briggs Electric, Inc.",briggselectric.com,https://www.linkedin.com/company/briggselectric,"Tustin, CA",Construction,"501-1,000 employees",Privately Held,TRUE,TRUE,FALSE,TRUE,0,0,0,0,3,4,0,7,D,medium,False,weak fit — likely installer or contractor,"[biz] installer/contractor industry, no developer or commercial language | [scale] mid-large company (501-1000) | [geo] high-opportunity state (CA) | [strat] generic or minimal mission language",Low priority — verify fit before outreach,CEO; Founder; Director of Business Development
84,Burns & Scalo Roofing,burns-scalo.com,https://www.linkedin.com/company/burns-&-scalo-roofing,"Pittsburgh, PA",Construction,201-500 employees,Self Owned,TRUE,TRUE,FALSE,TRUE,0,3,0,0,2,2,0,7,D,medium,True,weak fit — likely installer or contractor,"[biz] installer/contractor industry, commercial/DG signals, roofing/HVAC in name+desc (strong penalty), self-employed/owned type | [comm] commercial solar signals | [scale] mid company (201-500) | [geo] US location (Pittsburgh, PA) - moderate relevance | [strat] generic or minimal mission language",Low priority — verify fit before outreach,CEO; Founder; Director of Business Development
94,Central Georgia EMC,cgemc.com,https://www.linkedin.com/company/central-georgia-emc,jackson,Utilities,51-200 employees,Non Profit,TRUE,TRUE,FALSE,TRUE,2,0,0,0,1,2,2,7,D,low,False,weak fit — likely installer or contractor,[biz] no developer or commercial language | [scale] smaller company (51-200) | [geo] US location (jackson) - moderate relevance | [strat] nonprofit org type,Low priority — verify fit before outreach,CEO; Founder; Director of Business Development
115,Convert Solar,convert-solar.com,https://www.linkedin.com/company/convert-solar,"Virginia Beach, Virginia",Construction,11-50 employees,Privately Held,TRUE,TRUE,FALSE,TRUE,0,0,0,0,5,2,0,7,D,medium,False,weak fit — likely installer or contractor,"[biz] installer/contractor industry, no developer or commercial language | [scale] scale/repeat signals in description | [geo] US location (Virginia Beach, Virginia) - moderate relevance | [strat] generic or minimal mission language",Low priority — verify fit before outreach,CEO; Founder; Director of Business Development
123,Craighead Electric Cooperative Corporation,craigheadelectric.coop,https://www.linkedin.com/company/craighead-electric-cooperative,"Jonesboro, Arkansas",Utilities,51-200 employees,Non Profit,TRUE,TRUE,FALSE,TRUE,2,0,0,0,1,2,2,7,D,medium,False,weak fit — likely installer or contractor,"[biz] no developer or commercial language | [scale] smaller company (51-200) | [geo] US location (Jonesboro, Arkansas) - moderate relevance | [strat] nonprofit org type",Low priority — verify fit before outreach,CEO; Founder; Director of Business Development
142,EcoFlow,ecoflow.com,https://www.linkedin.com/company/ecoflowtech,"Seattle, Washington",Renewable Energy Equipment Manufacturing,"1,001-5,000 employees",Privately Held,TRUE,TRUE,FALSE,TRUE,2,0,0,0,3,2,0,7,D,medium,False,weak fit — likely installer or contractor,"[biz] no developer or commercial language | [scale] mid-large company (501-1000) | [geo] US location (Seattle, Washington) - moderate relevance | [strat] generic or minimal mission language",Low priority — verify fit before outreach,CEO; Founder; Director of Business Development
149,eEquals,eequals.com,https://www.linkedin.com/company/eequals,"Chicago, IL",Services for Renewable Energy,51-200 employees,Partnership,TRUE,TRUE,FALSE,TRUE,2,0,0,0,1,4,0,7,D,medium,False,weak fit — likely installer or contractor,[biz] no developer or commercial language | [scale] smaller company (51-200) | [geo] high-opportunity state (IL) | [strat] generic or minimal mission language,Low priority — verify fit before outreach,CEO; Founder; Director of Business Development
156,Elite Roofing & Solar,elite-roofs.com,https://www.linkedin.com/company/elite-roofing,"Denver, CO",Construction,11-50 employees,Privately Held,TRUE,TRUE,FALSE,TRUE,0,3,0,0,0,4,0,7,D,medium,True,weak fit — likely installer or contractor,"[biz] installer/contractor industry, commercial/DG signals, roofing/HVAC in name+desc (strong penalty) | [comm] commercial solar signals | [geo] high-opportunity state (CO) | [strat] generic or minimal mission language",Low priority — verify fit before outreach,CEO; Founder; Director of Business Development
206,GeoPeak Energy,geopeakenergy.com,https://www.linkedin.com/company/geopeak-energy-llc,"Somerset, NJ",Renewables & Environment,51-200 employees,Privately Held,TRUE,TRUE,FALSE,TRUE,2,0,0,0,1,4,0,7,D,medium,False,weak fit — likely installer or contractor,[biz] no developer or commercial language | [scale] smaller company (51-200) | [geo] high-opportunity state (NJ) | [strat] generic or minimal mission language,Low priority — verify fit before outreach,CEO; Founder; Director of Business Development
214,Golden Group Roofing,goldengrouproofing.com,https://www.linkedin.com/company/golden-group-roofing,"HUDSON, Massachusetts",Construction,11-50 employees,Privately Held,TRUE,TRUE,FALSE,TRUE,0,0,0,0,5,2,0,7,D,low,True,weak fit — likely installer or contractor,"[biz] installer/contractor industry, roofing/HVAC in name+desc (strong penalty), residential-only profile, no developer or commercial language | [scale] scale/repeat signals in description | [geo] US location (HUDSON, Massachusetts) - moderate relevance | [strat] generic or minimal mission language",Low priority — verify fit before outreach,CEO; Founder; Director of Business Development
254,"Home Networks, Electric & Solar",homenes.com,https://www.linkedin.com/company/home-networks-&-electrical,"San Jose, California",Construction,11-50 employees,Self Owned,TRUE,TRUE,FALSE,TRUE,2,3,0,0,0,2,0,7,D,medium,False,weak fit — likely installer or contractor,"[biz] installer/contractor industry, commercial/DG signals, self-employed/owned type | [comm] commercial solar signals | [geo] US location (San Jose, California) - moderate relevance | [strat] generic or minimal mission language",Low priority — verify fit before outreach,CEO; Founder; Director of Business Development
268,Indigo Energy,indigoenergy.com,https://www.linkedin.com/company/indigo-energy,"ATLANTA, GA",Oil and Gas,11-50 employees,Partnership,TRUE,TRUE,FALSE,TRUE,0,0,0,0,5,2,0,7,D,low,True,weak fit — likely installer or contractor,"[biz] off-topic industry — likely false positive | [scale] scale/repeat signals in description | [geo] US location (ATLANTA, GA) - moderate relevance | [strat] generic or minimal mission language",Low priority — verify fit before outreach,CEO; Founder; Director of Business Development
292,KEEGAN ELECTRIC,keeganservices.com,https://www.linkedin.com/company/keegan-wireless-llc,"Cape Coral, Florida",Construction,2-10 employees,Self Owned,TRUE,TRUE,FALSE,TRUE,2,3,0,0,0,2,0,7,D,medium,True,weak fit — likely installer or contractor,"[biz] installer/contractor industry, commercial/DG signals, self-employed/owned type | [comm] commercial solar signals | [scale] very small scale penalty | [geo] US location (Cape Coral, Florida) - moderate relevance | [strat] generic or minimal mission language",Low priority — verify fit before outreach,CEO; Founder; Director of Business Development
297,Konnexx Services Ltd,konnexx.net,https://www.linkedin.com/company/konnexxservicesltd,"Kingston 10, WI",Telecommunications,201-500 employees,Privately Held,TRUE,TRUE,FALSE,TRUE,0,3,0,0,2,2,0,7,D,low,True,weak fit — likely installer or contractor,"[biz] off-topic industry — likely false positive | [comm] commercial solar signals | [scale] mid company (201-500) | [geo] US location (Kingston 10, WI) - moderate relevance | [strat] generic or minimal mission language",Low priority — verify fit before outreach,CEO; Founder; Director of Business Development
304,Laguna Consulting Engineers,lagunaengineers.com,https://www.linkedin.com/company/laguna-consulting-engineers,"Laguna Niguel, California",Engineering Services,2-10 employees,Privately Held,TRUE,TRUE,FALSE,TRUE,2,0,0,0,3,2,0,7,D,medium,False,weak fit — likely installer or contractor,"[biz] no developer or commercial language | [scale] scale/repeat signals in description, very small scale penalty | [geo] US location (Laguna Niguel, California) - moderate relevance | [strat] generic or minimal mission language",Low priority — verify fit before outreach,CEO; Founder; Director of Business Development
331,Mid-Atlantic Solar & Storage Industries Association,mssia.org,https://www.linkedin.com/company/mssia,"Bordentown, New Jersey",Renewable Energy Semiconductor Manufacturing,51-200 employees,Non Profit,TRUE,TRUE,FALSE,TRUE,2,0,0,0,1,2,2,7,D,medium,False,weak fit — likely installer or contractor,"[biz] no developer or commercial language | [scale] smaller company (51-200) | [geo] US location (Bordentown, New Jersey) - moderate relevance | [strat] nonprofit org type",Low priority — verify fit before outreach,CEO; Founder; Director of Business Development
384,Palomar Solar & Roofing,palomarsolar.com,https://www.linkedin.com/company/palomar-solar,"Escondio, CA",Renewables & Environment,11-50 employees,Privately Held,TRUE,TRUE,FALSE,TRUE,0,3,0,0,0,4,0,7,D,medium,True,weak fit — likely installer or contractor,"[biz] commercial/DG signals, roofing/HVAC in name+desc (strong penalty) | [comm] commercial solar signals | [geo] high-opportunity state (CA) | [strat] generic or minimal mission language",Low priority — verify fit before outreach,CEO; Founder; Director of Business Development
388,PenTex Energy,pentex.com,https://www.linkedin.com/company/pentexenergy,"MUENSTER, Texas",Utilities,51-200 employees,Non Profit,TRUE,TRUE,FALSE,TRUE,2,0,0,0,1,2,2,7,D,medium,False,weak fit — likely installer or contractor,"[biz] no developer or commercial language | [scale] smaller company (51-200) | [geo] US location (MUENSTER, Texas) - moderate relevance | [strat] nonprofit org type",Low priority — verify fit before outreach,CEO; Founder; Director of Business Development
439,Rix Petroleum,rix.co.uk,https://www.linkedin.com/company/rix-petroleum-limited,Hull,Oil and Gas,201-500 employees,Privately Held,TRUE,TRUE,FALSE,TRUE,0,3,0,0,2,2,0,7,D,low,True,weak fit — likely installer or contractor,[biz] off-topic industry — likely false positive | [comm] commercial solar signals | [scale] mid company (201-500) | [geo] US location (Hull) - moderate relevance | [strat] generic or minimal mission language,Low priority — verify fit before outreach,CEO; Founder; Director of Business Development
442,"Roman Roofing, Inc.",romanroofing.com,https://www.linkedin.com/company/romanroofing,"Cape Coral, FL",Construction,201-500 employees,Privately Held,TRUE,TRUE,FALSE,TRUE,0,3,0,0,2,2,0,7,D,medium,True,weak fit — likely installer or contractor,"[biz] installer/contractor industry, commercial/DG signals, roofing/HVAC in name+desc (strong penalty) | [comm] commercial solar signals | [scale] mid company (201-500) | [geo] US location (Cape Coral, FL) - moderate relevance | [strat] generic or minimal mission language",Low priority — verify fit before outreach,CEO; Founder; Director of Business Development
443,Roofing & Reconstruction Contractors of America LLC,rrcausa.com,https://www.linkedin.com/company/rrca,"Naples, Florida",Construction,201-500 employees,Self Owned,TRUE,TRUE,FALSE,TRUE,0,3,0,0,2,2,0,7,D,medium,True,weak fit — likely installer or contractor,"[biz] installer/contractor industry, commercial/DG signals, roofing/HVAC in name+desc (strong penalty), self-employed/owned type | [comm] commercial solar signals | [scale] mid company (201-500) | [geo] US location (Naples, Florida) - moderate relevance | [strat] generic or minimal mission language",Low priority — verify fit before outreach,CEO; Founder; Director of Business Development
530,Solgen Power,solgenpower.com,https://www.linkedin.com/company/solgen-power,"Pasco, Washington",Renewables & Environment,"1,001-5,000 employees",Privately Held,TRUE,TRUE,FALSE,TRUE,2,0,0,0,3,2,0,7,D,medium,False,weak fit — likely installer or contractor,"[biz] no developer or commercial language | [scale] mid-large company (501-1000) | [geo] US location (Pasco, Washington) - moderate relevance | [strat] generic or minimal mission language",Low priority — verify fit before outreach,CEO; Founder; Director of Business Development
534,SOLU Solar Distribution DBA SOLUENT Renewables,solu-distribution.com,https://www.linkedin.com/company/solu-solar-distribution,"Irvine, CA",Wholesale,2-10 employees,Self Employed,TRUE,TRUE,FALSE,TRUE,0,0,0,0,3,4,0,7,D,medium,True,weak fit — likely installer or contractor,"[biz] self-employed/owned type, no developer or commercial language | [scale] scale/repeat signals in description, very small scale penalty | [geo] high-opportunity state (CA) | [strat] generic or minimal mission language",Low priority — verify fit before outreach,CEO; Founder; Director of Business Development
577,"Sunny Energy, LLC",sunnyenergysolar.com,https://www.linkedin.com/company/sunny-energy,"Tempe, AZ",Renewable Energy Semiconductor Manufacturing,11-50 employees,Privately Held,TRUE,TRUE,FALSE,TRUE,0,0,0,0,5,2,0,7,D,medium,True,weak fit — likely installer or contractor,"[biz] residential-only profile, no developer or commercial language | [scale] scale/repeat signals in description | [geo] US location (Tempe, AZ) - moderate relevance | [strat] generic or minimal mission language",Low priority — verify fit before outreach,CEO; Founder; Director of Business Development
3,3MG Roofing & Solar,3mg.com,https://www.linkedin.com/company/3mgroofing,"Winter Park, FL",Construction,51-200 employees,Privately Held,TRUE,TRUE,FALSE,TRUE,0,3,0,0,1,2,0,6,D,medium,True,weak fit — likely installer or contractor,"[biz] installer/contractor industry, commercial/DG signals, roofing/HVAC in name+desc (strong penalty) | [comm] commercial solar signals | [scale] smaller company (51-200) | [geo] US location (Winter Park, FL) - moderate relevance | [strat] generic or minimal mission language",Low priority — verify fit before outreach,CEO; Founder; Director of Business Development
11,Ackerman Security,ackermansecurity.com,https://www.linkedin.com/company/ackerman-security,"Peachtree Corners, GA",Security and Investigations,51-200 employees,Privately Held,TRUE,TRUE,FALSE,TRUE,0,3,0,0,1,2,0,6,D,low,True,weak fit — likely installer or contractor,"[biz] off-topic industry — likely false positive | [comm] commercial solar signals | [scale] smaller company (51-200) | [geo] US location (Peachtree Corners, GA) - moderate relevance | [strat] generic or minimal mission language",Low priority — verify fit before outreach,CEO; Founder; Director of Business Development
17,AES Solar,aessolar.com,https://www.linkedin.com/company/advanced-energy-solutions-group-inc,"Carterville, IL",Renewable Energy Semiconductor Manufacturing,11-50 employees,Privately Held,TRUE,TRUE,FALSE,TRUE,2,0,0,0,0,4,0,6,D,low,True,weak fit — likely installer or contractor,[biz] no developer or commercial language | [geo] high-opportunity state (IL) | [strat] generic or minimal mission language,Low priority — verify fit before outreach,CEO; Founder; Director of Business Development
24,All Season Solar,allseasonsolar.net,https://www.linkedin.com/company/all-season-solar,"Galloway, NJ",Renewable Energy Semiconductor Manufacturing,11-50 employees,Privately Held,TRUE,TRUE,FALSE,TRUE,2,0,0,0,0,4,0,6,D,medium,False,weak fit — likely installer or contractor,[biz] no developer or commercial language | [geo] high-opportunity state (NJ) | [strat] generic or minimal mission language,Low priority — verify fit before outreach,CEO; Founder; Director of Business Development
34,American Solar Corporation,americansolar.net,https://www.linkedin.com/company/american-solar-corporation,"Sausalito, CA",Renewables & Environment,11-50 employees,Privately Held,TRUE,TRUE,FALSE,TRUE,2,0,0,0,0,4,0,6,D,medium,False,weak fit — likely installer or contractor,[biz] no developer or commercial language | [geo] high-opportunity state (CA) | [strat] generic or minimal mission language,Low priority — verify fit before outreach,CEO; Founder; Director of Business Development
37,AMP Smart.,ampsmart.com,https://www.linkedin.com/company/amp-security,"Lehi, Utah",Computers and Electronics Manufacturing,201-500 employees,Privately Held,TRUE,TRUE,FALSE,TRUE,2,0,0,0,2,2,0,6,D,medium,False,weak fit — likely installer or contractor,"[biz] no developer or commercial language | [scale] mid company (201-500) | [geo] US location (Lehi, Utah) - moderate relevance | [strat] generic or minimal mission language",Low priority — verify fit before outreach,CEO; Founder; Director of Business Development
69,Bone Dry Roofing,bonedry.com,https://www.linkedin.com/company/bone-dry-roofing1,"Indianapolis, Indiana",Construction,51-200 employees,Privately Held,TRUE,TRUE,FALSE,TRUE,0,3,0,0,1,2,0,6,D,medium,True,weak fit — likely installer or contractor,"[biz] installer/contractor industry, commercial/DG signals, roofing/HVAC in name+desc (strong penalty) | [comm] commercial solar signals | [scale] smaller company (51-200) | [geo] US location (Indianapolis, Indiana) - moderate relevance | [strat] generic or minimal mission language",Low priority — verify fit before outreach,CEO; Founder; Director of Business Development
79,Bryton Power,brytonpower.com,https://www.linkedin.com/company/bryton-power,"Lindon, Utah",Renewable Energy Power Generation,201-500 employees,Privately Held,TRUE,TRUE,FALSE,TRUE,2,0,0,0,2,2,0,6,D,low,True,weak fit — likely installer or contractor,"[biz] developer industry, residential-only profile, no developer or commercial language | [scale] mid company (201-500) | [geo] US location (Lindon, Utah) - moderate relevance | [strat] generic or minimal mission language",Low priority — verify fit before outreach,CEO; Founder; Director of Business Development
103,Citadel Roofing & Solar,citadelrs.com,https://www.linkedin.com/company/citadel-roofing-and-solar,"Vacaville, CA",Construction,201-500 employees,Privately Held,TRUE,TRUE,FALSE,TRUE,0,0,0,0,2,4,0,6,D,medium,True,weak fit — likely installer or contractor,"[biz] installer/contractor industry, roofing/HVAC in name+desc (strong penalty), no developer or commercial language | [scale] mid company (201-500) | [geo] high-opportunity state (CA) | [strat] generic or minimal mission language",Low priority — verify fit before outreach,CEO; Founder; Director of Business Development
179,Evergreen Solar and Home Battery,evergreen-solar.net,https://www.linkedin.com/company/evergreen-solar-and-home-battery,"Los Alamitos, CA",Services for Renewable Energy,2-10 employees,Privately Held,TRUE,TRUE,FALSE,TRUE,2,0,0,0,0,4,0,6,D,medium,True,weak fit — likely installer or contractor,[biz] no developer or commercial language | [scale] very small scale penalty | [geo] high-opportunity state (CA) | [strat] generic or minimal mission language,Low priority — verify fit before outreach,CEO; Founder; Director of Business Development
251,Hightower Industries LLC Commercial Roofing,htifl.com,https://www.linkedin.com/company/hightower-industries-llc,"Pensacola, Florida",Construction,51-200 employees,Privately Held,TRUE,TRUE,FALSE,TRUE,0,3,0,0,1,2,0,6,D,medium,True,weak fit — likely installer or contractor,"[biz] installer/contractor industry, commercial/DG signals, roofing/HVAC in name+desc (strong penalty) | [comm] commercial solar signals | [scale] smaller company (51-200) | [geo] US location (Pensacola, Florida) - moderate relevance | [strat] generic or minimal mission language",Low priority — verify fit before outreach,CEO; Founder; Director of Business Development
258,Hudson River Maritime Museum,hrmm.org,https://www.linkedin.com/company/hudsonrivermaritimemuseum,"Kingston, New York","Museums, Historical Sites, and Zoos",11-50 employees,Non Profit,TRUE,TRUE,FALSE,TRUE,2,0,0,0,0,2,2,6,D,medium,False,weak fit — likely installer or contractor,"[biz] no developer or commercial language | [geo] US location (Kingston, New York) - moderate relevance | [strat] nonprofit org type",Low priority — verify fit before outreach,CEO; Founder; Director of Business Development
266,Independent Energy,independentenergyhawaii.com,https://www.linkedin.com/company/independent-energy-hi,"Honolulu, HI",Solar Electric Power Generation,11-50 employees,Privately Held,TRUE,TRUE,FALSE,TRUE,2,0,0,0,0,4,0,6,D,medium,True,weak fit — likely installer or contractor,"[biz] developer industry, residential-only profile, no developer or commercial language | [geo] high-opportunity state (HI) | [strat] generic or minimal mission language",Low priority — verify fit before outreach,CEO; Founder; Director of Business Development
273,Intelligent Solar,intelligent.solar,https://www.linkedin.com/company/intelligent-solar-services,"Lunenburg, MA",Renewables & Environment,2-10 employees,Privately Held,TRUE,TRUE,FALSE,TRUE,2,0,0,0,0,4,0,6,D,medium,True,weak fit — likely installer or contractor,[biz] no developer or commercial language | [scale] very small scale penalty | [geo] high-opportunity state (MA) | [strat] generic or minimal mission language,Low priority — verify fit before outreach,CEO; Founder; Director of Business Development
275,Ion Solar Pros,ionsolarpros.com,https://www.linkedin.com/company/ion-solar-pros,"Middlebury, Connecticut",Solar Electric Power Generation,11-50 employees,Self Owned,TRUE,TRUE,FALSE,TRUE,4,0,0,0,0,2,0,6,D,medium,False,weak fit — likely installer or contractor,"[biz] developer industry, self-employed/owned type, no developer or commercial language | [geo] US location (Middlebury, Connecticut) - moderate relevance | [strat] generic or minimal mission language",Low priority — verify fit before outreach,CEO; Founder; Director of Business Development
283,"Jackson Solar, LLC",jacksonsolarllc.com,https://www.linkedin.com/company/jackson-solar-llc,"Jackson, Missouri",Solar Electric Power Generation,2-10 employees,Self Employed,TRUE,TRUE,FALSE,TRUE,4,0,0,0,0,2,0,6,D,low,True,weak fit — likely installer or contractor,"[biz] developer industry, self-employed/owned type, no developer or commercial language | [scale] very small scale penalty | [geo] US location (Jackson, Missouri) - moderate relevance | [strat] generic or minimal mission language",Low priority — verify fit before outreach,CEO; Founder; Director of Business Development
358,Neil Kelly Company,neilkelly.com,https://www.linkedin.com/company/neil-kelly-company,"Portland, OR",Construction,201-500 employees,Privately Held,TRUE,TRUE,FALSE,TRUE,0,0,0,0,2,4,0,6,D,medium,False,weak fit — likely installer or contractor,"[biz] installer/contractor industry, no developer or commercial language | [scale] mid company (201-500) | [geo] high-opportunity state (OR) | [strat] generic or minimal mission language",Low priority — verify fit before outreach,CEO; Founder; Director of Business Development
389,Peregrine Energy Group,peregrinegroup.com,https://www.linkedin.com/company/peregrine-energy-group,"Boston, MA",Renewables & Environment,11-50 employees,Privately Held,TRUE,TRUE,FALSE,TRUE,2,0,0,0,0,4,0,6,D,medium,False,weak fit — likely installer or contractor,[biz] no developer or commercial language | [geo] high-opportunity state (MA) | [strat] generic or minimal mission language,Low priority — verify fit before outreach,CEO; Founder; Director of Business Development
422,Renewable Energy Evolution,renewableenergyevolution.com,https://www.linkedin.com/company/renewable-energy-evolution,"Burr Ridge, IL",Renewables & Environment,2-10 employees,Partnership,TRUE,TRUE,FALSE,TRUE,2,0,0,0,0,4,0,6,D,medium,True,weak fit — likely installer or contractor,[biz] no developer or commercial language | [scale] very small scale penalty | [geo] high-opportunity state (IL) | [strat] generic or minimal mission language,Low priority — verify fit before outreach,CEO; Founder; Director of Business Development
432,Resource Engineering Group,reginc.com,https://www.linkedin.com/company/resource-engineering-group,"Crested Butte, CO",Design,11-50 employees,Privately Held,TRUE,TRUE,FALSE,TRUE,2,0,0,0,0,4,0,6,D,medium,False,weak fit — likely installer or contractor,[biz] no developer or commercial language | [geo] high-opportunity state (CO) | [strat] generic or minimal mission language,Low priority — verify fit before outreach,CEO; Founder; Director of Business Development
445,Roofing Rochester NY,roofingrochesterny.com,https://www.linkedin.com/company/roofingroc,"Rochester, New York",Construction,51-200 employees,Privately Held,TRUE,TRUE,FALSE,TRUE,0,3,0,0,1,2,0,6,D,medium,True,weak fit — likely installer or contractor,"[biz] installer/contractor industry, commercial/DG signals, roofing/HVAC in name+desc (strong penalty) | [comm] commercial solar signals | [scale] smaller company (51-200) | [geo] US location (Rochester, New York) - moderate relevance | [strat] generic or minimal mission language",Low priority — verify fit before outreach,CEO; Founder; Director of Business Development
449,Run on Sun,runonsun.solar,https://www.linkedin.com/company/run-on-sun,"Pasadena, CA",Renewables & Environment,2-10 employees,Privately Held,TRUE,TRUE,FALSE,TRUE,2,0,0,0,0,4,0,6,D,medium,True,weak fit — likely installer or contractor,[biz] no developer or commercial language | [scale] very small scale penalty | [geo] high-opportunity state (CA) | [strat] generic or minimal mission language,Low priority — verify fit before outreach,CEO; Founder; Director of Business Development
474,"Siox Global, LLC",sioxglobal.com,https://www.linkedin.com/company/siox-global,"College Park, Georgia",Holding Companies,201-500 employees,Privately Held,TRUE,TRUE,FALSE,TRUE,2,0,0,0,2,2,0,6,D,medium,False,weak fit — likely installer or contractor,"[biz] no developer or commercial language | [scale] mid company (201-500) | [geo] US location (College Park, Georgia) - moderate relevance | [strat] generic or minimal mission language",Low priority — verify fit before outreach,CEO; Founder; Director of Business Development
496,"Solar Installation Group, Inc.",sig.solar,https://www.linkedin.com/company/solar-installation-group-inc.,"Oakdale, CA",Utilities,11-50 employees,Privately Held,TRUE,TRUE,FALSE,TRUE,2,0,0,0,0,4,0,6,D,medium,False,weak fit — likely installer or contractor,[biz] no developer or commercial language | [geo] high-opportunity state (CA) | [strat] generic or minimal mission language,Low priority — verify fit before outreach,CEO; Founder; Director of Business Development
499,Solar Master Pro,solarmasterpro.com,https://www.linkedin.com/company/solar-master-pro,"Camp Hill, Pennsylvania, Pennsylvania",Solar Electric Power Generation,11-50 employees,Self Owned,TRUE,TRUE,FALSE,TRUE,4,0,0,0,0,2,0,6,D,medium,False,weak fit — likely installer or contractor,"[biz] developer industry, self-employed/owned type, no developer or commercial language | [geo] US location (Camp Hill, Pennsylvania, Pennsylvania) - moderate relevance | [strat] generic or minimal mission language",Low priority — verify fit before outreach,CEO; Founder; Director of Business Development
528,"Soleeva Energy, Inc.",soleeva.com,https://www.linkedin.com/company/soleeva,"San Jose, CA",Renewables & Environment,11-50 employees,Privately Held,TRUE,TRUE,FALSE,TRUE,2,0,0,0,0,4,0,6,D,medium,False,weak fit — likely installer or contractor,[biz] no developer or commercial language | [geo] high-opportunity state (CA) | [strat] generic or minimal mission language,Low priority — verify fit before outreach,CEO; Founder; Director of Business Development
537,South Mountain Company,southmountain.com,https://www.linkedin.com/company/south-mountain-company,"West Tisbury, MA",Architecture and Planning,11-50 employees,Partnership,TRUE,TRUE,FALSE,TRUE,2,0,0,0,0,4,0,6,D,medium,False,weak fit — likely installer or contractor,[biz] no developer or commercial language | [geo] high-opportunity state (MA) | [strat] generic or minimal mission language,Low priority — verify fit before outreach,CEO; Founder; Director of Business Development
627,Trust Roofing,trustroofing.com,https://www.linkedin.com/company/trust-roofing,"Largo, Florida",Construction,51-200 employees,Privately Held,TRUE,TRUE,FALSE,TRUE,0,3,0,0,1,2,0,6,D,medium,True,weak fit — likely installer or contractor,"[biz] installer/contractor industry, commercial/DG signals, roofing/HVAC in name+desc (strong penalty) | [comm] commercial solar signals | [scale] smaller company (51-200) | [geo] US location (Largo, Florida) - moderate relevance | [strat] generic or minimal mission language",Low priority — verify fit before outreach,CEO; Founder; Director of Business Development
634,US GREEN Energy Technologies,usgreensolar.com,https://www.linkedin.com/company/us-green-energy-technologies,"San Diego, CA",Environmental Services,11-50 employees,Privately Held,TRUE,TRUE,FALSE,TRUE,2,0,0,0,0,4,0,6,D,medium,False,weak fit — likely installer or contractor,[biz] no developer or commercial language | [geo] high-opportunity state (CA) | [strat] generic or minimal mission language,Low priority — verify fit before outreach,CEO; Founder; Director of Business Development
648,"Walton Roofing -F.W. Walton, Inc.",waltonroofing.com,https://www.linkedin.com/company/f-w-walton-inc-,"Houston, Texas",Construction,51-200 employees,Privately Held,TRUE,TRUE,FALSE,TRUE,0,3,0,0,1,2,0,6,D,medium,True,weak fit — likely installer or contractor,"[biz] installer/contractor industry, commercial/DG signals, roofing/HVAC in name+desc (strong penalty) | [comm] commercial solar signals | [scale] smaller company (51-200) | [geo] US location (Houston, Texas) - moderate relevance | [strat] generic or minimal mission language",Low priority — verify fit before outreach,CEO; Founder; Director of Business Development
650,Westcoast Solar Energy,westcoastsolarenergy.com,https://www.linkedin.com/company/westcoast-solar-energy,"Santa Rosa, California",Solar Electric Power Generation,11-50 employees,Self Owned,TRUE,TRUE,FALSE,TRUE,4,0,0,0,0,2,0,6,D,medium,False,weak fit — likely installer or contractor,"[biz] developer industry, self-employed/owned type, no developer or commercial language | [geo] US location (Santa Rosa, California) - moderate relevance | [strat] generic or minimal mission language",Low priority — verify fit before outreach,CEO; Founder; Director of Business Development
6,A.M. Sun Solar + Roofing,amsunsolar.com,https://www.linkedin.com/company/am-sun-solar,"Paso Robles, CA",Solar Electric Power Generation,51-200 employees,Privately Held,TRUE,TRUE,FALSE,TRUE,0,0,0,0,1,4,0,5,D,medium,True,weak fit — likely installer or contractor,"[biz] developer industry, roofing/HVAC in name+desc (strong penalty), no developer or commercial language | [scale] smaller company (51-200) | [geo] high-opportunity state (CA) | [strat] generic or minimal mission language",Low priority — verify fit before outreach,CEO; Founder; Director of Business Development
13,Action Solar,actionsolar.com,https://www.linkedin.com/company/action-solar,"Lehi, Utah",Solar Electric Power Generation,51-200 employees,Partnership,TRUE,TRUE,FALSE,TRUE,2,0,0,0,1,2,0,5,D,medium,True,weak fit — likely installer or contractor,"[biz] developer industry, residential-only profile, no developer or commercial language | [scale] smaller company (51-200) | [geo] US location (Lehi, Utah) - moderate relevance | [strat] generic or minimal mission language",Low priority — verify fit before outreach,CEO; Founder; Director of Business Development
60,Bland Company,blandcompany.com,https://www.linkedin.com/company/blandcompany,"Bakersfield, CA",Renewable Energy Semiconductor Manufacturing,51-200 employees,Privately Held,TRUE,TRUE,FALSE,TRUE,0,0,0,0,1,4,0,5,D,medium,True,weak fit — likely installer or contractor,"[biz] roofing/HVAC signals, residential-only profile, no developer or commercial language | [scale] smaller company (51-200) | [geo] high-opportunity state (CA) | [strat] generic or minimal mission language",Low priority — verify fit before outreach,CEO; Founder; Director of Business Development
100,"Chico Electric, Inc.",chicoelectric.com,https://www.linkedin.com/company/chico-electric-inc.,"Chico, CA",Construction,51-200 employees,Privately Held,TRUE,TRUE,FALSE,TRUE,0,0,0,0,1,4,0,5,D,medium,False,weak fit — likely installer or contractor,"[biz] installer/contractor industry, no developer or commercial language | [scale] smaller company (51-200) | [geo] high-opportunity state (CA) | [strat] generic or minimal mission language",Low priority — verify fit before outreach,CEO; Founder; Director of Business Development
109,CleanChoice Energy,cleanchoiceenergy.com,https://www.linkedin.com/company/cleanchoice-energy,"Washington, District of Columbia",Utilities,51-200 employees,Privately Held,TRUE,TRUE,FALSE,TRUE,2,0,0,0,1,2,0,5,D,medium,False,weak fit — likely installer or contractor,"[biz] no developer or commercial language | [scale] smaller company (51-200) | [geo] US location (Washington, District of Columbia) - moderate relevance | [strat] generic or minimal mission language",Low priority — verify fit before outreach,CEO; Founder; Director of Business Development
125,Cutler Bay Solar Solutions,cbsolar.miami,https://www.linkedin.com/company/cbsolar,"Cutler Bay, Florida",Renewables & Environment,51-200 employees,Privately Held,TRUE,TRUE,FALSE,TRUE,2,0,0,0,1,2,0,5,D,medium,False,weak fit — likely installer or contractor,"[biz] no developer or commercial language | [scale] smaller company (51-200) | [geo] US location (Cutler Bay, Florida) - moderate relevance | [strat] generic or minimal mission language",Low priority — verify fit before outreach,CEO; Founder; Director of Business Development
126,Dalkia Energy Solutions,dalkiasolutions.com,https://www.linkedin.com/company/dalkia-energy-solutions,"Beverly, MA",Environmental Services,51-200 employees,Privately Held,TRUE,TRUE,FALSE,TRUE,0,0,0,0,1,4,0,5,D,medium,False,weak fit — likely installer or contractor,"[biz] roofing/HVAC signals, no developer or commercial language | [scale] smaller company (51-200) | [geo] high-opportunity state (MA) | [strat] generic or minimal mission language",Low priority — verify fit before outreach,CEO; Founder; Director of Business Development
141,ECO Roof and Solar,ecoroofandsolar.com,https://www.linkedin.com/company/eco-roof-and-solar-2,"Denver, Colorado",Construction,11-50 employees,Privately Held,TRUE,TRUE,FALSE,TRUE,0,3,0,0,0,2,0,5,D,medium,True,weak fit — likely installer or contractor,"[biz] installer/contractor industry, commercial/DG signals, roofing/HVAC in name+desc (strong penalty) | [comm] commercial solar signals | [geo] US location (Denver, Colorado) - moderate relevance | [strat] generic or minimal mission language",Low priority — verify fit before outreach,CEO; Founder; Director of Business Development
152,EightTwenty,eighttwenty.com,https://www.linkedin.com/company/eighttwentyenergy,"Oklahoma City, Oklahoma",Renewable Energy Semiconductor Manufacturing,51-200 employees,Privately Held,TRUE,TRUE,FALSE,TRUE,2,0,0,0,1,2,0,5,D,medium,False,weak fit — likely installer or contractor,"[biz] no developer or commercial language | [scale] smaller company (51-200) | [geo] US location (Oklahoma City, Oklahoma) - moderate relevance | [strat] generic or minimal mission language",Low priority — verify fit before outreach,CEO; Founder; Director of Business Development
158,Empower Home,empoweryourhome.com,https://www.linkedin.com/company/empower-solar-inc,"Fresno, California",Renewable Energy Semiconductor Manufacturing,51-200 employees,Privately Held,TRUE,TRUE,FALSE,TRUE,2,0,0,0,1,2,0,5,D,low,True,weak fit — likely installer or contractor,"[biz] no developer or commercial language | [scale] smaller company (51-200) | [geo] US location (Fresno, California) - moderate relevance | [strat] generic or minimal mission language",Low priority — verify fit before outreach,CEO; Founder; Director of Business Development
160,Empower Sustainables,empowersustainables.com,https://www.linkedin.com/company/empowersustainables,"Orlando, Florida",Renewable Energy Semiconductor Manufacturing,51-200 employees,Privately Held,TRUE,TRUE,FALSE,TRUE,2,0,0,0,1,2,0,5,D,medium,False,weak fit — likely installer or contractor,"[biz] no developer or commercial language | [scale] smaller company (51-200) | [geo] US location (Orlando, Florida) - moderate relevance | [strat] generic or minimal mission language",Low priority — verify fit before outreach,CEO; Founder; Director of Business Development
171,EnviroSolar Power,envirosolarpower.com,https://www.linkedin.com/company/envirosolar,"Austin, TX",Renewable Energy Semiconductor Manufacturing,51-200 employees,Privately Held,TRUE,TRUE,FALSE,TRUE,2,0,0,0,1,2,0,5,D,medium,False,weak fit — likely installer or contractor,"[biz] no developer or commercial language | [scale] smaller company (51-200) | [geo] US location (Austin, TX) - moderate relevance | [strat] generic or minimal mission language",Low priority — verify fit before outreach,CEO; Founder; Director of Business Development
173,Epic Energy,thinkepic.com,https://www.linkedin.com/company/epic-energysacramento,"Sacramento, CA",Construction,51-200 employees,Partnership,TRUE,TRUE,FALSE,TRUE,0,0,0,0,1,4,0,5,D,medium,True,weak fit — likely installer or contractor,"[biz] installer/contractor industry, roofing/HVAC signals, residential-only profile, no developer or commercial language | [scale] smaller company (51-200) | [geo] high-opportunity state (CA) | [strat] generic or minimal mission language",Low priority — verify fit before outreach,CEO; Founder; Director of Business Development
196,Fortified Solar,fortifiedsolar.com,https://www.linkedin.com/company/fortified-solar,"Taylors, South Carolina",Solar Electric Power Generation,11-50 employees,Privately Held,TRUE,TRUE,FALSE,TRUE,3,0,0,0,0,2,0,5,D,medium,False,weak fit — likely installer or contractor,"[biz] developer industry, roofing/HVAC signals, no developer or commercial language | [geo] US location (Taylors, South Carolina) - moderate relevance | [strat] generic or minimal mission language",Low priority — verify fit before outreach,CEO; Founder; Director of Business Development
204,GenPro Energy Solutions,genproenergy.com,https://www.linkedin.com/company/genproenergy,"Piedmont, SD",Services for Renewable Energy,51-200 employees,Privately Held,TRUE,TRUE,FALSE,TRUE,2,0,0,0,1,2,0,5,D,medium,False,weak fit — likely installer or contractor,"[biz] no developer or commercial language | [scale] smaller company (51-200) | [geo] US location (Piedmont, SD) - moderate relevance | [strat] generic or minimal mission language",Low priority — verify fit before outreach,CEO; Founder; Director of Business Development
209,Glyde Solar,glydesolar.com,https://www.linkedin.com/company/glydesolar,"Draper, Utah",Renewables & Environment,51-200 employees,Privately Held,TRUE,TRUE,FALSE,TRUE,2,0,0,0,1,2,0,5,D,medium,False,weak fit — likely installer or contractor,"[biz] no developer or commercial language | [scale] smaller company (51-200) | [geo] US location (Draper, Utah) - moderate relevance | [strat] generic or minimal mission language",Low priority — verify fit before outreach,CEO; Founder; Director of Business Development
210,Go Green Solar,gogreensolar.com,https://www.linkedin.com/company/gogreensolarcom,"Anaheim, California",Solar Electric Power Generation,11-50 employees,Privately Held,TRUE,TRUE,FALSE,TRUE,3,0,0,0,0,2,0,5,D,medium,False,weak fit — likely installer or contractor,"[biz] developer industry, roofing/HVAC signals, no developer or commercial language | [geo] US location (Anaheim, California) - moderate relevance | [strat] generic or minimal mission language",Low priority — verify fit before outreach,CEO; Founder; Director of Business Development
217,Good 3nergy Solar Brokerage & Commercial Turbine Brokerage,good3nergy.com,https://www.linkedin.com/company/good3nergy,"Orlando, Florida",Environmental Services,51-200 employees,Privately Held,TRUE,TRUE,FALSE,TRUE,2,0,0,0,1,2,0,5,D,medium,False,weak fit — likely installer or contractor,"[biz] no developer or commercial language | [scale] smaller company (51-200) | [geo] US location (Orlando, Florida) - moderate relevance | [strat] generic or minimal mission language",Low priority — verify fit before outreach,CEO; Founder; Director of Business Development
227,Green Water and Power,greenwaterandpower.com,https://www.linkedin.com/company/green-water-and-power,"Los Angeles, California",Services for Renewable Energy,51-200 employees,Privately Held,TRUE,TRUE,FALSE,TRUE,2,0,0,0,1,2,0,5,D,medium,False,weak fit — likely installer or contractor,"[biz] no developer or commercial language | [scale] smaller company (51-200) | [geo] US location (Los Angeles, California) - moderate relevance | [strat] generic or minimal mission language",Low priority — verify fit before outreach,CEO; Founder; Director of Business Development
282,J&K Roofing,jkroofing.com,https://www.linkedin.com/company/jkroofing,"Golden, Colorado",Construction,11-50 employees,Partnership,TRUE,TRUE,FALSE,TRUE,0,3,0,0,0,2,0,5,D,medium,True,weak fit — likely installer or contractor,"[biz] installer/contractor industry, commercial/DG signals, roofing/HVAC in name+desc (strong penalty) | [comm] commercial solar signals | [geo] US location (Golden, Colorado) - moderate relevance | [strat] generic or minimal mission language",Low priority — verify fit before outreach,CEO; Founder; Director of Business Development
286,"JK Mechanical, Inc.",jkmechanical.com,https://www.linkedin.com/company/jkmechanical,"Willow Street, Pennsylvania",Building Equipment Contractors,51-200 employees,Privately Held,TRUE,TRUE,FALSE,TRUE,2,0,0,0,1,2,0,5,D,medium,False,weak fit — likely installer or contractor,"[biz] no developer or commercial language | [scale] smaller company (51-200) | [geo] US location (Willow Street, Pennsylvania) - moderate relevance | [strat] generic or minimal mission language",Low priority — verify fit before outreach,CEO; Founder; Director of Business Development
300,KR Solar/KR Comm,kr.solar,https://www.linkedin.com/company/kr-communications-llc,"Buffalo, New York",Services for Renewable Energy,51-200 employees,Privately Held,TRUE,TRUE,FALSE,TRUE,2,0,0,0,1,2,0,5,D,medium,True,weak fit — likely installer or contractor,"[biz] no developer or commercial language | [scale] smaller company (51-200) | [geo] US location (Buffalo, New York) - moderate relevance | [strat] generic or minimal mission language",Low priority — verify fit before outreach,CEO; Founder; Director of Business Development
311,"LMS ENERGY -LED Lighting, Solar, Electrical & EV Charging Services",lmsholding.com,https://www.linkedin.com/company/lms-energy,"Milwaukee, Wisconsin","Appliances, Electrical, and Electronics Manufacturing",11-50 employees,Privately Held,TRUE,TRUE,FALSE,TRUE,0,3,0,0,0,2,0,5,D,low,True,weak fit — likely installer or contractor,"[biz] off-topic industry — likely false positive | [comm] commercial solar signals | [geo] US location (Milwaukee, Wisconsin) - moderate relevance | [strat] generic or minimal mission language",Low priority — verify fit before outreach,CEO; Founder; Director of Business Development
319,"Lux Solutions, LLC",luxsolutions.com,https://www.linkedin.com/company/lux-solutionsllc,"Woodstock, GA",Services for Renewable Energy,51-200 employees,Privately Held,TRUE,TRUE,FALSE,TRUE,2,0,0,0,1,2,0,5,D,medium,False,weak fit — likely installer or contractor,"[biz] no developer or commercial language | [scale] smaller company (51-200) | [geo] US location (Woodstock, GA) - moderate relevance | [strat] generic or minimal mission language",Low priority — verify fit before outreach,CEO; Founder; Director of Business Development
321,Maine Energy Experts,maineenergyexperts.com,https://www.linkedin.com/company/maine-energy-experts,"Portland, Maine",Solar Electric Power Generation,11-50 employees,Privately Held,TRUE,TRUE,FALSE,TRUE,3,0,0,0,0,2,0,5,D,medium,False,weak fit — likely installer or contractor,"[biz] developer industry, roofing/HVAC signals, no developer or commercial language | [geo] US location (Portland, Maine) - moderate relevance | [strat] generic or minimal mission language",Low priority — verify fit before outreach,CEO; Founder; Director of Business Development
323,Malama Solar,malamasolar.com,https://www.linkedin.com/company/malamasolar,"Honolulu, Hawaii",Renewable Energy Semiconductor Manufacturing,51-200 employees,Privately Held,TRUE,TRUE,FALSE,TRUE,2,0,0,0,1,2,0,5,D,medium,False,weak fit — likely installer or contractor,"[biz] no developer or commercial language | [scale] smaller company (51-200) | [geo] US location (Honolulu, Hawaii) - moderate relevance | [strat] generic or minimal mission language",Low priority — verify fit before outreach,CEO; Founder; Director of Business Development
333,Mighty Dog Roofing,mightydogroofing.com,https://www.linkedin.com/company/mighty-dog-roofing,"Omaha, Nebraska",Construction,2-10 employees,Privately Held,TRUE,TRUE,FALSE,TRUE,0,0,0,0,3,2,0,5,D,low,True,weak fit — likely installer or contractor,"[biz] installer/contractor industry, roofing/HVAC in name+desc (strong penalty), residential-only profile, no developer or commercial language | [scale] scale/repeat signals in description, very small scale penalty | [geo] US location (Omaha, Nebraska) - moderate relevance | [strat] generic or minimal mission language",Low priority — verify fit before outreach,CEO; Founder; Director of Business Development
362,Next Generation Solar,nextgenerationsolartx.com,https://www.linkedin.com/company/next-generation-solar2,"Fort Worth, TX",Solar Electric Power Generation,11-50 employees,Privately Held,TRUE,TRUE,FALSE,TRUE,3,0,0,0,0,2,0,5,D,medium,False,weak fit — likely installer or contractor,"[biz] developer industry, roofing/HVAC signals, no developer or commercial language | [geo] US location (Fort Worth, TX) - moderate relevance | [strat] generic or minimal mission language",Low priority — verify fit before outreach,CEO; Founder; Director of Business Development
386,Paradise Energy Solutions,paradisesolarenergy.com,https://www.linkedin.com/company/paradise-energy-solutions-llc,"Paradise, PA",Services for Renewable Energy,51-200 employees,Privately Held,TRUE,TRUE,FALSE,TRUE,2,0,0,0,1,2,0,5,D,medium,False,weak fit — likely installer or contractor,"[biz] no developer or commercial language | [scale] smaller company (51-200) | [geo] US location (Paradise, PA) - moderate relevance | [strat] generic or minimal mission language",Low priority — verify fit before outreach,CEO; Founder; Director of Business Development
393,PlugPV,plugpv.com,https://www.linkedin.com/company/plugpv,"Troy, New York",Renewable Energy Semiconductor Manufacturing,51-200 employees,Privately Held,TRUE,TRUE,FALSE,TRUE,2,0,0,0,1,2,0,5,D,medium,False,weak fit — likely installer or contractor,"[biz] no developer or commercial language | [scale] smaller company (51-200) | [geo] US location (Troy, New York) - moderate relevance | [strat] generic or minimal mission language",Low priority — verify fit before outreach,CEO; Founder; Director of Business Development
398,"Powur, PBC",powur.com,https://www.linkedin.com/company/powurpbc,San Diego,Renewables & Environment,51-200 employees,Privately Held,TRUE,TRUE,FALSE,TRUE,2,0,0,0,1,2,0,5,D,medium,False,weak fit — likely installer or contractor,[biz] no developer or commercial language | [scale] smaller company (51-200) | [geo] US location (San Diego) - moderate relevance | [strat] generic or minimal mission language,Low priority — verify fit before outreach,CEO; Founder; Director of Business Development
399,Precision Electric Company,precisionelectricco.com,https://www.linkedin.com/company/precision-electric-company,"Lakeside, CA",Construction,51-200 employees,Privately Held,TRUE,TRUE,FALSE,TRUE,0,0,0,0,1,4,0,5,D,medium,False,weak fit — likely installer or contractor,"[biz] installer/contractor industry, no developer or commercial language | [scale] smaller company (51-200) | [geo] high-opportunity state (CA) | [strat] generic or minimal mission language",Low priority — verify fit before outreach,CEO; Founder; Director of Business Development
457,Seal Solar,sealsolar.com,https://www.linkedin.com/company/seal-corporation,"North Little Rock, AR",Renewable Energy Semiconductor Manufacturing,51-200 employees,Privately Held,TRUE,TRUE,FALSE,TRUE,2,0,0,0,1,2,0,5,D,medium,False,weak fit — likely installer or contractor,"[biz] no developer or commercial language | [scale] smaller company (51-200) | [geo] US location (North Little Rock, AR) - moderate relevance | [strat] generic or minimal mission language",Low priority — verify fit before outreach,CEO; Founder; Director of Business Development
465,"Sierra Pacific Home & Comfort, Inc.",sierrapacifichome.com,https://www.linkedin.com/company/sierra-pacific-home-&-comfort-inc.,"Rancho Cordova, CA",Specialty Trade Contractors,51-200 employees,Privately Held,TRUE,TRUE,FALSE,TRUE,0,0,0,0,1,4,0,5,D,medium,False,weak fit — likely installer or contractor,"[biz] installer/contractor industry, no developer or commercial language | [scale] smaller company (51-200) | [geo] high-opportunity state (CA) | [strat] generic or minimal mission language",Low priority — verify fit before outreach,CEO; Founder; Director of Business Development
466,Sievert Electric,sievertelectric.com,https://www.linkedin.com/company/sievert-electric,"Forest Park, IL",Construction,51-200 employees,Privately Held,TRUE,TRUE,FALSE,TRUE,0,0,0,0,1,4,0,5,D,medium,False,weak fit — likely installer or contractor,"[biz] installer/contractor industry, no developer or commercial language | [scale] smaller company (51-200) | [geo] high-opportunity state (IL) | [strat] generic or minimal mission language",Low priority — verify fit before outreach,CEO; Founder; Director of Business Development
497,"Solar Lighting International, Inc.",solarlightingitl.com,https://www.linkedin.com/company/solar-lighting-international-inc-,"Lancaster, South Carolina",Electric Lighting Equipment Manufacturing,2-10 employees,Privately Held,TRUE,TRUE,FALSE,TRUE,0,3,0,0,0,2,0,5,D,low,True,weak fit — likely installer or contractor,"[biz] off-topic industry — likely false positive | [comm] commercial solar signals | [scale] very small scale penalty | [geo] US location (Lancaster, South Carolina) - moderate relevance | [strat] generic or minimal mission language",Low priority — verify fit before outreach,CEO; Founder; Director of Business Development
545,State Electric Company,stateelectriccompany.net,https://www.linkedin.com/company/state-electric-company,"Holly, MI",Electric Power Generation,51-200 employees,Privately Held,TRUE,TRUE,FALSE,TRUE,2,0,0,0,1,2,0,5,D,medium,False,weak fit — likely installer or contractor,"[biz] no developer or commercial language | [scale] smaller company (51-200) | [geo] US location (Holly, MI) - moderate relevance | [strat] generic or minimal mission language",Low priority — verify fit before outreach,CEO; Founder; Director of Business Development
584,"Sunsolar Solutions, Inc.",sunsolarsolutions.com,https://www.linkedin.com/company/sunsolar-solutions-inc,"Peoria, Arizona",Renewable Energy Semiconductor Manufacturing,51-200 employees,Privately Held,TRUE,TRUE,FALSE,TRUE,2,0,0,0,1,2,0,5,D,medium,False,weak fit — likely installer or contractor,"[biz] no developer or commercial language | [scale] smaller company (51-200) | [geo] US location (Peoria, Arizona) - moderate relevance | [strat] generic or minimal mission language",Low priority — verify fit before outreach,CEO; Founder; Director of Business Development
593,"SunWize Technologies, Inc.",sunwize.com,https://www.linkedin.com/company/sunwize-technologies-inc,"San Jose,, CA",Renewable Energy Semiconductor Manufacturing,51-200 employees,Privately Held,TRUE,TRUE,FALSE,TRUE,0,0,0,0,1,4,0,5,D,medium,True,weak fit — likely installer or contractor,"[biz] residential-only profile, no developer or commercial language | [scale] smaller company (51-200) | [geo] high-opportunity state (CA) | [strat] generic or minimal mission language",Low priority — verify fit before outreach,CEO; Founder; Director of Business Development
616,Thompson Solutions Group,thompsonsolutionsgroup.com,https://www.linkedin.com/company/thompsonsolutionsgroup,"Sioux City, Iowa",Construction,"501-1,000 employees",Privately Held,TRUE,TRUE,FALSE,TRUE,0,0,0,0,3,2,0,5,D,medium,False,weak fit — likely installer or contractor,"[biz] installer/contractor industry, roofing/HVAC signals, no developer or commercial language | [scale] mid-large company (501-1000) | [geo] US location (Sioux City, Iowa) - moderate relevance | [strat] generic or minimal mission language",Low priority — verify fit before outreach,CEO; Founder; Director of Business Development
618,Titan Solar Power,titansolarpower.com,https://www.linkedin.com/company/titansolarpower,"Santa Ana, California","Appliances, Electrical, and Electronics Manufacturing","1,001-5,000 employees",Privately Held,TRUE,TRUE,FALSE,TRUE,0,0,0,0,3,2,0,5,D,low,True,weak fit — likely installer or contractor,"[biz] off-topic industry — likely false positive | [scale] mid-large company (501-1000) | [geo] US location (Santa Ana, California) - moderate relevance | [strat] generic or minimal mission language",Low priority — verify fit before outreach,CEO; Founder; Director of Business Development
631,Universal Renewables,universalrenewables.com,https://www.linkedin.com/company/universal-renewables,"Washington, District of Columbia",Solar Electric Power Generation,11-50 employees,Privately Held,TRUE,TRUE,FALSE,TRUE,3,0,0,0,0,2,0,5,D,medium,False,weak fit — likely installer or contractor,"[biz] developer industry, roofing/HVAC signals, no developer or commercial language | [geo] US location (Washington, District of Columbia) - moderate relevance | [strat] generic or minimal mission language",Low priority — verify fit before outreach,CEO; Founder; Director of Business Development
636,VALOR Roof and Solar,valorroofandsolar.com,https://www.linkedin.com/company/valor-roof-and-solar,"Sheridan, Colorado",Construction,11-50 employees,Partnership,TRUE,TRUE,FALSE,TRUE,0,3,0,0,0,2,0,5,D,medium,True,weak fit — likely installer or contractor,"[biz] installer/contractor industry, commercial/DG signals, roofing/HVAC in name+desc (strong penalty) | [comm] commercial solar signals | [geo] US location (Sheridan, Colorado) - moderate relevance | [strat] generic or minimal mission language",Low priority — verify fit before outreach,CEO; Founder; Director of Business Development
641,Vertical Roofing,verticalroofingco.com,https://www.linkedin.com/company/vertical-roofing-co,"Denver, Colorado",Construction,11-50 employees,Privately Held,TRUE,TRUE,FALSE,TRUE,0,3,0,0,0,2,0,5,D,medium,True,weak fit — likely installer or contractor,"[biz] installer/contractor industry, commercial/DG signals, roofing/HVAC in name+desc (strong penalty) | [comm] commercial solar signals | [geo] US location (Denver, Colorado) - moderate relevance | [strat] generic or minimal mission language",Low priority — verify fit before outreach,CEO; Founder; Director of Business Development
21,Airis Solutions,airisenergy.us,https://www.linkedin.com/company/airisusa,"Miami, Florida",Renewable Energy Semiconductor Manufacturing,11-50 employees,Partnership,TRUE,TRUE,FALSE,TRUE,2,0,0,0,0,2,0,4,D,medium,False,weak fit — likely installer or contractor,"[biz] no developer or commercial language | [geo] US location (Miami, Florida) - moderate relevance | [strat] generic or minimal mission language",Low priority — verify fit before outreach,CEO; Founder; Director of Business Development
42,Atlasta Solar Center,atlastasolar.com,https://www.linkedin.com/company/atlasta-solar-center,"Grand Junction, Colorado",Renewable Energy Semiconductor Manufacturing,11-50 employees,Privately Held,TRUE,TRUE,FALSE,TRUE,2,0,0,0,0,2,0,4,D,medium,False,weak fit — likely installer or contractor,"[biz] no developer or commercial language | [geo] US location (Grand Junction, Colorado) - moderate relevance | [strat] generic or minimal mission language",Low priority — verify fit before outreach,CEO; Founder; Director of Business Development
45,AWS Solar-Los Angeles,aws-solar.com,https://www.linkedin.com/company/aws-solar,"Los Angeles, CA",Construction,11-50 employees,Privately Held,TRUE,TRUE,FALSE,TRUE,0,0,0,0,0,4,0,4,D,medium,False,weak fit — likely installer or contractor,"[biz] installer/contractor industry, no developer or commercial language | [geo] high-opportunity state (CA) | [strat] generic or minimal mission language",Low priority — verify fit before outreach,CEO; Founder; Director of Business Development
48,Baker Home Energy,bakerhomeenergy.com,https://www.linkedin.com/company/bakerhomeenergy,"Escondido, California",Construction,201-500 employees,Privately Held,TRUE,TRUE,FALSE,TRUE,0,0,0,0,2,2,0,4,D,medium,False,weak fit — likely installer or contractor,"[biz] installer/contractor industry, no developer or commercial language | [scale] mid company (201-500) | [geo] US location (Escondido, California) - moderate relevance | [strat] generic or minimal mission language",Low priority — verify fit before outreach,CEO; Founder; Director of Business Development
55,Big Dog Solar Colorado,bigdogsolar.com,https://www.linkedin.com/company/big-dog-solar-colorado,"Pueblo West, Colorado",Environmental Services,11-50 employees,Partnership,TRUE,TRUE,FALSE,TRUE,2,0,0,0,0,2,0,4,D,medium,True,weak fit — likely installer or contractor,"[biz] no developer or commercial language | [geo] US location (Pueblo West, Colorado) - moderate relevance | [strat] generic or minimal mission language",Low priority — verify fit before outreach,CEO; Founder; Director of Business Development
73,"Bright Future Solar Energy, Inc.",brightfuturesolarenergy.com,https://www.linkedin.com/company/bright-future-solar-energy-inc-,"Salinas, California",Renewable Energy Semiconductor Manufacturing,11-50 employees,Privately Held,TRUE,TRUE,FALSE,TRUE,2,0,0,0,0,2,0,4,D,medium,False,weak fit — likely installer or contractor,"[biz] no developer or commercial language | [geo] US location (Salinas, California) - moderate relevance | [strat] generic or minimal mission language",Low priority — verify fit before outreach,CEO; Founder; Director of Business Development
74,Bright Home Energy,brighthomeenergy.com,https://www.linkedin.com/company/govoltsolar,"Tempe, Arizona",Renewables & Environment,11-50 employees,Privately Held,TRUE,TRUE,FALSE,TRUE,2,0,0,0,0,2,0,4,D,medium,False,weak fit — likely installer or contractor,"[biz] no developer or commercial language | [geo] US location (Tempe, Arizona) - moderate relevance | [strat] generic or minimal mission language",Low priority — verify fit before outreach,CEO; Founder; Director of Business Development
86,California Solar Electric Cooperative,cal-solar.coop,https://www.linkedin.com/company/california-solar-electric-company,"Grass Valley, California",Renewable Energy Semiconductor Manufacturing,11-50 employees,Partnership,TRUE,TRUE,FALSE,TRUE,2,0,0,0,0,2,0,4,D,low,False,weak fit — likely installer or contractor,"[biz] no developer or commercial language | [geo] US location (Grass Valley, California) - moderate relevance | [strat] generic or minimal mission language",Low priority — verify fit before outreach,CEO; Founder; Director of Business Development
105,City Renewables,cityrenewables.com,https://www.linkedin.com/company/city-renewables,"Washington, District of Columbia",Renewable Energy Semiconductor Manufacturing,2-10 employees,Partnership,TRUE,TRUE,FALSE,TRUE,2,0,0,0,0,2,0,4,D,medium,True,weak fit — likely installer or contractor,"[biz] no developer or commercial language | [scale] very small scale penalty | [geo] US location (Washington, District of Columbia) - moderate relevance | [strat] generic or minimal mission language",Low priority — verify fit before outreach,CEO; Founder; Director of Business Development
114,Conundrum Technologies,conundrumtechnologies.com,https://www.linkedin.com/company/conundrum-technologies,"Denver, CO",Construction,11-50 employees,Privately Held,TRUE,TRUE,FALSE,TRUE,0,0,0,0,0,4,0,4,D,medium,False,weak fit — likely installer or contractor,"[biz] installer/contractor industry, roofing/HVAC signals, no developer or commercial language | [geo] high-opportunity state (CO) | [strat] generic or minimal mission language",Low priority — verify fit before outreach,CEO; Founder; Director of Business Development
143,EcoGreen Solutions Inc.,ecogreen-solutions.com,https://www.linkedin.com/company/ecogreen-solutions-inc.,laguna niguel,Consumer Goods,11-50 employees,Privately Held,TRUE,TRUE,FALSE,TRUE,2,0,0,0,0,2,0,4,D,low,False,weak fit — likely installer or contractor,[biz] no developer or commercial language | [geo] US location (laguna niguel) - moderate relevance | [strat] generic or minimal mission language,Low priority — verify fit before outreach,CEO; Founder; Director of Business Development
144,Ecohouse Solar,ecohousesolar.com,https://www.linkedin.com/company/ecohouse-solar,"Columbus, Ohio",Renewable Energy Semiconductor Manufacturing,11-50 employees,Privately Held,TRUE,TRUE,FALSE,TRUE,2,0,0,0,0,2,0,4,D,medium,False,weak fit — likely installer or contractor,"[biz] no developer or commercial language | [geo] US location (Columbus, Ohio) - moderate relevance | [strat] generic or minimal mission language",Low priority — verify fit before outreach,CEO; Founder; Director of Business Development
162,EMT Solar & Roofing,emtsolar.com,https://www.linkedin.com/company/emt-solar-and-roofing,"Cherry Hill, NJ",Construction,11-50 employees,Partnership,TRUE,TRUE,FALSE,TRUE,0,0,0,0,0,4,0,4,D,low,True,weak fit — likely installer or contractor,"[biz] installer/contractor industry, roofing/HVAC in name+desc (strong penalty), no developer or commercial language | [geo] high-opportunity state (NJ) | [strat] generic or minimal mission language",Low priority — verify fit before outreach,CEO; Founder; Director of Business Development
166,Energy Solution USA Inc,energy-solutions-usa.com,https://www.linkedin.com/company/energy-solution-usa-inc,"Elmira, NY",Oil and Gas,11-50 employees,Privately Held,TRUE,TRUE,FALSE,TRUE,0,0,0,0,0,4,0,4,D,low,True,weak fit — likely installer or contractor,[biz] off-topic industry — likely false positive | [geo] high-opportunity state (NY) | [strat] generic or minimal mission language,Low priority — verify fit before outreach,CEO; Founder; Director of Business Development
184,EVPV,ev-pv.com,https://www.linkedin.com/company/evpv,"Long Beach, CA",Business Consulting and Services,2-10 employees,Self Employed,TRUE,TRUE,FALSE,TRUE,0,0,0,0,0,4,0,4,D,low,True,weak fit — likely installer or contractor,"[biz] self-employed/owned type, no developer or commercial language | [scale] very small scale penalty | [geo] high-opportunity state (CA) | [strat] generic or minimal mission language",Low priority — verify fit before outreach,CEO; Founder; Director of Business Development
187,Finray Solar,finray.solar,https://www.linkedin.com/company/finray-solar,"Bala-Cynwyd, Pennsylvania",Services for Renewable Energy,11-50 employees,Privately Held,TRUE,TRUE,FALSE,TRUE,2,0,0,0,0,2,0,4,D,low,True,weak fit — likely installer or contractor,"[biz] no developer or commercial language | [geo] US location (Bala-Cynwyd, Pennsylvania) - moderate relevance | [strat] generic or minimal mission language",Low priority — verify fit before outreach,CEO; Founder; Director of Business Development
192,FOR Energy,forenergy.com,https://www.linkedin.com/company/for-energy,"Tempe, Arizona",Renewables & Environment,11-50 employees,Privately Held,TRUE,TRUE,FALSE,TRUE,2,0,0,0,0,2,0,4,D,medium,False,weak fit — likely installer or contractor,"[biz] no developer or commercial language | [geo] US location (Tempe, Arizona) - moderate relevance | [strat] generic or minimal mission language",Low priority — verify fit before outreach,CEO; Founder; Director of Business Development
221,"Granite State Solar, LLC",granitestatesolar.com,https://www.linkedin.com/company/granite-state-solar-llc,"Bow, NH",Utilities,11-50 employees,Partnership,TRUE,TRUE,FALSE,TRUE,2,0,0,0,0,2,0,4,D,medium,False,weak fit — likely installer or contractor,"[biz] no developer or commercial language | [geo] US location (Bow, NH) - moderate relevance | [strat] generic or minimal mission language",Low priority — verify fit before outreach,CEO; Founder; Director of Business Development
232,GreenLogic Energy,greenlogic.com,https://www.linkedin.com/company/greenlogic-llc,"Southampton, New York",Renewable Energy Semiconductor Manufacturing,11-50 employees,Privately Held,TRUE,TRUE,FALSE,TRUE,2,0,0,0,0,2,0,4,D,medium,False,weak fit — likely installer or contractor,"[biz] no developer or commercial language | [geo] US location (Southampton, New York) - moderate relevance | [strat] generic or minimal mission language",Low priority — verify fit before outreach,CEO; Founder; Director of Business Development
241,Halo Solar,halosolar.net,https://www.linkedin.com/company/halo-solar,"Goodfield, Illinois",Services for Renewable Energy,11-50 employees,Privately Held,TRUE,TRUE,FALSE,TRUE,2,0,0,0,0,2,0,4,D,medium,False,weak fit — likely installer or contractor,"[biz] no developer or commercial language | [geo] US location (Goodfield, Illinois) - moderate relevance | [strat] generic or minimal mission language",Low priority — verify fit before outreach,CEO; Founder; Director of Business Development
285,Jefferson Energy,jefferson.energy,https://www.linkedin.com/company/jefferson-electric-llc,"Speedway, Indiana",Services for Renewable Energy,11-50 employees,Privately Held,TRUE,TRUE,FALSE,TRUE,2,0,0,0,0,2,0,4,D,low,False,weak fit — likely installer or contractor,"[biz] no developer or commercial language | [geo] US location (Speedway, Indiana) - moderate relevance | [strat] generic or minimal mission language",Low priority — verify fit before outreach,CEO; Founder; Director of Business Development
309,Lifestyle Solar,lifestylesolarinc.com,https://www.linkedin.com/company/lifestyle-solar,"Fresno, California",Renewables & Environment,11-50 employees,Privately Held,TRUE,TRUE,FALSE,TRUE,2,0,0,0,0,2,0,4,D,medium,False,weak fit — likely installer or contractor,"[biz] no developer or commercial language | [geo] US location (Fresno, California) - moderate relevance | [strat] generic or minimal mission language",Low priority — verify fit before outreach,CEO; Founder; Director of Business Development
314,"Longhorn Solar, Inc.",longhornsolar.com,https://www.linkedin.com/company/longhorn-solar-inc.,"Pflugerville, Texas",Renewable Energy Semiconductor Manufacturing,11-50 employees,Privately Held,TRUE,TRUE,FALSE,TRUE,2,0,0,0,0,2,0,4,D,medium,False,weak fit — likely installer or contractor,"[biz] no developer or commercial language | [geo] US location (Pflugerville, Texas) - moderate relevance | [strat] generic or minimal mission language",Low priority — verify fit before outreach,CEO; Founder; Director of Business Development
315,Lotus Energy & Solar,lotusenergy.solar,https://www.linkedin.com/company/lotus-energy-solar,"Tavares, Florida",Renewables & Environment,11-50 employees,Privately Held,TRUE,TRUE,FALSE,TRUE,2,0,0,0,0,2,0,4,D,medium,False,weak fit — likely installer or contractor,"[biz] no developer or commercial language | [geo] US location (Tavares, Florida) - moderate relevance | [strat] generic or minimal mission language",Low priority — verify fit before outreach,CEO; Founder; Director of Business Development
318,Luqon Inc.,luqon.co,https://www.linkedin.com/company/luqon-inc,"Houston , Texas",Services for Renewable Energy,11-50 employees,Privately Held,TRUE,TRUE,FALSE,TRUE,2,0,0,0,0,2,0,4,D,medium,False,weak fit — likely installer or contractor,"[biz] no developer or commercial language | [geo] US location (Houston , Texas) - moderate relevance | [strat] generic or minimal mission language",Low priority — verify fit before outreach,CEO; Founder; Director of Business Development
343,"Muth Electric, Inc.",muthelectric.com,https://www.linkedin.com/company/muth-electric-inc,"Mitchell, SD",Construction,201-500 employees,Privately Held,TRUE,TRUE,FALSE,TRUE,0,0,0,0,2,2,0,4,D,medium,False,weak fit — likely installer or contractor,"[biz] installer/contractor industry, no developer or commercial language | [scale] mid company (201-500) | [geo] US location (Mitchell, SD) - moderate relevance | [strat] generic or minimal mission language",Low priority — verify fit before outreach,CEO; Founder; Director of Business Development
351,NAZ Solar Electric,solar-electric.com,https://www.linkedin.com/company/nazsolarelectric,"Flagstaff, Arizona",Renewable Energy Semiconductor Manufacturing,11-50 employees,Privately Held,TRUE,TRUE,FALSE,TRUE,2,0,0,0,0,2,0,4,D,medium,False,weak fit — likely installer or contractor,"[biz] no developer or commercial language | [geo] US location (Flagstaff, Arizona) - moderate relevance | [strat] generic or minimal mission language",Low priority — verify fit before outreach,CEO; Founder; Director of Business Development
360,New Leaf Electric,newleafelectric.com,https://www.linkedin.com/company/new-leaf-electric,"San Diego, CA",Construction,2-10 employees,Privately Held,TRUE,TRUE,FALSE,TRUE,0,0,0,0,0,4,0,4,D,medium,True,weak fit — likely installer or contractor,"[biz] installer/contractor industry, no developer or commercial language | [scale] very small scale penalty | [geo] high-opportunity state (CA) | [strat] generic or minimal mission language",Low priority — verify fit before outreach,CEO; Founder; Director of Business Development
371,OffGridBox,offgridbox.com,https://www.linkedin.com/company/offgridbox,"Somerville, Massachusetts",Renewables & Environment,11-50 employees,Privately Held,TRUE,TRUE,FALSE,TRUE,2,0,0,0,0,2,0,4,D,medium,False,weak fit — likely installer or contractor,"[biz] no developer or commercial language | [geo] US location (Somerville, Massachusetts) - moderate relevance | [strat] generic or minimal mission language",Low priority — verify fit before outreach,CEO; Founder; Director of Business Development
377,Optify Group,optifygroup.com,https://www.linkedin.com/company/optify-group,Newport,Professional Services,2-10 employees,Privately Held,TRUE,TRUE,FALSE,TRUE,2,0,0,0,0,2,0,4,D,medium,True,weak fit — likely installer or contractor,[biz] no developer or commercial language | [scale] very small scale penalty | [geo] US location (Newport) - moderate relevance | [strat] generic or minimal mission language,Low priority — verify fit before outreach,CEO; Founder; Director of Business Development
378,Option One Solar,optiononesolar.com,https://www.linkedin.com/company/option-one-corporation,"Apple Valley, CA",Construction,11-50 employees,Privately Held,TRUE,TRUE,FALSE,TRUE,0,0,0,0,0,4,0,4,D,medium,False,weak fit — likely installer or contractor,"[biz] installer/contractor industry, no developer or commercial language | [geo] high-opportunity state (CA) | [strat] generic or minimal mission language",Low priority — verify fit before outreach,CEO; Founder; Director of Business Development
391,Planet Solar Solutions,planetsolarsolutions.com,https://www.linkedin.com/company/planet-solar-solutions,"Palm Beach Gardens, Florida",Renewable Energy Semiconductor Manufacturing,11-50 employees,Privately Held,TRUE,TRUE,FALSE,TRUE,2,0,0,0,0,2,0,4,D,medium,False,weak fit — likely installer or contractor,"[biz] no developer or commercial language | [geo] US location (Palm Beach Gardens, Florida) - moderate relevance | [strat] generic or minimal mission language",Low priority — verify fit before outreach,CEO; Founder; Director of Business Development
394,"Poco Solar Energy, Inc.",pocosolar.com,https://www.linkedin.com/company/poco-solar-energy-inc.,"Santa Clara, CA",Renewable Energy Semiconductor Manufacturing,11-50 employees,Privately Held,TRUE,TRUE,FALSE,TRUE,0,0,0,0,0,4,0,4,D,medium,False,weak fit — likely installer or contractor,"[biz] roofing/HVAC signals, no developer or commercial language | [geo] high-opportunity state (CA) | [strat] generic or minimal mission language",Low priority — verify fit before outreach,CEO; Founder; Director of Business Development
420,Renew Energy,renewenergy.us,https://www.linkedin.com/company/renew-energy-us,"Virginia Beach, Virginia",Renewables & Environment,11-50 employees,Privately Held,TRUE,TRUE,FALSE,TRUE,2,0,0,0,0,2,0,4,D,medium,False,weak fit — likely installer or contractor,"[biz] no developer or commercial language | [geo] US location (Virginia Beach, Virginia) - moderate relevance | [strat] generic or minimal mission language",Low priority — verify fit before outreach,CEO; Founder; Director of Business Development
434,RevoluSun Idaho,revolusun.com,https://www.linkedin.com/company/revolusunidaho,"Boise, ID",Renewable Energy Semiconductor Manufacturing,11-50 employees,Privately Held,TRUE,TRUE,FALSE,TRUE,2,0,0,0,0,2,0,4,D,medium,True,weak fit — likely installer or contractor,"[biz] no developer or commercial language | [geo] US location (Boise, ID) - moderate relevance | [strat] generic or minimal mission language",Low priority — verify fit before outreach,CEO; Founder; Director of Business Development
456,Scout Energy,scout.energy,https://www.linkedin.com/company/scout-energy,Nation Wide,Services for Renewable Energy,2-10 employees,Privately Held,TRUE,TRUE,FALSE,TRUE,2,0,0,0,0,2,0,4,D,medium,True,weak fit — likely installer or contractor,[biz] no developer or commercial language | [scale] very small scale penalty | [geo] US location (Nation Wide) - moderate relevance | [strat] generic or minimal mission language,Low priority — verify fit before outreach,CEO; Founder; Director of Business Development
464,Sidera Energy,sideraenergygroup.com,https://www.linkedin.com/company/sidera-energy-group,"Alexandria, LA",Solar Electric Power Generation,2-10 employees,Privately Held,TRUE,TRUE,FALSE,TRUE,2,0,0,0,0,2,0,4,D,low,True,weak fit — likely installer or contractor,"[biz] developer industry, residential-only profile, no developer or commercial language | [scale] very small scale penalty | [geo] US location (Alexandria, LA) - moderate relevance | [strat] generic or minimal mission language",Low priority — verify fit before outreach,CEO; Founder; Director of Business Development
470,SimpleFlow,gosimpleflow.com,https://www.linkedin.com/company/gosimpleflow,"Walnut Creek , California",Renewable Energy Semiconductor Manufacturing,11-50 employees,Partnership,TRUE,TRUE,FALSE,TRUE,2,0,0,0,0,2,0,4,D,medium,False,weak fit — likely installer or contractor,"[biz] no developer or commercial language | [geo] US location (Walnut Creek , California) - moderate relevance | [strat] generic or minimal mission language",Low priority — verify fit before outreach,CEO; Founder; Director of Business Development
483,Solar CenTex,solarcentex.com,https://www.linkedin.com/company/solar-centex,"San Angelo, TX",Renewables & Environment,11-50 employees,Privately Held,TRUE,TRUE,FALSE,TRUE,2,0,0,0,0,2,0,4,D,medium,False,weak fit — likely installer or contractor,"[biz] no developer or commercial language | [geo] US location (San Angelo, TX) - moderate relevance | [strat] generic or minimal mission language",Low priority — verify fit before outreach,CEO; Founder; Director of Business Development
500,Solar Me USA,solarmeusa.com,https://www.linkedin.com/company/maiersolarengineering,"South Amboy, New Jersey",Renewable Energy Semiconductor Manufacturing,11-50 employees,Privately Held,TRUE,TRUE,FALSE,TRUE,2,0,0,0,0,2,0,4,D,medium,True,weak fit — likely installer or contractor,"[biz] no developer or commercial language | [geo] US location (South Amboy, New Jersey) - moderate relevance | [strat] generic or minimal mission language",Low priority — verify fit before outreach,CEO; Founder; Director of Business Development
501,Solar Me USA,solarmeusa.com,https://www.linkedin.com/company/solar-me-usa,"South Amboy, New Jersey",Renewable Energy Semiconductor Manufacturing,11-50 employees,Privately Held,TRUE,TRUE,FALSE,TRUE,2,0,0,0,0,2,0,4,D,medium,True,weak fit — likely installer or contractor,"[biz] no developer or commercial language | [geo] US location (South Amboy, New Jersey) - moderate relevance | [strat] generic or minimal mission language",Low priority — verify fit before outreach,CEO; Founder; Director of Business Development
512,Solar Symphony,solarsymphony.com,https://www.linkedin.com/company/solar-symphony,"Escondido, CA",Construction,11-50 employees,Privately Held,TRUE,TRUE,FALSE,TRUE,0,0,0,0,0,4,0,4,D,medium,False,weak fit — likely installer or contractor,"[biz] installer/contractor industry, no developer or commercial language | [geo] high-opportunity state (CA) | [strat] generic or minimal mission language",Low priority — verify fit before outreach,CEO; Founder; Director of Business Development
518,Solar2SK LLC,solar2sk.com,https://www.linkedin.com/company/solar2sk,"Wylie, Texas",Renewables & Environment,11-50 employees,Partnership,TRUE,TRUE,FALSE,TRUE,2,0,0,0,0,2,0,4,D,medium,False,weak fit — likely installer or contractor,"[biz] no developer or commercial language | [geo] US location (Wylie, Texas) - moderate relevance | [strat] generic or minimal mission language",Low priority — verify fit before outreach,CEO; Founder; Director of Business Development
521,Solarex,solarexpro.com,https://www.linkedin.com/company/solarexpro,"Houston, Texas",Renewable Energy Power Generation,11-50 employees,Privately Held,TRUE,TRUE,FALSE,TRUE,2,0,0,0,0,2,0,4,D,medium,True,weak fit — likely installer or contractor,"[biz] developer industry, residential-only profile, no developer or commercial language | [geo] US location (Houston, Texas) - moderate relevance | [strat] generic or minimal mission language",Low priority — verify fit before outreach,CEO; Founder; Director of Business Development
524,SolarSesame,solarsesame.com,https://www.linkedin.com/company/solarsesame,"Hayward, California",Services for Renewable Energy,11-50 employees,Privately Held,TRUE,TRUE,FALSE,TRUE,2,0,0,0,0,2,0,4,D,medium,False,weak fit — likely installer or contractor,"[biz] no developer or commercial language | [geo] US location (Hayward, California) - moderate relevance | [strat] generic or minimal mission language",Low priority — verify fit before outreach,CEO; Founder; Director of Business Development
541,Spartan X,spartansolar.earth,https://www.linkedin.com/company/spartan-solar-company,"Winter Park, Florida",Services for Renewable Energy,201-500 employees,Privately Held,TRUE,TRUE,FALSE,TRUE,0,0,0,0,2,2,0,4,D,medium,True,weak fit — likely installer or contractor,"[biz] residential-only profile, no developer or commercial language | [scale] mid company (201-500) | [geo] US location (Winter Park, Florida) - moderate relevance | [strat] generic or minimal mission language",Low priority — verify fit before outreach,CEO; Founder; Director of Business Development
556,Sun Directed,sundirected.com,https://www.linkedin.com/company/sun-directed,"State College, Pennsylvania",Renewables & Environment,2-10 employees,Privately Held,TRUE,TRUE,FALSE,TRUE,2,0,0,0,0,2,0,4,D,medium,True,weak fit — likely installer or contractor,"[biz] no developer or commercial language | [scale] very small scale penalty | [geo] US location (State College, Pennsylvania) - moderate relevance | [strat] generic or minimal mission language",Low priority — verify fit before outreach,CEO; Founder; Director of Business Development
569,Sunforce Solar,sunforce.solar,https://www.linkedin.com/company/sunforcesolarco,Las Cruces,Solar Electric Power Generation,11-50 employees,Privately Held,TRUE,TRUE,FALSE,TRUE,2,0,0,0,0,2,0,4,D,medium,True,weak fit — likely installer or contractor,"[biz] developer industry, residential-only profile, no developer or commercial language | [geo] US location (Las Cruces) - moderate relevance | [strat] generic or minimal mission language",Low priority — verify fit before outreach,CEO; Founder; Director of Business Development
570,SunGrid Solar,gosungrid.com,https://www.linkedin.com/company/sungridsolar,"fountain valley, CA",Renewable Energy Semiconductor Manufacturing,11-50 employees,Partnership,TRUE,TRUE,FALSE,TRUE,0,0,0,0,0,4,0,4,D,medium,True,weak fit — likely installer or contractor,"[biz] residential-only profile, no developer or commercial language | [geo] high-opportunity state (CA) | [strat] generic or minimal mission language",Low priority — verify fit before outreach,CEO; Founder; Director of Business Development
571,Sunkeeper Solar,sunkeepersolar.com,https://www.linkedin.com/company/sunkeeper-solar,"Brooklyn, New York",Renewable Energy Semiconductor Manufacturing,11-50 employees,Privately Held,TRUE,TRUE,FALSE,TRUE,2,0,0,0,0,2,0,4,D,medium,False,weak fit — likely installer or contractor,"[biz] no developer or commercial language | [geo] US location (Brooklyn, New York) - moderate relevance | [strat] generic or minimal mission language",Low priority — verify fit before outreach,CEO; Founder; Director of Business Development
573,Sunlight Solar,sunlightsolar.com,https://www.linkedin.com/company/sunlight-solar-energy-inc,"Bend, Oregon",Renewables & Environment,11-50 employees,Privately Held,TRUE,TRUE,FALSE,TRUE,2,0,0,0,0,2,0,4,D,medium,False,weak fit — likely installer or contractor,"[biz] no developer or commercial language | [geo] US location (Bend, Oregon) - moderate relevance | [strat] generic or minimal mission language",Low priority — verify fit before outreach,CEO; Founder; Director of Business Development
574,SUNLIGHT SOLAR,sunlightsolar.us,https://www.linkedin.com/company/sunlightsolarflorida,"Orlando, Florida",Renewable Energy Semiconductor Manufacturing,11-50 employees,Privately Held,TRUE,TRUE,FALSE,TRUE,2,0,0,0,0,2,0,4,D,medium,False,weak fit — likely installer or contractor,"[biz] no developer or commercial language | [geo] US location (Orlando, Florida) - moderate relevance | [strat] generic or minimal mission language",Low priority — verify fit before outreach,CEO; Founder; Director of Business Development
575,Sunline Energy,sunlineenergy.com,https://www.linkedin.com/company/sunlinesandiego,"San Diego, California",Renewable Energy Semiconductor Manufacturing,201-500 employees,Self Owned,TRUE,TRUE,FALSE,TRUE,0,0,0,0,2,2,0,4,D,medium,True,weak fit — likely installer or contractor,"[biz] residential-only profile, self-employed/owned type, no developer or commercial language | [scale] mid company (201-500) | [geo] US location (San Diego, California) - moderate relevance | [strat] generic or minimal mission language",Low priority — verify fit before outreach,CEO; Founder; Director of Business Development
585,SunStar Solutions,sunstarsolutions.us,https://www.linkedin.com/company/sunstarsolutions,"Dallas, Texas",Renewable Energy Semiconductor Manufacturing,11-50 employees,Privately Held,TRUE,TRUE,FALSE,TRUE,2,0,0,0,0,2,0,4,D,low,False,weak fit — likely installer or contractor,"[biz] no developer or commercial language | [geo] US location (Dallas, Texas) - moderate relevance | [strat] generic or minimal mission language",Low priority — verify fit before outreach,CEO; Founder; Director of Business Development
586,SunState Solar Inc.,sunstatesolar.com,https://www.linkedin.com/company/sunstatesolar,"Albuquerque, New Mexico",Solar Electric Power Generation,2-10 employees,Privately Held,TRUE,TRUE,FALSE,TRUE,2,0,0,0,0,2,0,4,D,low,True,weak fit — likely installer or contractor,"[biz] developer industry, residential-only profile, no developer or commercial language | [scale] very small scale penalty | [geo] US location (Albuquerque, New Mexico) - moderate relevance | [strat] generic or minimal mission language",Low priority — verify fit before outreach,CEO; Founder; Director of Business Development
592,Sunwise Energy,sunwiseusa.com,https://www.linkedin.com/company/sunwise-energy,"Cherry Hill, New Jersey",Services for Renewable Energy,11-50 employees,Privately Held,TRUE,TRUE,FALSE,TRUE,2,0,0,0,0,2,0,4,D,medium,False,weak fit — likely installer or contractor,"[biz] no developer or commercial language | [geo] US location (Cherry Hill, New Jersey) - moderate relevance | [strat] generic or minimal mission language",Low priority — verify fit before outreach,CEO; Founder; Director of Business Development
595,Supplied Energy,suppliedenergy.com,https://www.linkedin.com/company/supplied-energy,"Greenville, Illinois",Manufacturing,2-10 employees,Privately Held,TRUE,TRUE,FALSE,TRUE,2,0,0,0,0,2,0,4,D,medium,True,weak fit — likely installer or contractor,"[biz] no developer or commercial language | [scale] very small scale penalty | [geo] US location (Greenville, Illinois) - moderate relevance | [strat] generic or minimal mission language",Low priority — verify fit before outreach,CEO; Founder; Director of Business Development
601,Synergy Power,synergypower.com,https://www.linkedin.com/company/synergypowerusa,"Livermore, CA",Construction,11-50 employees,Privately Held,TRUE,TRUE,FALSE,TRUE,0,0,0,0,0,4,0,4,D,medium,False,weak fit — likely installer or contractor,"[biz] installer/contractor industry, no developer or commercial language | [geo] high-opportunity state (CA) | [strat] generic or minimal mission language",Low priority — verify fit before outreach,CEO; Founder; Director of Business Development
607,Texas Solar Professional,texassolar.pro,https://www.linkedin.com/company/texassolarprofessional,"Cedar Hill, Texas",Renewables & Environment,11-50 employees,Privately Held,TRUE,TRUE,FALSE,TRUE,2,0,0,0,0,2,0,4,D,low,False,weak fit — likely installer or contractor,"[biz] no developer or commercial language | [geo] US location (Cedar Hill, Texas) - moderate relevance | [strat] generic or minimal mission language",Low priority — verify fit before outreach,CEO; Founder; Director of Business Development
645,Voltaic Solaire,voltaicsolaire.com,https://www.linkedin.com/company/voltaic-solaire,New York,Renewable Energy Semiconductor Manufacturing,11-50 employees,Partnership,TRUE,TRUE,FALSE,TRUE,2,0,0,0,0,2,0,4,D,medium,False,weak fit — likely installer or contractor,[biz] no developer or commercial language | [geo] US location (New York) - moderate relevance | [strat] generic or minimal mission language,Low priority — verify fit before outreach,CEO; Founder; Director of Business Development
651,Westech Systems LLC. dba Sol-Tek Solar,solteksolar.com,https://www.linkedin.com/company/westech-systems-llc-dba-sol-tek-solar,"Clovis, CA",Construction,11-50 employees,Privately Held,TRUE,TRUE,FALSE,TRUE,0,0,0,0,0,4,0,4,D,medium,False,weak fit — likely installer or contractor,"[biz] installer/contractor industry, roofing/HVAC signals, no developer or commercial language | [geo] high-opportunity state (CA) | [strat] generic or minimal mission language",Low priority — verify fit before outreach,CEO; Founder; Director of Business Development
656,Wright Energy Storage Technologies,wright.energy,https://www.linkedin.com/company/wright-energy-storage-technologies,"New York City, New York",Renewable Energy Equipment Manufacturing,11-50 employees,Privately Held,TRUE,TRUE,FALSE,TRUE,2,0,0,0,0,2,0,4,D,medium,False,weak fit — likely installer or contractor,"[biz] no developer or commercial language | [geo] US location (New York City, New York) - moderate relevance | [strat] generic or minimal mission language",Low priority — verify fit before outreach,CEO; Founder; Director of Business Development
658,Xando Energy,xandoenergy.com,https://www.linkedin.com/company/xando-energy-services,"Naples, Florida",Renewable Energy Semiconductor Manufacturing,11-50 employees,Partnership,TRUE,TRUE,FALSE,TRUE,2,0,0,0,0,2,0,4,D,medium,False,weak fit — likely installer or contractor,"[biz] no developer or commercial language | [geo] US location (Naples, Florida) - moderate relevance | [strat] generic or minimal mission language",Low priority — verify fit before outreach,CEO; Founder; Director of Business Development
660,YellowLite,yellowlite.com,https://www.linkedin.com/company/yellowlite-inc,"Cleveland, OH",Renewables & Environment,11-50 employees,Privately Held,TRUE,TRUE,FALSE,TRUE,2,0,0,0,0,2,0,4,D,medium,False,weak fit — likely installer or contractor,"[biz] no developer or commercial language | [geo] US location (Cleveland, OH) - moderate relevance | [strat] generic or minimal mission language",Low priority — verify fit before outreach,CEO; Founder; Director of Business Development
661,youpower,myyoupower.com,https://www.linkedin.com/company/youpower,"Carlsbad, California",Services for Renewable Energy,11-50 employees,Privately Held,TRUE,TRUE,FALSE,TRUE,2,0,0,0,0,2,0,4,D,medium,False,weak fit — likely installer or contractor,"[biz] no developer or commercial language | [geo] US location (Carlsbad, California) - moderate relevance | [strat] generic or minimal mission language",Low priority — verify fit before outreach,CEO; Founder; Director of Business Development
662,"YouSolar, Inc.",yousolar.com,https://www.linkedin.com/company/yousolar-inc,"Santa Clara, California",Renewable Energy Semiconductor Manufacturing,2-10 employees,Privately Held,TRUE,TRUE,FALSE,TRUE,2,0,0,0,0,2,0,4,D,medium,True,weak fit — likely installer or contractor,"[biz] no developer or commercial language | [scale] very small scale penalty | [geo] US location (Santa Clara, California) - moderate relevance | [strat] generic or minimal mission language",Low priority — verify fit before outreach,CEO; Founder; Director of Business Development
14,Adams (Electric / HVAC / Plumbing / Solar / SmartTech / Generac Generators),adamspower.com,https://www.linkedin.com/company/adamspower,"Elkhorn, Wisconsin",Construction,51-200 employees,Privately Held,TRUE,TRUE,FALSE,TRUE,0,0,0,0,1,2,0,3,D,medium,True,weak fit — likely installer or contractor,"[biz] installer/contractor industry, roofing/HVAC signals, no developer or commercial language | [scale] smaller company (51-200) | [geo] US location (Elkhorn, Wisconsin) - moderate relevance | [strat] generic or minimal mission language",Low priority — verify fit before outreach,CEO; Founder; Director of Business Development
80,"BSW Roofing, Solar & Air",bswroofing.com,https://www.linkedin.com/company/bsw-roofing,"Bakersfield, California",Construction,51-200 employees,Privately Held,TRUE,TRUE,FALSE,TRUE,0,0,0,0,1,2,0,3,D,medium,True,weak fit — likely installer or contractor,"[biz] installer/contractor industry, roofing/HVAC in name+desc (strong penalty), no developer or commercial language | [scale] smaller company (51-200) | [geo] US location (Bakersfield, California) - moderate relevance | [strat] generic or minimal mission language",Low priority — verify fit before outreach,CEO; Founder; Director of Business Development
117,Cooper Roofing & Solar,coopersolar.com,https://www.linkedin.com/company/cooper-roofing-&-solar,"Las Vegas, NV",Construction,51-200 employees,Privately Held,TRUE,TRUE,FALSE,TRUE,0,0,0,0,1,2,0,3,D,low,True,weak fit — likely installer or contractor,"[biz] installer/contractor industry, roofing/HVAC in name+desc (strong penalty), residential-only profile, no developer or commercial language | [scale] smaller company (51-200) | [geo] US location (Las Vegas, NV) - moderate relevance | [strat] generic or minimal mission language",Low priority — verify fit before outreach,CEO; Founder; Director of Business Development
153,ELCCO Inc.,elccoelectric.com,https://www.linkedin.com/company/elcco,"Kahului, Hawaii",Construction,51-200 employees,Privately Held,TRUE,TRUE,FALSE,TRUE,0,0,0,0,1,2,0,3,D,medium,False,weak fit — likely installer or contractor,"[biz] installer/contractor industry, no developer or commercial language | [scale] smaller company (51-200) | [geo] US location (Kahului, Hawaii) - moderate relevance | [strat] generic or minimal mission language",Low priority — verify fit before outreach,CEO; Founder; Director of Business Development
154,"Eldridge Roofing & Solar, Inc.",theeldridgeway.com,https://www.linkedin.com/company/eldridgeroofing,"Spring, Texas",Construction,51-200 employees,Privately Held,TRUE,TRUE,FALSE,TRUE,0,0,0,0,1,2,0,3,D,medium,True,weak fit — likely installer or contractor,"[biz] installer/contractor industry, roofing/HVAC in name+desc (strong penalty), no developer or commercial language | [scale] smaller company (51-200) | [geo] US location (Spring, Texas) - moderate relevance | [strat] generic or minimal mission language",Low priority — verify fit before outreach,CEO; Founder; Director of Business Development
188,Flo Energy LLC,floenergy.solar,https://www.linkedin.com/company/flo-energy-llc,"Tampa, Florida",Renewable Energy Semiconductor Manufacturing,51-200 employees,Self Owned,TRUE,TRUE,FALSE,TRUE,0,0,0,0,1,2,0,3,D,low,True,weak fit — likely installer or contractor,"[biz] self-employed/owned type, no developer or commercial language | [scale] smaller company (51-200) | [geo] US location (Tampa, Florida) - moderate relevance | [strat] generic or minimal mission language",Low priority — verify fit before outreach,CEO; Founder; Director of Business Development
220,Good Faith Energy,goodfaithenergy.com,https://www.linkedin.com/company/good-faith-energy,"Addison, Texas",Services for Renewable Energy,51-200 employees,Privately Held,TRUE,TRUE,FALSE,TRUE,0,0,0,0,1,2,0,3,D,medium,False,weak fit — likely installer or contractor,"[biz] roofing/HVAC signals, no developer or commercial language | [scale] smaller company (51-200) | [geo] US location (Addison, Texas) - moderate relevance | [strat] generic or minimal mission language",Low priority — verify fit before outreach,CEO; Founder; Director of Business Development
235,Greenskies Clean Focus,,,,,,,UNKNOWN,UNKNOWN,UNKNOWN,UNKNOWN,2,0,0,0,0,1,0,3,D,low,True,weak fit — likely installer or contractor,[biz] no developer or commercial language | [scale] very small scale penalty | [geo] location unclear | [strat] generic or minimal mission language,Low priority — verify fit before outreach,CEO; Founder; Director of Business Development
299,KR Solar,kr.solar,https://www.linkedin.com/company/krsolar,"Buffalo, New York",Services for Renewable Energy,51-200 employees,Privately Held,TRUE,TRUE,FALSE,TRUE,0,0,0,0,1,2,0,3,D,medium,True,weak fit — likely installer or contractor,"[biz] roofing/HVAC signals, no developer or commercial language | [scale] smaller company (51-200) | [geo] US location (Buffalo, New York) - moderate relevance | [strat] generic or minimal mission language",Low priority — verify fit before outreach,CEO; Founder; Director of Business Development
341,Mpower Solar,mpowersolar.com,https://www.linkedin.com/company/mpower-solar,"Brooklyn, New York",Services for Renewable Energy,51-200 employees,Privately Held,TRUE,TRUE,FALSE,TRUE,0,0,0,0,1,2,0,3,D,low,True,weak fit — likely installer or contractor,"[biz] residential-only profile, no developer or commercial language | [scale] smaller company (51-200) | [geo] US location (Brooklyn, New York) - moderate relevance | [strat] generic or minimal mission language",Low priority — verify fit before outreach,CEO; Founder; Director of Business Development
369,Oak Electric Service,oakelectric.com,https://www.linkedin.com/company/oak-electric-service,"Waterford, Michigan",Specialty Trade Contractors,51-200 employees,Privately Held,TRUE,TRUE,FALSE,TRUE,0,0,0,0,1,2,0,3,D,medium,False,weak fit — likely installer or contractor,"[biz] installer/contractor industry, no developer or commercial language | [scale] smaller company (51-200) | [geo] US location (Waterford, Michigan) - moderate relevance | [strat] generic or minimal mission language",Low priority — verify fit before outreach,CEO; Founder; Director of Business Development
401,Promittens Energy,,,,Robert Niziol   https://www.linkedin.com/in/robertniziol/,Looks to be polish - very experienced - posted on the Pope,,UNKNOWN,UNKNOWN,UNKNOWN,UNKNOWN,2,0,0,0,0,1,0,3,D,low,True,weak fit — likely installer or contractor,[biz] no developer or commercial language | [scale] very small scale penalty | [geo] location unclear | [strat] generic or minimal mission language,Low priority — verify fit before outreach,CEO; Founder; Director of Business Development
444,Roofing by Curry,roofingbycurry.com,https://www.linkedin.com/company/roofing-by-curry,"Sarasota, FL",Construction,51-200 employees,Privately Held,TRUE,TRUE,FALSE,TRUE,0,0,0,0,1,2,0,3,D,low,True,weak fit — likely installer or contractor,"[biz] installer/contractor industry, roofing/HVAC in name+desc (strong penalty), residential-only profile, no developer or commercial language | [scale] smaller company (51-200) | [geo] US location (Sarasota, FL) - moderate relevance | [strat] generic or minimal mission language",Low priority — verify fit before outreach,CEO; Founder; Director of Business Development
485,Solar Edge Pros LLC,solaredgepros.com,https://www.linkedin.com/company/solar-edge-pros-llc,"San Antonio, Texas",Construction,51-200 employees,Partnership,TRUE,TRUE,FALSE,TRUE,0,0,0,0,1,2,0,3,D,medium,True,weak fit — likely installer or contractor,"[biz] installer/contractor industry, residential-only profile, no developer or commercial language | [scale] smaller company (51-200) | [geo] US location (San Antonio, Texas) - moderate relevance | [strat] generic or minimal mission language",Low priority — verify fit before outreach,CEO; Founder; Director of Business Development
489,Solar Energy Partners,solarenergy.partners,https://www.linkedin.com/company/solar-energy-partners-1,"Modesto, California",Renewable Energy Semiconductor Manufacturing,51-200 employees,Privately Held,TRUE,TRUE,FALSE,TRUE,0,0,0,0,1,2,0,3,D,medium,True,weak fit — likely installer or contractor,"[biz] residential-only profile, no developer or commercial language | [scale] smaller company (51-200) | [geo] US location (Modesto, California) - moderate relevance | [strat] generic or minimal mission language",Low priority — verify fit before outreach,CEO; Founder; Director of Business Development
506,Solar Savings Direct,solarsavingsdirect.com,https://www.linkedin.com/company/solar-savings-direct,"Shingle Springs, California",Construction,51-200 employees,Privately Held,TRUE,TRUE,FALSE,TRUE,0,0,0,0,1,2,0,3,D,low,False,weak fit — likely installer or contractor,"[biz] installer/contractor industry, no developer or commercial language | [scale] smaller company (51-200) | [geo] US location (Shingle Springs, California) - moderate relevance | [strat] generic or minimal mission language",Low priority — verify fit before outreach,CEO; Founder; Director of Business Development
560,Sun Valley Solar Solutions,sunvalleysolar.com,https://www.linkedin.com/company/sun-valley-solar-solutions,"Chandler, AZ",Renewable Energy Semiconductor Manufacturing,51-200 employees,Privately Held,TRUE,TRUE,FALSE,TRUE,0,0,0,0,1,2,0,3,D,medium,True,weak fit — likely installer or contractor,"[biz] residential-only profile, no developer or commercial language | [scale] smaller company (51-200) | [geo] US location (Chandler, AZ) - moderate relevance | [strat] generic or minimal mission language",Low priority — verify fit before outreach,CEO; Founder; Director of Business Development
587,SunSystem Technology,sstsolar.com,https://www.linkedin.com/company/sunsystem-technology,"Rancho Cordova, California",Renewables & Environment,51-200 employees,Privately Held,TRUE,TRUE,FALSE,TRUE,0,0,0,0,1,2,0,3,D,medium,True,weak fit — likely installer or contractor,"[biz] residential-only profile, no developer or commercial language | [scale] smaller company (51-200) | [geo] US location (Rancho Cordova, California) - moderate relevance | [strat] generic or minimal mission language",Low priority — verify fit before outreach,CEO; Founder; Director of Business Development
600,Synaptic Solar,synapticsolar.com,https://www.linkedin.com/company/synaptic-solar-llc,"Richardson, Texas",Construction,51-200 employees,Partnership,TRUE,TRUE,FALSE,TRUE,0,0,0,0,1,2,0,3,D,medium,False,weak fit — likely installer or contractor,"[biz] installer/contractor industry, roofing/HVAC signals, no developer or commercial language | [scale] smaller company (51-200) | [geo] US location (Richardson, Texas) - moderate relevance | [strat] generic or minimal mission language",Low priority — verify fit before outreach,CEO; Founder; Director of Business Development
619,Torgeson Electric Co,torgesonelectric.com,https://www.linkedin.com/company/torgeson-electric-co,"Topeka , KS",Construction,51-200 employees,Privately Held,TRUE,TRUE,FALSE,TRUE,0,0,0,0,1,2,0,3,D,medium,False,weak fit — likely installer or contractor,"[biz] installer/contractor industry, no developer or commercial language | [scale] smaller company (51-200) | [geo] US location (Topeka , KS) - moderate relevance | [strat] generic or minimal mission language",Low priority — verify fit before outreach,CEO; Founder; Director of Business Development
5,603 Solar,603solar.com,https://www.linkedin.com/company/603-solar,"Exeter, New Hampshire",Renewables & Environment,2-10 employees,Partnership,TRUE,TRUE,FALSE,TRUE,0,0,0,0,0,2,0,2,D,low,True,weak fit — likely installer or contractor,"[biz] residential-only profile, no developer or commercial language | [scale] very small scale penalty | [geo] US location (Exeter, New Hampshire) - moderate relevance | [strat] generic or minimal mission language",Low priority — verify fit before outreach,CEO; Founder; Director of Business Development
31,AMECO Solar & Roofing,amecosolar.com,https://www.linkedin.com/company/ameco-solar,"Studio City, California",Renewable Energy Semiconductor Manufacturing,11-50 employees,Privately Held,TRUE,TRUE,FALSE,TRUE,0,0,0,0,0,2,0,2,D,medium,True,weak fit — likely installer or contractor,"[biz] roofing/HVAC signals, no developer or commercial language | [geo] US location (Studio City, California) - moderate relevance | [strat] generic or minimal mission language",Low priority — verify fit before outreach,CEO; Founder; Director of Business Development
33,American Solar & Roofing,americansolarandroofing.com,https://www.linkedin.com/company/american-solar,"Phoenix, AZ",Construction,11-50 employees,Privately Held,TRUE,TRUE,FALSE,TRUE,0,0,0,0,0,2,0,2,D,medium,True,weak fit — likely installer or contractor,"[biz] installer/contractor industry, roofing/HVAC in name+desc (strong penalty), no developer or commercial language | [geo] US location (Phoenix, AZ) - moderate relevance | [strat] generic or minimal mission language",Low priority — verify fit before outreach,CEO; Founder; Director of Business Development
81,Build Native LLC,buildnative.com,https://www.linkedin.com/company/build-native,"Austin, TX",Construction,2-10 employees,Privately Held,TRUE,TRUE,FALSE,TRUE,0,0,0,0,0,2,0,2,D,low,True,weak fit — likely installer or contractor,"[biz] installer/contractor industry, no developer or commercial language | [scale] very small scale penalty | [geo] US location (Austin, TX) - moderate relevance | [strat] generic or minimal mission language",Low priority — verify fit before outreach,CEO; Founder; Director of Business Development
119,Cosmic,cosmicbuildings.com,https://www.linkedin.com/company/cosmicbuildings,"San Francisco, California",Construction,2-10 employees,Privately Held,TRUE,TRUE,FALSE,TRUE,0,0,0,0,0,2,0,2,D,medium,True,weak fit — likely installer or contractor,"[biz] installer/contractor industry, no developer or commercial language | [scale] very small scale penalty | [geo] US location (San Francisco, California) - moderate relevance | [strat] generic or minimal mission language",Low priority — verify fit before outreach,CEO; Founder; Director of Business Development
120,Cosmic Solar,cosmicsolar.com,https://www.linkedin.com/company/cosmic-solar,"Vista, California",Renewables & Environment,2-10 employees,Privately Held,TRUE,TRUE,FALSE,TRUE,0,0,0,0,0,2,0,2,D,medium,True,weak fit — likely installer or contractor,"[biz] roofing/HVAC signals, no developer or commercial language | [scale] very small scale penalty | [geo] US location (Vista, California) - moderate relevance | [strat] generic or minimal mission language",Low priority — verify fit before outreach,CEO; Founder; Director of Business Development
137,Earthship Biotecture,earthshipbiotecture.com,https://www.linkedin.com/company/earthship,"Ojo Caliente, New Mexico",Construction,11-50 employees,Privately Held,TRUE,TRUE,FALSE,TRUE,0,0,0,0,0,2,0,2,D,medium,False,weak fit — likely installer or contractor,"[biz] installer/contractor industry, no developer or commercial language | [geo] US location (Ojo Caliente, New Mexico) - moderate relevance | [strat] generic or minimal mission language",Low priority — verify fit before outreach,CEO; Founder; Director of Business Development
157,Empire Electrical & Mechanical Solutions Ltd,empiregrp.uk,https://www.linkedin.com/company/empire-electrical-mechanical-solutions-ltd,"Southampton, Hampshire",Construction,11-50 employees,Self Owned,TRUE,TRUE,FALSE,TRUE,0,0,0,0,0,2,0,2,D,medium,False,weak fit — likely installer or contractor,"[biz] installer/contractor industry, roofing/HVAC signals, self-employed/owned type, no developer or commercial language | [geo] US location (Southampton, Hampshire) - moderate relevance | [strat] generic or minimal mission language",Low priority — verify fit before outreach,CEO; Founder; Director of Business Development
177,Ethos Green Power Cooperative,ethos.green,https://www.linkedin.com/company/ethos-green-power,"Viroqua, WI",Renewables & Environment,11-50 employees,Privately Held,TRUE,TRUE,FALSE,TRUE,0,0,0,0,0,2,0,2,D,medium,True,weak fit — likely installer or contractor,"[biz] residential-only profile, no developer or commercial language | [geo] US location (Viroqua, WI) - moderate relevance | [strat] generic or minimal mission language",Low priority — verify fit before outreach,CEO; Founder; Director of Business Development
189,Florida Solar Design Group,floridasolardesigngroup.com,https://www.linkedin.com/company/florida-solar-design-group-com,"Fort Myers, FL",Construction,2-10 employees,Privately Held,TRUE,TRUE,FALSE,TRUE,0,0,0,0,0,2,0,2,D,medium,True,weak fit — likely installer or contractor,"[biz] installer/contractor industry, roofing/HVAC signals, no developer or commercial language | [scale] very small scale penalty | [geo] US location (Fort Myers, FL) - moderate relevance | [strat] generic or minimal mission language",Low priority — verify fit before outreach,CEO; Founder; Director of Business Development
193,Forecast Energy,forecastsolar.com,https://www.linkedin.com/company/forecast-energy,"Everett, Washington",Services for Renewable Energy,11-50 employees,Self Owned,TRUE,TRUE,FALSE,TRUE,0,0,0,0,0,2,0,2,D,medium,True,weak fit — likely installer or contractor,"[biz] self-employed/owned type, no developer or commercial language | [geo] US location (Everett, Washington) - moderate relevance | [strat] generic or minimal mission language",Low priority — verify fit before outreach,CEO; Founder; Director of Business Development
194,Forecast Solar,forecastsolar.com,https://www.linkedin.com/company/forecast-solar,"Everett, Washington",Services for Renewable Energy,11-50 employees,Self Owned,TRUE,TRUE,FALSE,TRUE,0,0,0,0,0,2,0,2,D,medium,True,weak fit — likely installer or contractor,"[biz] self-employed/owned type, no developer or commercial language | [geo] US location (Everett, Washington) - moderate relevance | [strat] generic or minimal mission language",Low priority — verify fit before outreach,CEO; Founder; Director of Business Development
202,Future Energy Solar,futureenergysolar.com,https://www.linkedin.com/company/future-energy-solar-llc,"Woburn, Massachusetts",Solar Electric Power Generation,11-50 employees,Self Owned,TRUE,TRUE,FALSE,TRUE,0,0,0,0,0,2,0,2,D,medium,True,weak fit — likely installer or contractor,"[biz] developer industry, roofing/HVAC signals, residential-only profile, self-employed/owned type, no developer or commercial language | [geo] US location (Woburn, Massachusetts) - moderate relevance | [strat] generic or minimal mission language",Low priority — verify fit before outreach,CEO; Founder; Director of Business Development
213,Gold Path Solar,goldpathsolar.com,https://www.linkedin.com/company/gold-path-solar,"Dublin, Ohio",Construction,11-50 employees,Privately Held,TRUE,TRUE,FALSE,TRUE,0,0,0,0,0,2,0,2,D,medium,True,weak fit — likely installer or contractor,"[biz] installer/contractor industry, residential-only profile, no developer or commercial language | [geo] US location (Dublin, Ohio) - moderate relevance | [strat] generic or minimal mission language",Low priority — verify fit before outreach,CEO; Founder; Director of Business Development
216,"Goldin Solar, LLC",goldinsolar.com,https://www.linkedin.com/company/goldin-solar-llc,"Doral, Florida",Construction,11-50 employees,Self Owned,TRUE,TRUE,FALSE,TRUE,0,0,0,0,0,2,0,2,D,medium,False,weak fit — likely installer or contractor,"[biz] installer/contractor industry, self-employed/owned type, no developer or commercial language | [geo] US location (Doral, Florida) - moderate relevance | [strat] generic or minimal mission language",Low priority — verify fit before outreach,CEO; Founder; Director of Business Development
223,Green House Solar,greenhouse.solar,https://www.linkedin.com/company/green-house-solar,"Madison, New Jersey",Construction,2-10 employees,Privately Held,TRUE,TRUE,FALSE,TRUE,0,0,0,0,0,2,0,2,D,medium,True,weak fit — likely installer or contractor,"[biz] installer/contractor industry, no developer or commercial language | [scale] very small scale penalty | [geo] US location (Madison, New Jersey) - moderate relevance | [strat] generic or minimal mission language",Low priority — verify fit before outreach,CEO; Founder; Director of Business Development
229,Green-Energy-Products.Com LLC,green-energy-products.com,https://www.linkedin.com/company/green-energy-products,"Pinecrest, FL",Environmental Services,2-10 employees,Privately Held,TRUE,TRUE,FALSE,TRUE,0,0,0,0,0,2,0,2,D,low,True,weak fit — likely installer or contractor,"[biz] residential-only profile, no developer or commercial language | [scale] very small scale penalty | [geo] US location (Pinecrest, FL) - moderate relevance | [strat] generic or minimal mission language",Low priority — verify fit before outreach,CEO; Founder; Director of Business Development
236,Greenway Solar,greenwaysolar.org,https://www.linkedin.com/company/greenwaysolar,"Minneapolis, Minnesota",Renewables & Environment,11-50 employees,Privately Held,TRUE,TRUE,FALSE,TRUE,0,0,0,0,0,2,0,2,D,medium,True,weak fit — likely installer or contractor,"[biz] roofing/HVAC signals, residential-only profile, no developer or commercial language | [geo] US location (Minneapolis, Minnesota) - moderate relevance | [strat] generic or minimal mission language",Low priority — verify fit before outreach,CEO; Founder; Director of Business Development
278,Isaksen Solar,isaksensolar.com,https://www.linkedin.com/company/isaksen-solar,"Fall River, Massachusetts",Renewable Energy Semiconductor Manufacturing,11-50 employees,Privately Held,TRUE,TRUE,FALSE,TRUE,0,0,0,0,0,2,0,2,D,medium,True,weak fit — likely installer or contractor,"[biz] residential-only profile, no developer or commercial language | [geo] US location (Fall River, Massachusetts) - moderate relevance | [strat] generic or minimal mission language",Low priority — verify fit before outreach,CEO; Founder; Director of Business Development
310,Limitless Solar,limitlesssolar.com,https://www.linkedin.com/company/limitlesssolarfl,"Hollywood, Florida",Construction,11-50 employees,Privately Held,TRUE,TRUE,FALSE,TRUE,0,0,0,0,0,2,0,2,D,low,True,weak fit — likely installer or contractor,"[biz] installer/contractor industry, no developer or commercial language | [geo] US location (Hollywood, Florida) - moderate relevance | [strat] generic or minimal mission language",Low priority — verify fit before outreach,CEO; Founder; Director of Business Development
334,Mirage Construction,mirageconstruction.com,https://www.linkedin.com/company/mirage-construction,"Twin Falls, Idaho",Construction,2-10 employees,Self Owned,TRUE,TRUE,FALSE,TRUE,0,0,0,0,0,2,0,2,D,low,True,weak fit — likely installer or contractor,"[biz] installer/contractor industry, self-employed/owned type, no developer or commercial language | [scale] very small scale penalty | [geo] US location (Twin Falls, Idaho) - moderate relevance | [strat] generic or minimal mission language",Low priority — verify fit before outreach,CEO; Founder; Director of Business Development
390,Phoenix Exteriors & Solar,phoenixexteriors.com,https://www.linkedin.com/company/phoenixexteriors,"Schaumburg, Illinois",Renewable Energy Power Generation,11-50 employees,Self Owned,TRUE,TRUE,FALSE,TRUE,0,0,0,0,0,2,0,2,D,medium,True,weak fit — likely installer or contractor,"[biz] developer industry, roofing/HVAC signals, residential-only profile, self-employed/owned type, no developer or commercial language | [geo] US location (Schaumburg, Illinois) - moderate relevance | [strat] generic or minimal mission language",Low priority — verify fit before outreach,CEO; Founder; Director of Business Development
400,"Progressive Energy Solutions, Inc.",progressiveenergysolutions.com,https://www.linkedin.com/company/progressive-energy-solutions-inc-,"Yucaipa, California",Construction,11-50 employees,Privately Held,TRUE,TRUE,FALSE,TRUE,0,0,0,0,0,2,0,2,D,medium,False,weak fit — likely installer or contractor,"[biz] installer/contractor industry, roofing/HVAC signals, no developer or commercial language | [geo] US location (Yucaipa, California) - moderate relevance | [strat] generic or minimal mission language",Low priority — verify fit before outreach,CEO; Founder; Director of Business Development
415,"Redstone Solar, LLC",redstonecleanenergy.com,https://www.linkedin.com/company/redstone-solar,"Provo, Utah",Construction,11-50 employees,Privately Held,TRUE,TRUE,FALSE,TRUE,0,0,0,0,0,2,0,2,D,medium,False,weak fit — likely installer or contractor,"[biz] installer/contractor industry, no developer or commercial language | [geo] US location (Provo, Utah) - moderate relevance | [strat] generic or minimal mission language",Low priority — verify fit before outreach,CEO; Founder; Director of Business Development
429,Renovate Robotics,renovaterobotics.com,https://www.linkedin.com/company/renovate-robotics,"Brooklyn, New York",Machinery Manufacturing,2-10 employees,Privately Held,TRUE,TRUE,FALSE,TRUE,0,0,0,0,0,2,0,2,D,low,True,weak fit — likely installer or contractor,"[biz] roofing/HVAC signals, no developer or commercial language | [scale] very small scale penalty | [geo] US location (Brooklyn, New York) - moderate relevance | [strat] generic or minimal mission language",Low priority — verify fit before outreach,CEO; Founder; Director of Business Development
431,Resnick Roofing & Contracting,resnickroof.com,https://www.linkedin.com/company/resnickroofing,"Gibsonia, Pennsylvania",Construction,11-50 employees,Self Owned,TRUE,TRUE,FALSE,TRUE,0,0,0,0,0,2,0,2,D,low,True,weak fit — likely installer or contractor,"[biz] installer/contractor industry, roofing/HVAC in name+desc (strong penalty), residential-only profile, self-employed/owned type, no developer or commercial language | [geo] US location (Gibsonia, Pennsylvania) - moderate relevance | [strat] generic or minimal mission language",Low priority — verify fit before outreach,CEO; Founder; Director of Business Development
436,"Ridge Valley Exteriors, Inc",ridgevalleyexteriors.com,https://www.linkedin.com/company/ridge-valley-exteriors,"Kennesaw, Georgia",Construction,11-50 employees,Privately Held,TRUE,TRUE,FALSE,TRUE,0,0,0,0,0,2,0,2,D,medium,False,weak fit — likely installer or contractor,"[biz] installer/contractor industry, roofing/HVAC signals, no developer or commercial language | [geo] US location (Kennesaw, Georgia) - moderate relevance | [strat] generic or minimal mission language",Low priority — verify fit before outreach,CEO; Founder; Director of Business Development
441,ROI Construction,roiconstruction.com,https://www.linkedin.com/company/roiconstruction,"Savage, Maryland",Construction,11-50 employees,Self Employed,TRUE,TRUE,FALSE,TRUE,0,0,0,0,0,2,0,2,D,medium,True,weak fit — likely installer or contractor,"[biz] installer/contractor industry, roofing/HVAC signals, self-employed/owned type, no developer or commercial language | [scale] very small scale penalty | [geo] US location (Savage, Maryland) - moderate relevance | [strat] generic or minimal mission language",Low priority — verify fit before outreach,CEO; Founder; Director of Business Development
450,RxSun,rxsun.com,https://www.linkedin.com/company/rxsun,"Chicago, Illinois",Renewable Energy Semiconductor Manufacturing,2-10 employees,Privately Held,TRUE,TRUE,FALSE,TRUE,0,0,0,0,0,2,0,2,D,low,True,weak fit — likely installer or contractor,"[biz] residential-only profile, no developer or commercial language | [scale] very small scale penalty | [geo] US location (Chicago, Illinois) - moderate relevance | [strat] generic or minimal mission language",Low priority — verify fit before outreach,CEO; Founder; Director of Business Development
462,Shinnova,shinnova.com,https://www.linkedin.com/company/shinnova,"Kansas City, Kansas",Services for Renewable Energy,11-50 employees,Partnership,TRUE,TRUE,FALSE,TRUE,0,0,0,0,0,2,0,2,D,medium,True,weak fit — likely installer or contractor,"[biz] roofing/HVAC signals, residential-only profile, no developer or commercial language | [geo] US location (Kansas City, Kansas) - moderate relevance | [strat] generic or minimal mission language",Low priority — verify fit before outreach,CEO; Founder; Director of Business Development
475,Sky Power Solar,skypowersolar.com,https://www.linkedin.com/company/sky-power-systems,San Ramon,Renewable Energy Semiconductor Manufacturing,11-50 employees,Privately Held,TRUE,TRUE,FALSE,TRUE,0,0,0,0,0,2,0,2,D,medium,True,weak fit — likely installer or contractor,"[biz] residential-only profile, no developer or commercial language | [geo] US location (San Ramon) - moderate relevance | [strat] generic or minimal mission language",Low priority — verify fit before outreach,CEO; Founder; Director of Business Development
479,"SMP Electric, LLC",smpelectricllc.com,https://www.linkedin.com/company/smpelectricllc,"Boca Raton, Florida",Construction,2-10 employees,Self Employed,TRUE,TRUE,FALSE,TRUE,0,0,0,0,0,2,0,2,D,low,True,weak fit — likely installer or contractor,"[biz] installer/contractor industry, residential-only profile, self-employed/owned type, no developer or commercial language | [scale] very small scale penalty | [geo] US location (Boca Raton, Florida) - moderate relevance | [strat] generic or minimal mission language",Low priority — verify fit before outreach,CEO; Founder; Director of Business Development
480,Sol by Sunna Design,solarlighting.com,https://www.linkedin.com/company/sol-inc-solar-outdoor-lighting,"Miami, Florida",Electric Lighting Equipment Manufacturing,11-50 employees,Privately Held,TRUE,TRUE,FALSE,TRUE,0,0,0,0,0,2,0,2,D,low,True,weak fit — likely installer or contractor,"[biz] off-topic industry — likely false positive | [geo] US location (Miami, Florida) - moderate relevance | [strat] generic or minimal mission language",Low priority — verify fit before outreach,CEO; Founder; Director of Business Development
482,Solar Bear,oursolarbear.com,https://www.linkedin.com/company/solar-bear,"Saint Petersburg, Florida",Renewable Energy Semiconductor Manufacturing,2-10 employees,Privately Held,TRUE,TRUE,FALSE,TRUE,0,0,0,0,0,2,0,2,D,low,True,weak fit — likely installer or contractor,"[biz] residential-only profile, no developer or commercial language | [scale] very small scale penalty | [geo] US location (Saint Petersburg, Florida) - moderate relevance | [strat] generic or minimal mission language",Low priority — verify fit before outreach,CEO; Founder; Director of Business Development
486,Solar Electric Power Company,sepco-solarlighting.com,https://www.linkedin.com/company/solar-electric-power-company,"Stuart, FL",Electric Lighting Equipment Manufacturing,11-50 employees,Privately Held,TRUE,TRUE,FALSE,TRUE,0,0,0,0,0,2,0,2,D,low,True,weak fit — likely installer or contractor,"[biz] off-topic industry — likely false positive | [geo] US location (Stuart, FL) - moderate relevance | [strat] generic or minimal mission language",Low priority — verify fit before outreach,CEO; Founder; Director of Business Development
516,Solar Trek,gosolartrek.com,https://www.linkedin.com/company/solar-trek,"Ocala, Florida",Renewables & Environment,11-50 employees,Self Owned,TRUE,TRUE,FALSE,TRUE,0,0,0,0,0,2,0,2,D,medium,False,weak fit — likely installer or contractor,"[biz] roofing/HVAC signals, self-employed/owned type, no developer or commercial language | [geo] US location (Ocala, Florida) - moderate relevance | [strat] generic or minimal mission language",Low priority — verify fit before outreach,CEO; Founder; Director of Business Development
523,"Solaris Technology Industry, Inc.",solaris-shop.com,https://www.linkedin.com/company/solaris-technology-industry-inc-,"Englewood, Colorado",Renewable Energy Semiconductor Manufacturing,2-10 employees,Privately Held,TRUE,TRUE,FALSE,TRUE,0,0,0,0,0,2,0,2,D,low,True,weak fit — likely installer or contractor,"[biz] residential-only profile, no developer or commercial language | [scale] very small scale penalty | [geo] US location (Englewood, Colorado) - moderate relevance | [strat] generic or minimal mission language",Low priority — verify fit before outreach,CEO; Founder; Director of Business Development
533,Solstice Solar,solsticesolar.com,https://www.linkedin.com/company/solstice-solar,"Houston, Texas",Renewable Energy Semiconductor Manufacturing,11-50 employees,Partnership,TRUE,TRUE,FALSE,TRUE,0,0,0,0,0,2,0,2,D,medium,True,weak fit — likely installer or contractor,"[biz] residential-only profile, no developer or commercial language | [geo] US location (Houston, Texas) - moderate relevance | [strat] generic or minimal mission language",Low priority — verify fit before outreach,CEO; Founder; Director of Business Development
539,"South Texas Solar Systems, Inc.",txsolarsystems.com,https://www.linkedin.com/company/south-texas-solar-systems-inc.,"San Antonio, Texas",Renewable Energy Semiconductor Manufacturing,11-50 employees,Self Employed,TRUE,TRUE,FALSE,TRUE,0,0,0,0,0,2,0,2,D,medium,True,weak fit — likely installer or contractor,"[biz] self-employed/owned type, no developer or commercial language | [scale] very small scale penalty | [geo] US location (San Antonio, Texas) - moderate relevance | [strat] generic or minimal mission language",Low priority — verify fit before outreach,CEO; Founder; Director of Business Development
591,SunWave Energy LLC,sunwaveenergyusa.com,https://www.linkedin.com/company/sunwave-energy-llc,"Orlando, Florida",Environmental Services,11-50 employees,Self Owned,TRUE,TRUE,FALSE,TRUE,0,0,0,0,0,2,0,2,D,medium,False,weak fit — likely installer or contractor,"[biz] self-employed/owned type, no developer or commercial language | [geo] US location (Orlando, Florida) - moderate relevance | [strat] generic or minimal mission language",Low priority — verify fit before outreach,CEO; Founder; Director of Business Development
598,"Sustainable Energy Systems, LLC",sustainableenergysystems.net,https://www.linkedin.com/company/sustainable-energy-systems-llc,"FREDERICK, Maryland",Renewable Energy Semiconductor Manufacturing,11-50 employees,Privately Held,TRUE,TRUE,FALSE,TRUE,0,0,0,0,0,2,0,2,D,medium,False,weak fit — likely installer or contractor,"[biz] roofing/HVAC signals, no developer or commercial language | [geo] US location (FREDERICK, Maryland) - moderate relevance | [strat] generic or minimal mission language",Low priority — verify fit before outreach,CEO; Founder; Director of Business Development
620,Transportation Solutions & Lighting | National Safety Systems,tsandl.us,https://www.linkedin.com/company/transportation-solutions-lighting,"Coconut Creek, Florida",Public Safety,11-50 employees,Self Employed,TRUE,TRUE,FALSE,TRUE,0,0,0,0,0,2,0,2,D,medium,True,weak fit — likely installer or contractor,"[biz] self-employed/owned type, no developer or commercial language | [scale] very small scale penalty | [geo] US location (Coconut Creek, Florida) - moderate relevance | [strat] generic or minimal mission language",Low priority — verify fit before outreach,CEO; Founder; Director of Business Development
