source_row_id,company_name,website,linkedin_url,location,primary_industry,company_size,company_type,solar_developer_flag,keyword_flag,utility_check,residential_mention,business_model_fit_score,community_solar_score,lmi_alignment_score,capital_need_score,stage_scale_score,geographic_score,strategic_alignment_score,total_score,priority_tier,confidence_level,needs_review,priority_reason,evidence_notes,suggested_linkedin_angle,suggested_target_titles,review_note
238,GS Power Partners,gspowerpartners.com,https://www.linkedin.com/company/gs-power-partners,"New York, NY",Solar Electric Power Generation,51-200 employees,Privately Held,TRUE,TRUE,FALSE,TRUE,23,14,0,7,6,4,6,60,A,medium,True,community solar developer; strong developer profile; meaningful scale,"[biz] developer industry, strong developer language, commercial/DG signals | [comm] explicit community solar | [cap] developer at scale implies financing needs | [scale] scale/repeat signals in description, smaller company (51-200) | [geo] high-opportunity state (NY) | [strat] community/LMI focus implies mission alignment",Reference community solar portfolio; discuss subscriber model or shared access programs,VP of Development; Director of Project Finance; CEO; CFO; Head of Capital Markets,score 60 is near tier boundary — borderline case
110,Climate Access Fund,climateaccessfund.org,https://www.linkedin.com/company/climate-access-fund,"Baltimore, MD",Solar Electric Power Generation,2-10 employees,Non Profit,TRUE,TRUE,FALSE,TRUE,15,18,3,4,0,4,9,53,B,medium,True,community solar developer; strong developer profile; mission alignment,"[biz] developer industry, some developer language | [comm] explicit community solar (multiple mentions) | [lmi] mission/affordability language (no explicit LMI) | [cap] developer language implies some financing need | [scale] developer implies some repeatability, very small scale penalty | [geo] high-opportunity state (MD) | [strat] mission alignment (2 signals), nonprofit org type",Reference community solar portfolio; discuss subscriber model or shared access programs,VP of Development; Director of Project Finance; CEO; CFO; Head of Capital Markets,very small company (2-10) with no scale evidence; possible duplicate — same domain (climateaccessfund.org) as row 611
611,The Climate Access Fund,climateaccessfund.org,https://www.linkedin.com/company/the-climate-access-fund,"Baltimore, MD",Solar Electric Power Generation,2-10 employees,Non Profit,TRUE,TRUE,FALSE,TRUE,15,18,3,4,0,4,9,53,B,medium,True,community solar developer; strong developer profile; mission alignment,"[biz] developer industry, some developer language | [comm] explicit community solar (multiple mentions) | [lmi] mission/affordability language (no explicit LMI) | [cap] developer language implies some financing need | [scale] developer implies some repeatability, very small scale penalty | [geo] high-opportunity state (MD) | [strat] mission alignment (2 signals), nonprofit org type",Reference community solar portfolio; discuss subscriber model or shared access programs,VP of Development; Director of Project Finance; CEO; CFO; Head of Capital Markets,very small company (2-10) with no scale evidence; possible duplicate — same domain (climateaccessfund.org) as row 110
375,Olympia Community Solar,olysol.org,https://www.linkedin.com/company/olysol,"Olympia, Washington",Solar Electric Power Generation,2-10 employees,Non Profit,TRUE,TRUE,FALSE,TRUE,20,18,0,4,0,2,8,52,B,medium,True,community solar developer; strong developer profile; mission alignment,"[biz] developer industry, strong developer language | [comm] explicit community solar (multiple mentions) | [cap] developer language implies some financing need | [scale] developer implies some repeatability, very small scale penalty | [geo] US location (Olympia, Washington) - moderate relevance | [strat] community/LMI focus implies mission alignment, nonprofit org type",Reference community solar portfolio; discuss subscriber model or shared access programs,VP of Development; Director of Project Finance; CEO; CFO; Head of Capital Markets,very small company (2-10) with no scale evidence
104,City First Enterprises (CFE),cfenterprises.org,https://www.linkedin.com/company/city-first-enterprises,"Washington, DC",Financial Services,11-50 employees,Non Profit,TRUE,TRUE,FALSE,TRUE,13,6,6,4,2,4,9,44,B,medium,True,developer signals present; mission alignment,"[biz] some developer language, commercial/DG signals | [comm] commercial DG developer (adjacent community relevance) | [lmi] LMI/equity language (1 signal) | [cap] developer language implies some financing need | [scale] developer implies some repeatability | [geo] high-opportunity state (DC) | [strat] mission alignment (2 signals), nonprofit org type",Explore commercial solar project pipeline; ask about financing needs for growth,VP of Development; CEO; Director of Business Development; CFO,score 44 is near tier boundary — borderline case
170,Entero Energy LLC,enteroenergy.com,https://www.linkedin.com/company/entero-energy-llc,"Austin, Texas",Solar Electric Power Generation,2-10 employees,Privately Held,TRUE,TRUE,FALSE,TRUE,18,14,0,4,0,2,6,44,B,low,True,community solar developer; strong developer profile,"[biz] developer industry, some developer language, commercial/DG signals | [comm] explicit community solar | [cap] developer language implies some financing need | [scale] developer implies some repeatability, very small scale penalty | [geo] US location (Austin, Texas) - moderate relevance | [strat] community/LMI focus implies mission alignment",Reference community solar portfolio; discuss subscriber model or shared access programs,VP of Development; Director of Project Finance; CEO; CFO; Head of Capital Markets,very small company (2-10) with no scale evidence; score 44 is near tier boundary — borderline case
357,Neighborhood Sun,neighborhoodsun.solar,https://www.linkedin.com/company/neighborhood-sun,"Silver Spring, MD",Renewable Energy Semiconductor Manufacturing,11-50 employees,Privately Held,TRUE,TRUE,FALSE,TRUE,10,18,0,4,2,4,6,44,B,medium,True,community solar developer; developer signals present,[biz] some developer language | [comm] explicit community solar (multiple mentions) | [cap] developer language implies some financing need | [scale] developer implies some repeatability | [geo] high-opportunity state (MD) | [strat] community/LMI focus implies mission alignment,Reference community solar portfolio; discuss subscriber model or shared access programs,Director of Community Solar; VP of Development; CEO; Director of Programs,score 44 is near tier boundary — borderline case
622,Tribal Energy Alternatives,tribalalternatives.org,https://www.linkedin.com/company/tribal-energy-alternatives,"Denver, Colorado",Solar Electric Power Generation,11-50 employees,Non Profit,TRUE,TRUE,FALSE,TRUE,15,0,6,9,5,2,7,44,B,medium,True,financing relevance; strong developer profile; mission alignment,"[biz] developer industry, some developer language | [lmi] LMI/equity language (1 signal) | [cap] financing language mentioned | [scale] scale/repeat signals in description | [geo] US location (Denver, Colorado) - moderate relevance | [strat] some mission language, nonprofit org type",Open with project finance or capital stack conversation; reference growth pipeline,VP of Development; Director of Project Finance; CEO; CFO; Head of Capital Markets,score 44 is near tier boundary — borderline case
320,Maine Community Power Cooperative,mainecommunitypower.com,https://www.linkedin.com/company/maine-community-power-cooperative,"Norway, Maine",Renewable Energy Power Generation,2-10 employees,Partnership,TRUE,TRUE,FALSE,TRUE,15,14,3,4,0,2,5,43,B,low,True,community solar developer; strong developer profile,"[biz] developer industry, some developer language | [comm] explicit community solar | [lmi] mission/affordability language (no explicit LMI) | [cap] developer language implies some financing need | [scale] developer implies some repeatability, very small scale penalty | [geo] US location (Norway, Maine) - moderate relevance | [strat] some mission language",Reference community solar portfolio; discuss subscriber model or shared access programs,VP of Development; Director of Project Finance; CEO; CFO; Head of Capital Markets,very small company (2-10) with no scale evidence; score 43 is near tier boundary — borderline case
218,Good Energy,goodenergy.com,https://www.linkedin.com/company/good-energy-lp,"New York, New York",Utilities,11-50 employees,Privately Held,TRUE,TRUE,FALSE,TRUE,8,18,0,3,5,2,6,42,B,medium,True,community solar developer; developer signals present,"[biz] commercial/DG signals | [comm] explicit community solar (multiple mentions) | [cap] commercial at scale (weak financing relevance) | [scale] scale/repeat signals in description | [geo] US location (New York, New York) - moderate relevance | [strat] community/LMI focus implies mission alignment",Reference community solar portfolio; discuss subscriber model or shared access programs,Director of Community Solar; VP of Development; CEO; Director of Programs,score 42 is near tier boundary — borderline case
312,Lodestar Energy,lodestarenergy.com,https://www.linkedin.com/company/lodestar-energy,"Avon, CT",Renewable Energy Semiconductor Manufacturing,11-50 employees,Privately Held,TRUE,TRUE,FALSE,TRUE,18,6,0,9,5,4,0,42,B,medium,True,financing relevance; strong developer profile,"[biz] strong developer language, commercial/DG signals | [comm] commercial DG developer (adjacent community relevance) | [cap] financing language mentioned | [scale] scale/repeat signals in description | [geo] high-opportunity state (CT)",Open with project finance or capital stack conversation; reference growth pipeline,VP of Development; Director of Project Finance; CEO; CFO; Head of Capital Markets,score 42 is near tier boundary — borderline case
346,National Energy Installers,nationalenergyinstallers.com,https://www.linkedin.com/company/national-energy-installers,"Newport Beach, CA",Solar Electric Power Generation,51-200 employees,Privately Held,TRUE,TRUE,FALSE,TRUE,13,3,6,3,6,4,6,41,B,medium,True,developer signals present; meaningful scale,"[biz] developer industry, commercial/DG signals | [comm] commercial solar signals | [lmi] LMI/equity language (1 signal) | [cap] commercial at scale (weak financing relevance) | [scale] scale/repeat signals in description, smaller company (51-200) | [geo] high-opportunity state (CA) | [strat] community/LMI focus implies mission alignment",Explore commercial solar project pipeline; ask about financing needs for growth,VP of Development; CEO; Director of Business Development; CFO,score 41 is near tier boundary — borderline case
128,Delaware River Solar,delawareriversolar.com,https://www.linkedin.com/company/delaware-river-solar,"New York, NY",Renewable Energy Semiconductor Manufacturing,11-50 employees,Privately Held,TRUE,TRUE,FALSE,TRUE,10,14,0,4,2,4,6,40,B,medium,True,community solar developer; developer signals present,[biz] some developer language | [comm] explicit community solar | [cap] developer language implies some financing need | [scale] developer implies some repeatability | [geo] high-opportunity state (NY) | [strat] community/LMI focus implies mission alignment,Reference community solar portfolio; discuss subscriber model or shared access programs,Director of Community Solar; VP of Development; CEO; Director of Programs,score 40 is near tier boundary — borderline case
161,Empowered By Light,empoweredbylight.org,https://www.linkedin.com/company/empowered-by-light,"Larkspur, CA",Renewable Energy Power Generation,2-10 employees,Non Profit,TRUE,TRUE,FALSE,TRUE,18,6,0,7,3,4,2,40,B,medium,True,strong developer profile,"[biz] developer industry, some developer language, commercial/DG signals | [comm] commercial DG developer (adjacent community relevance) | [cap] developer at scale implies financing needs | [scale] scale/repeat signals in description, very small scale penalty | [geo] high-opportunity state (CA) | [strat] nonprofit org type",Developer-to-developer outreach; reference project pipeline and financing solutions,VP of Development; Director of Project Finance; CEO; CFO; Head of Capital Markets,score 40 is near tier boundary — borderline case
267,Independent Power,solarips.com,https://www.linkedin.com/company/independentpower,"Boulder, CO",Solar Electric Power Generation,11-50 employees,Privately Held,TRUE,TRUE,FALSE,TRUE,13,3,3,3,5,4,9,40,B,medium,True,developer signals present; mission alignment,"[biz] developer industry, commercial/DG signals | [comm] commercial solar signals | [lmi] mission/affordability language (no explicit LMI) | [cap] commercial at scale (weak financing relevance) | [scale] scale/repeat signals in description | [geo] high-opportunity state (CO) | [strat] strong mission alignment (3+ signals)",Explore commercial solar project pipeline; ask about financing needs for growth,VP of Development; CEO; Director of Business Development; CFO,score 40 is near tier boundary — borderline case
4,548 Enterprise,548enterprise.com,https://www.linkedin.com/company/548enterprise,"Chicago, Illinois",Housing and Community Development,11-50 employees,Privately Held,TRUE,TRUE,FALSE,TRUE,2,14,6,9,0,2,6,39,C,medium,True,community solar developer; financing relevance,"[biz] no developer or commercial language | [comm] explicit community solar | [lmi] LMI/equity language (1 signal) | [cap] financing language mentioned | [geo] US location (Chicago, Illinois) - moderate relevance | [strat] community/LMI focus implies mission alignment",Reference community solar portfolio; discuss subscriber model or shared access programs,Director of Community Solar; VP of Development; CEO; Director of Programs,score 39 is near tier boundary — borderline case
47,Babcock Ranch,babcockranchforbusiness.com,https://www.linkedin.com/company/babcock-ranch,"Babcock Ranch, Florida",Real Estate,51-200 employees,Privately Held,TRUE,TRUE,FALSE,TRUE,18,6,0,7,6,2,0,39,C,medium,True,strong developer profile; meaningful scale,"[biz] strong developer language, commercial/DG signals | [comm] commercial DG developer (adjacent community relevance) | [cap] developer at scale implies financing needs | [scale] scale/repeat signals in description, smaller company (51-200) | [geo] US location (Babcock Ranch, Florida) - moderate relevance",Developer-to-developer outreach; reference project pipeline and financing solutions,VP of Development; Director of Project Finance; CEO; CFO; Head of Capital Markets,score 39 is near tier boundary — borderline case
138,EarthSpark International,earthsparkinternational.org,https://www.linkedin.com/company/earthspark-international,"Washington, DC",Solar Electric Power Generation,11-50 employees,Non Profit,TRUE,TRUE,FALSE,TRUE,13,3,3,9,0,4,7,39,C,medium,True,financing relevance; developer signals present; mission alignment,"[biz] developer industry, commercial/DG signals | [comm] commercial solar signals | [lmi] mission/affordability language (no explicit LMI) | [cap] financing language mentioned | [geo] high-opportunity state (DC) | [strat] some mission language, nonprofit org type",Open with project finance or capital stack conversation; reference growth pipeline,VP of Development; CEO; Director of Business Development; CFO,score 39 is near tier boundary — borderline case
305,Legacy Solar Co-op,legacysolarcoop.org,https://www.linkedin.com/company/legacy-solar-co-op,"Madison, Wisconsin",Environmental Services,2-10 employees,Partnership,TRUE,TRUE,FALSE,TRUE,13,14,0,4,0,2,6,39,C,low,True,community solar developer; developer signals present,"[biz] some developer language, commercial/DG signals | [comm] explicit community solar | [cap] developer language implies some financing need | [scale] developer implies some repeatability, very small scale penalty | [geo] US location (Madison, Wisconsin) - moderate relevance | [strat] community/LMI focus implies mission alignment",Reference community solar portfolio; discuss subscriber model or shared access programs,Director of Community Solar; VP of Development; CEO; Director of Programs,very small company (2-10) with no scale evidence; score 39 is near tier boundary — borderline case
99,ChargeNet Stations,chargenetstations.com,https://www.linkedin.com/company/chargenet-stations,"San Diego, California",Renewables & Environment,11-50 employees,Privately Held,TRUE,TRUE,FALSE,TRUE,13,6,6,4,2,2,5,38,C,medium,True,developer signals present,"[biz] some developer language, commercial/DG signals | [comm] commercial DG developer (adjacent community relevance) | [lmi] LMI/equity language (1 signal) | [cap] developer language implies some financing need | [scale] developer implies some repeatability | [geo] US location (San Diego, California) - moderate relevance | [strat] some mission language",Low priority — verify fit before outreach,VP of Development; CEO; Director of Business Development; CFO,score 38 is near tier boundary — borderline case
224,Green Lantern Solar,greenlanternsolar.com,https://www.linkedin.com/company/green-lantern-solar,"Waterbury, VT",Solar Electric Power Generation,11-50 employees,Privately Held,TRUE,TRUE,FALSE,TRUE,18,6,0,7,5,2,0,38,C,medium,True,strong developer profile,"[biz] developer industry, some developer language, commercial/DG signals | [comm] commercial DG developer (adjacent community relevance) | [cap] developer at scale implies financing needs | [scale] scale/repeat signals in description | [geo] US location (Waterbury, VT) - moderate relevance",Developer-to-developer outreach; reference project pipeline and financing solutions,VP of Development; Director of Project Finance; CEO; CFO; Head of Capital Markets,score 38 is near tier boundary — borderline case
259,Hunt Capital Partners,huntcapitalpartners.com,https://www.linkedin.com/company/hunt-capital-partners,"Encino, CA",Real Estate,51-200 employees,Partnership,TRUE,TRUE,FALSE,TRUE,15,0,6,4,3,4,6,38,C,medium,True,strong developer profile,"[biz] strong developer language | [lmi] LMI/equity language (1 signal) | [cap] developer language implies some financing need | [scale] developer implies some repeatability, smaller company (51-200) | [geo] high-opportunity state (CA) | [strat] community/LMI focus implies mission alignment",Developer-to-developer outreach; reference project pipeline and financing solutions,VP of Development; Director of Project Finance; CEO; CFO; Head of Capital Markets,score 38 is near tier boundary — borderline case
288,Jordan Energy & Food Enterprises LLC,jordanenergy.org,https://www.linkedin.com/company/jordan-energy-&-food-enterprises-llc,"Troy, New York",Solar Electric Power Generation,11-50 employees,Privately Held,TRUE,TRUE,FALSE,TRUE,18,6,0,7,5,2,0,38,C,medium,True,strong developer profile,"[biz] developer industry, some developer language, commercial/DG signals | [comm] commercial DG developer (adjacent community relevance) | [cap] developer at scale implies financing needs | [scale] scale/repeat signals in description | [geo] US location (Troy, New York) - moderate relevance",Developer-to-developer outreach; reference project pipeline and financing solutions,VP of Development; Director of Project Finance; CEO; CFO; Head of Capital Markets,score 38 is near tier boundary — borderline case
564,Sundance Power Systems,sundancepower.com,https://www.linkedin.com/company/sundance-power-systems,"Weaverville, NC",Solar Electric Power Generation,11-50 employees,Self Owned,TRUE,TRUE,FALSE,TRUE,15,6,0,7,5,5,0,38,C,medium,True,strong developer profile,"[biz] developer industry, some developer language, commercial/DG signals, self-employed/owned type | [comm] commercial DG developer (adjacent community relevance) | [cap] developer at scale implies financing needs | [scale] scale/repeat signals in description | [geo] multi-state/national footprint",Developer-to-developer outreach; reference project pipeline and financing solutions,VP of Development; Director of Project Finance; CEO; CFO; Head of Capital Markets,score 38 is near tier boundary — borderline case
108,Clean Slate Solar,cleanslatesolar.com,https://www.linkedin.com/company/cleanslatesolar,"New York, NY",Solar Electric Power Generation,2-10 employees,Privately Held,TRUE,TRUE,FALSE,TRUE,13,14,0,0,0,4,6,37,C,low,True,community solar developer; developer signals present,"[biz] developer industry, commercial/DG signals | [comm] explicit community solar | [scale] very small scale penalty | [geo] high-opportunity state (NY) | [strat] community/LMI focus implies mission alignment",Reference community solar portfolio; discuss subscriber model or shared access programs,Director of Community Solar; VP of Development; CEO; Director of Programs,very small company (2-10) with no scale evidence; score 37 is near tier boundary — borderline case
226,Green Roof Technology - Jörg Breuning,greenrooftechnology.com,https://www.linkedin.com/company/greenrooftechnology,Baltimore,Environmental Services,2-10 employees,Privately Held,TRUE,TRUE,FALSE,TRUE,5,14,0,7,3,2,6,37,C,medium,True,community solar developer,"[biz] some developer language, commercial/DG signals, roofing/HVAC in name+desc (strong penalty) | [comm] explicit community solar | [cap] developer at scale implies financing needs | [scale] scale/repeat signals in description, very small scale penalty | [geo] US location (Baltimore) - moderate relevance | [strat] community/LMI focus implies mission alignment",Reference community solar portfolio; discuss subscriber model or shared access programs,Director of Community Solar; VP of Development; CEO; Director of Programs,score 37 is near tier boundary — borderline case
281,ITEX,itexgrp.com,https://www.linkedin.com/company/the-itex-group,"Houston, Texas",Real Estate,201-500 employees,Privately Held,TRUE,TRUE,FALSE,TRUE,15,0,6,4,4,2,6,37,C,medium,True,strong developer profile,"[biz] strong developer language | [lmi] LMI/equity language (1 signal) | [cap] developer language implies some financing need | [scale] developer implies some repeatability, mid company (201-500) | [geo] US location (Houston, Texas) - moderate relevance | [strat] community/LMI focus implies mission alignment",Developer-to-developer outreach; reference project pipeline and financing solutions,VP of Development; Director of Project Finance; CEO; CFO; Head of Capital Markets,score 37 is near tier boundary — borderline case
535,SonLight Power,sonlightpower.org,https://www.linkedin.com/company/sonlight-power,"Milford, Ohio",Renewables & Environment,11-50 employees,Non Profit,TRUE,TRUE,FALSE,TRUE,10,0,6,7,5,2,7,37,C,medium,True,developer signals present; mission alignment,"[biz] some developer language | [lmi] LMI/equity language (1 signal) | [cap] developer at scale implies financing needs | [scale] scale/repeat signals in description | [geo] US location (Milford, Ohio) - moderate relevance | [strat] some mission language, nonprofit org type",Low priority — verify fit before outreach,VP of Development; CEO; Director of Business Development; CFO,score 37 is near tier boundary — borderline case
296,Kokosing Solar,kokosingsolar.com,https://www.linkedin.com/company/kokosing-solar,"Athens, OH",Renewables & Environment,"1,001-5,000 employees",Privately Held,TRUE,TRUE,FALSE,TRUE,13,6,0,7,8,2,0,36,C,medium,True,developer signals present; meaningful scale,"[biz] some developer language, commercial/DG signals | [comm] commercial DG developer (adjacent community relevance) | [cap] developer at scale implies financing needs | [scale] scale/repeat signals in description, mid-large company (501-1000) | [geo] US location (Athens, OH) - moderate relevance",Low priority — verify fit before outreach,VP of Development; CEO; Director of Business Development; CFO,score 36 is near tier boundary — borderline case
509,Solar Solution,solarsolutiondc.com,https://www.linkedin.com/company/solar-solution-llc,"Washington, DC",Services for Renewable Energy,51-200 employees,Privately Held,TRUE,TRUE,FALSE,TRUE,13,6,0,7,6,4,0,36,C,medium,True,developer signals present; meaningful scale,"[biz] some developer language, commercial/DG signals | [comm] commercial DG developer (adjacent community relevance) | [cap] developer at scale implies financing needs | [scale] scale/repeat signals in description, smaller company (51-200) | [geo] high-opportunity state (DC)",Low priority — verify fit before outreach,VP of Development; CEO; Director of Business Development; CFO,score 36 is near tier boundary — borderline case
547,Strada Ventures LLC,stradanyc.com,https://www.linkedin.com/company/strada-ventures-llc,"Brooklyn, NY",Real Estate,2-10 employees,Self Owned,TRUE,TRUE,FALSE,TRUE,12,0,10,4,0,4,6,36,C,low,True,LMI/equity focus; developer signals present,"[biz] strong developer language, self-employed/owned type | [lmi] LMI/equity language (2 signals) | [cap] developer language implies some financing need | [scale] developer implies some repeatability, very small scale penalty | [geo] high-opportunity state (NY) | [strat] community/LMI focus implies mission alignment",Lead with energy equity and affordable access angle; ask about LMI project pipeline,VP of Development; CEO; Director of Business Development; CFO,very small company (2-10) with no scale evidence; score 36 is near tier boundary — borderline case
623,Tribal Solar Accelerator Fund,tribalsolar.org,https://www.linkedin.com/company/tribal-solar-accelerator-fund,"Denver, Colorado",Solar Electric Power Generation,2-10 employees,Non Profit,TRUE,TRUE,FALSE,TRUE,15,0,3,9,0,2,7,36,C,low,True,financing relevance; strong developer profile; mission alignment,"[biz] developer industry, some developer language | [lmi] mission/affordability language (no explicit LMI) | [cap] financing language mentioned | [scale] developer implies some repeatability, very small scale penalty | [geo] US location (Denver, Colorado) - moderate relevance | [strat] some mission language, nonprofit org type",Open with project finance or capital stack conversation; reference growth pipeline,VP of Development; Director of Project Finance; CEO; CFO; Head of Capital Markets,very small company (2-10) with no scale evidence; score 36 is near tier boundary — borderline case
61,"Bliss Solar, LLC",blisssolar.com,https://www.linkedin.com/company/blisssolar-llc,"Great Neck, New York",Solar Electric Power Generation,2-10 employees,Privately Held,TRUE,TRUE,FALSE,TRUE,18,6,0,9,0,2,0,35,C,medium,True,financing relevance; strong developer profile,"[biz] developer industry, some developer language, commercial/DG signals | [comm] commercial DG developer (adjacent community relevance) | [cap] financing language mentioned | [scale] developer implies some repeatability, very small scale penalty | [geo] US location (Great Neck, New York) - moderate relevance",Open with project finance or capital stack conversation; reference growth pipeline,VP of Development; Director of Project Finance; CEO; CFO; Head of Capital Markets,very small company (2-10) with no scale evidence
289,K2 Development Companies,k2dci.com,https://www.linkedin.com/company/k2-development-company-inc-,"Redding, CA",Real Estate,2-10 employees,Privately Held,TRUE,TRUE,FALSE,TRUE,13,6,3,4,0,4,5,35,C,medium,True,developer signals present,"[biz] some developer language, commercial/DG signals | [comm] commercial DG developer (adjacent community relevance) | [lmi] mission/affordability language (no explicit LMI) | [cap] developer language implies some financing need | [scale] developer implies some repeatability, very small scale penalty | [geo] high-opportunity state (CA) | [strat] some mission language",Low priority — verify fit before outreach,VP of Development; CEO; Director of Business Development; CFO,very small company (2-10) with no scale evidence
580,Sunrich Power,sunrichpowerjames.com,https://www.linkedin.com/company/sunrichpower,"Quincy, MA",Solar Electric Power Generation,2-10 employees,Self Owned,TRUE,TRUE,FALSE,TRUE,10,14,0,0,0,4,6,34,C,medium,True,community solar developer; developer signals present,"[biz] developer industry, commercial/DG signals, self-employed/owned type | [comm] explicit community solar | [scale] very small scale penalty | [geo] high-opportunity state (MA) | [strat] community/LMI focus implies mission alignment",Reference community solar portfolio; discuss subscriber model or shared access programs,Director of Community Solar; VP of Development; CEO; Director of Programs,very small company (2-10) with no scale evidence
414,Red Cloud Renewable,redcloudrenewable.org,https://www.linkedin.com/company/red-cloud-renewable,"Pine Ridge, South Dakota",Non-profit Organizations,2-10 employees,Non Profit,TRUE,TRUE,FALSE,TRUE,10,0,10,4,0,2,7,33,C,medium,True,LMI/equity focus; developer signals present; mission alignment,"[biz] some developer language | [lmi] LMI/equity language (2 signals) | [cap] developer language implies some financing need | [scale] developer implies some repeatability, very small scale penalty | [geo] US location (Pine Ridge, South Dakota) - moderate relevance | [strat] some mission language, nonprofit org type",Lead with energy equity and affordable access angle; ask about LMI project pipeline,VP of Development; CEO; Director of Business Development; CFO,very small company (2-10) with no scale evidence
167,"EnerWealth Solutions, LLC",enerwealthsol.com,https://www.linkedin.com/company/enerwealthsol,"Durham, North Carolina",Solar Electric Power Generation,2-10 employees,Privately Held,TRUE,TRUE,FALSE,TRUE,15,0,6,4,0,2,5,32,C,medium,True,strong developer profile,"[biz] developer industry, some developer language | [lmi] LMI/equity language (1 signal) | [cap] developer language implies some financing need | [scale] developer implies some repeatability, very small scale penalty | [geo] US location (Durham, North Carolina) - moderate relevance | [strat] some mission language",Developer-to-developer outreach; reference project pipeline and financing solutions,VP of Development; Director of Project Finance; CEO; CFO; Head of Capital Markets,very small company (2-10) with no scale evidence
257,Horizontal Land Partners,horizontallandpartners.com,https://www.linkedin.com/company/horizontal-land-partners,"Miami, Florida",Venture Capital and Private Equity Principals,2-10 employees,Privately Held,TRUE,TRUE,FALSE,TRUE,15,0,0,13,0,2,0,30,C,medium,True,financing relevance; strong developer profile,"[biz] strong developer language | [cap] explicit financing language (2+ signals) | [scale] developer implies some repeatability, very small scale penalty | [geo] US location (Miami, Florida) - moderate relevance",Open with project finance or capital stack conversation; reference growth pipeline,VP of Development; Director of Project Finance; CEO; CFO; Head of Capital Markets,very small company (2-10) with no scale evidence
29,"Alternative Energy Development, Corp. (AED)",us.com,https://www.linkedin.com/company/alternative-energy-development-corp-aed-,"Fort Lee, NJ",Construction,"501-1,000 employees",Privately Held,TRUE,TRUE,FALSE,TRUE,10,6,0,4,5,4,0,29,C,medium,True,developer signals present,"[biz] installer/contractor industry, some developer language, commercial/DG signals | [comm] commercial DG developer (adjacent community relevance) | [cap] developer language implies some financing need | [scale] developer implies some repeatability, mid-large company (501-1000) | [geo] high-opportunity state (NJ)",Low priority — verify fit before outreach,VP of Development; CEO; Director of Business Development; CFO,possible duplicate — same domain (us.com) as row 197
352,NC Clean Energy Fund,nccleanenergyfund.com,https://www.linkedin.com/company/nc-clean-energy-fund,"Raleigh, NC",Financial Services,2-10 employees,Non Profit,TRUE,TRUE,FALSE,TRUE,2,0,6,9,0,2,9,28,C,medium,True,financing relevance; mission alignment,"[biz] no developer or commercial language | [lmi] LMI/equity language (1 signal) | [cap] financing language mentioned | [scale] very small scale penalty | [geo] US location (Raleigh, NC) - moderate relevance | [strat] mission alignment (2 signals), nonprofit org type",Open with project finance or capital stack conversation; reference growth pipeline,CEO; Founder; Director of Business Development,very small company (2-10) with no scale evidence
121,Couillard Solar Foundation,couillardsolarfoundation.org,https://www.linkedin.com/company/couillard-solar-foundation,"Deerfield, WI",Non-profit Organizations,Self-employed,Non Profit,TRUE,TRUE,FALSE,TRUE,13,6,0,4,0,2,2,27,C,medium,True,developer signals present,"[biz] some developer language, commercial/DG signals | [comm] commercial DG developer (adjacent community relevance) | [cap] developer language implies some financing need | [scale] developer implies some repeatability, very small scale penalty | [geo] US location (Deerfield, WI) - moderate relevance | [strat] nonprofit org type",Low priority — verify fit before outreach,VP of Development; CEO; Director of Business Development; CFO,very small company (2-10) with no scale evidence
190,Flywheel Development LLC,flywheeldevelopment.com,https://www.linkedin.com/company/flywheeldevelopment,Washington,Solar Electric Power Generation,2-10 employees,Privately Held,TRUE,TRUE,FALSE,TRUE,20,0,0,4,0,2,0,26,C,medium,True,strong developer profile,"[biz] developer industry, strong developer language | [cap] developer language implies some financing need | [scale] developer implies some repeatability, very small scale penalty | [geo] US location (Washington) - moderate relevance",Developer-to-developer outreach; reference project pipeline and financing solutions,VP of Development; Director of Project Finance; CEO; CFO; Head of Capital Markets,very small company (2-10) with no scale evidence; possible duplicate — same domain (flywheeldevelopment.com) as row 191
191,Flywheel Renewables,flywheeldevelopment.com,https://www.linkedin.com/company/flywheelrenewables,Washington,Solar Electric Power Generation,2-10 employees,Privately Held,TRUE,TRUE,FALSE,TRUE,20,0,0,4,0,2,0,26,C,medium,True,strong developer profile,"[biz] developer industry, strong developer language | [cap] developer language implies some financing need | [scale] developer implies some repeatability, very small scale penalty | [geo] US location (Washington) - moderate relevance",Developer-to-developer outreach; reference project pipeline and financing solutions,VP of Development; Director of Project Finance; CEO; CFO; Head of Capital Markets,very small company (2-10) with no scale evidence; possible duplicate — same domain (flywheeldevelopment.com) as row 190
342,MSL Group Inc.,mslgroupinc.com,https://www.linkedin.com/company/msl-group-inc.,"Manchester, Connecticut",Renewable Energy Power Generation,2-10 employees,Privately Held,TRUE,TRUE,FALSE,TRUE,20,0,0,4,0,2,0,26,C,medium,True,strong developer profile,"[biz] developer industry, strong developer language | [cap] developer language implies some financing need | [scale] developer implies some repeatability, very small scale penalty | [geo] US location (Manchester, Connecticut) - moderate relevance",Developer-to-developer outreach; reference project pipeline and financing solutions,VP of Development; Director of Project Finance; CEO; CFO; Head of Capital Markets,very small company (2-10) with no scale evidence
381,Ovanova,ovanova.co,https://www.linkedin.com/company/ovanova,Hillsborough,Solar Electric Power Generation,2-10 employees,Privately Held,TRUE,TRUE,FALSE,TRUE,13,3,3,0,0,2,5,26,C,medium,True,developer signals present,"[biz] developer industry, commercial/DG signals | [comm] commercial solar signals | [lmi] mission/affordability language (no explicit LMI) | [scale] very small scale penalty | [geo] US location (Hillsborough) - moderate relevance | [strat] some mission language",Low priority — verify fit before outreach,VP of Development; CEO; Director of Business Development; CFO,very small company (2-10) with no scale evidence
478,Smarter Energy Services,smarterenergyservices.com,https://www.linkedin.com/company/smarter-energy-services,"Brooklyn, New York",Business Consulting and Services,11-50 employees,Privately Held,TRUE,TRUE,FALSE,TRUE,0,18,0,0,0,2,6,26,C,medium,True,community solar developer,"[biz] residential-only profile, no developer or commercial language | [comm] explicit community solar (multiple mentions) | [geo] US location (Brooklyn, New York) - moderate relevance | [strat] community/LMI focus implies mission alignment",Reference community solar portfolio; discuss subscriber model or shared access programs,Director of Community Solar; VP of Development; CEO; Director of Programs,appears to be residential-only installer
264,ilumen Solar,ilumen-solar.com,https://www.linkedin.com/company/ilumensolar,"Lake Barrington, Illinois",Renewable Energy Semiconductor Manufacturing,2-10 employees,Privately Held,TRUE,TRUE,FALSE,TRUE,13,6,0,4,0,2,0,25,C,medium,True,developer signals present,"[biz] some developer language, commercial/DG signals | [comm] commercial DG developer (adjacent community relevance) | [cap] developer language implies some financing need | [scale] developer implies some repeatability, very small scale penalty | [geo] US location (Lake Barrington, Illinois) - moderate relevance",Low priority — verify fit before outreach,VP of Development; CEO; Director of Business Development; CFO,very small company (2-10) with no scale evidence
366,NRGTree LLC,nrgtree.com,https://www.linkedin.com/company/nrgtree,"Lowell, Massachusetts",Renewable Energy Semiconductor Manufacturing,2-10 employees,Privately Held,TRUE,TRUE,FALSE,TRUE,13,6,0,4,0,2,0,25,C,medium,True,developer signals present,"[biz] some developer language, commercial/DG signals | [comm] commercial DG developer (adjacent community relevance) | [cap] developer language implies some financing need | [scale] developer implies some repeatability, very small scale penalty | [geo] US location (Lowell, Massachusetts) - moderate relevance",Low priority — verify fit before outreach,VP of Development; CEO; Director of Business Development; CFO,very small company (2-10) with no scale evidence
373,Okovate Sustainable Energy,okovate.com,https://www.linkedin.com/company/okovate,"Washington, District of Columbia","Agriculture, Construction, Mining Machinery Manufacturing",2-10 employees,Privately Held,TRUE,TRUE,FALSE,TRUE,13,6,0,4,0,2,0,25,C,medium,True,developer signals present,"[biz] some developer language, commercial/DG signals | [comm] commercial DG developer (adjacent community relevance) | [cap] developer language implies some financing need | [scale] developer implies some repeatability, very small scale penalty | [geo] US location (Washington, District of Columbia) - moderate relevance",Low priority — verify fit before outreach,VP of Development; CEO; Director of Business Development; CFO,very small company (2-10) with no scale evidence
508,"Solar Side Up, LLC",solarsideup.com,https://www.linkedin.com/company/solar-side-up-llc,"Loveland, Colorado",Renewable Energy Semiconductor Manufacturing,2-10 employees,Privately Held,TRUE,TRUE,FALSE,TRUE,8,3,6,0,0,2,6,25,C,medium,True,developer signals present,"[biz] commercial/DG signals | [comm] commercial solar signals | [lmi] LMI/equity language (1 signal) | [scale] very small scale penalty | [geo] US location (Loveland, Colorado) - moderate relevance | [strat] community/LMI focus implies mission alignment",Low priority — verify fit before outreach,VP of Development; CEO; Director of Business Development; CFO,very small company (2-10) with no scale evidence
559,Sun Solar,ussunsolar.com,https://www.linkedin.com/company/sunsolar2012,"Springfield, Missouri",Renewable Energy Semiconductor Manufacturing,201-500 employees,Privately Held,TRUE,TRUE,FALSE,TRUE,0,0,14,0,2,2,7,25,C,medium,True,LMI/equity focus; mission alignment,"[biz] residential-only profile, no developer or commercial language | [lmi] strong LMI/equity language (3+ signals) | [scale] mid company (201-500) | [geo] US location (Springfield, Missouri) - moderate relevance | [strat] mission alignment (2 signals)",Lead with energy equity and affordable access angle; ask about LMI project pipeline,CEO; Founder; Director of Business Development,appears to be residential-only installer
492,Solar Farms NY,solarfarmsny.com,https://www.linkedin.com/company/sf-ny,"Albany, New York",Renewable Energy Semiconductor Manufacturing,2-10 employees,Privately Held,TRUE,TRUE,FALSE,TRUE,2,14,0,0,0,2,6,24,C,medium,True,community solar developer,"[biz] no developer or commercial language | [comm] explicit community solar | [scale] very small scale penalty | [geo] US location (Albany, New York) - moderate relevance | [strat] community/LMI focus implies mission alignment",Reference community solar portfolio; discuss subscriber model or shared access programs,Director of Community Solar; VP of Development; CEO; Director of Programs,very small company (2-10) with no scale evidence
270,Insight Distributed Energy LLC,insightdistributedenergy.com,https://www.linkedin.com/company/insight-distributed-energy-llc,"Sharon, MA",Services for Renewable Energy,2-10 employees,Privately Held,TRUE,TRUE,FALSE,TRUE,8,3,3,0,0,4,5,23,C,medium,True,developer signals present,[biz] commercial/DG signals | [comm] commercial solar signals | [lmi] mission/affordability language (no explicit LMI) | [scale] very small scale penalty | [geo] high-opportunity state (MA) | [strat] some mission language,Low priority — verify fit before outreach,VP of Development; CEO; Director of Business Development; CFO,very small company (2-10) with no scale evidence
426,Renewable Thermal Collaborative,renewablethermal.org,https://www.linkedin.com/company/renewable-thermal-collaborative,"Arlington, Virginia",Industry Associations,2-10 employees,Partnership,TRUE,TRUE,FALSE,TRUE,8,3,0,9,0,2,0,22,C,medium,True,financing relevance; developer signals present,"[biz] commercial/DG signals | [comm] commercial solar signals | [cap] financing language mentioned | [scale] very small scale penalty | [geo] US location (Arlington, Virginia) - moderate relevance | [strat] generic or minimal mission language",Open with project finance or capital stack conversation; reference growth pipeline,VP of Development; CEO; Director of Business Development; CFO,very small company (2-10) with no scale evidence
433,Revolusun,revolusun.com,https://www.linkedin.com/company/revolusun-llc,"HONOLULU, Hawaii",Renewables & Environment,51-200 employees,Privately Held,TRUE,TRUE,FALSE,TRUE,8,3,0,3,6,2,0,22,C,medium,True,developer signals present; meaningful scale,"[biz] commercial/DG signals | [comm] commercial solar signals | [cap] commercial at scale (weak financing relevance) | [scale] scale/repeat signals in description, smaller company (51-200) | [geo] US location (HONOLULU, Hawaii) - moderate relevance | [strat] generic or minimal mission language",Low priority — verify fit before outreach,VP of Development; CEO; Director of Business Development; CFO,possible duplicate — same domain (revolusun.com) as row 434
579,Sunpath Solar,sunpath.solar,https://www.linkedin.com/company/sunpath-solar,"Metro Atlanta, Georgia",Solar Electric Power Generation,2-10 employees,Privately Held,TRUE,TRUE,FALSE,TRUE,7,0,6,0,0,2,6,21,C,medium,True,weak fit — likely installer or contractor,"[biz] developer industry, no developer or commercial language | [lmi] LMI/equity language (1 signal) | [scale] very small scale penalty | [geo] US location (Metro Atlanta, Georgia) - moderate relevance | [strat] community/LMI focus implies mission alignment",Low priority — verify fit before outreach,CEO; Founder; Director of Business Development,very small company (2-10) with no scale evidence
596,Surya Standard Energy LLC,suryastandard.com,https://www.linkedin.com/company/surya-standard-energy-llc,"Dedham, Massachusetts",Renewable Energy Power Generation,2-10 employees,Partnership,TRUE,TRUE,FALSE,TRUE,15,0,0,4,0,2,0,21,C,low,True,strong developer profile,"[biz] developer industry, some developer language | [cap] developer language implies some financing need | [scale] developer implies some repeatability, very small scale penalty | [geo] US location (Dedham, Massachusetts) - moderate relevance",Developer-to-developer outreach; reference project pipeline and financing solutions,VP of Development; Director of Project Finance; CEO; CFO; Head of Capital Markets,very short description — insufficient evidence; very small company (2-10) with no scale evidence
382,Pacific Coast Power,pacificcoastpower.com,https://www.linkedin.com/company/pacificcoastpower,"San Diego , California",Solar Electric Power Generation,2-10 employees,Partnership,TRUE,TRUE,FALSE,TRUE,7,0,6,0,0,2,5,20,C,medium,True,weak fit — likely installer or contractor,"[biz] developer industry, no developer or commercial language | [lmi] LMI/equity language (1 signal) | [scale] very small scale penalty | [geo] US location (San Diego , California) - moderate relevance | [strat] some mission language",Low priority — verify fit before outreach,CEO; Founder; Director of Business Development,very small company (2-10) with no scale evidence
71,Boston Solar,bostonsolar.us,https://www.linkedin.com/company/boston-solar,"Woburn, Massachusetts",Services for Renewable Energy,51-200 employees,Partnership,TRUE,TRUE,FALSE,TRUE,0,0,3,0,6,5,5,19,D,medium,True,meaningful scale,"[biz] residential-only profile, no developer or commercial language | [lmi] mission/affordability language (no explicit LMI) | [scale] scale/repeat signals in description, smaller company (51-200) | [geo] multi-state/national footprint | [strat] some mission language",Low priority — verify fit before outreach,CEO; Founder; Director of Business Development,appears to be residential-only installer
111,Climate Resilient Communities,crcommunities.org,https://www.linkedin.com/company/crc-climate,"Palo Alto, California",Community Services,2-10 employees,Non Profit,TRUE,TRUE,FALSE,TRUE,2,0,6,0,0,2,9,19,D,medium,True,mission alignment,"[biz] no developer or commercial language | [lmi] LMI/equity language (1 signal) | [scale] very small scale penalty | [geo] US location (Palo Alto, California) - moderate relevance | [strat] mission alignment (2 signals), nonprofit org type",Low priority — verify fit before outreach,CEO; Founder; Director of Business Development,very small company (2-10) with no scale evidence
643,Vision Solar LLC,visionsolar.com,https://www.linkedin.com/company/visionsolarllc,"Blackwood, New Jersey",Solar Electric Power Generation,"1,001-5,000 employees",Privately Held,TRUE,TRUE,FALSE,TRUE,2,0,6,0,3,2,6,19,D,low,True,weak fit — likely installer or contractor,"[biz] developer industry, residential-only profile, no developer or commercial language | [lmi] LMI/equity language (1 signal) | [scale] mid-large company (501-1000) | [geo] US location (Blackwood, New Jersey) - moderate relevance | [strat] community/LMI focus implies mission alignment",Low priority — verify fit before outreach,CEO; Founder; Director of Business Development,appears to be residential-only installer
22,AKA Solar USA,aka.solar,https://www.linkedin.com/company/aka-solar-usa,"St Charles, Missouri",Solar Electric Power Generation,2-10 employees,Privately Held,TRUE,TRUE,FALSE,TRUE,13,3,0,0,0,2,0,18,D,medium,True,developer signals present,"[biz] developer industry, commercial/DG signals | [comm] commercial solar signals | [scale] very small scale penalty | [geo] US location (St Charles, Missouri) - moderate relevance | [strat] generic or minimal mission language",Low priority — verify fit before outreach,VP of Development; CEO; Director of Business Development; CFO,very small company (2-10) with no scale evidence
364,North Texas Solar,northtexassolar.com,https://www.linkedin.com/company/north-texas-solar,"Grapevine, Texas",Solar Electric Power Generation,2-10 employees,Privately Held,TRUE,TRUE,FALSE,TRUE,13,3,0,0,0,2,0,18,D,medium,True,developer signals present,"[biz] developer industry, commercial/DG signals | [comm] commercial solar signals | [scale] very small scale penalty | [geo] US location (Grapevine, Texas) - moderate relevance | [strat] generic or minimal mission language",Low priority — verify fit before outreach,VP of Development; CEO; Director of Business Development; CFO,very small company (2-10) with no scale evidence
392,PLS Consulting,plsconsults.com,https://www.linkedin.com/company/plsconsults,"Overland Park, Ks",Solar Electric Power Generation,2-10 employees,Privately Held,TRUE,TRUE,FALSE,TRUE,13,3,0,0,0,2,0,18,D,medium,True,developer signals present,"[biz] developer industry, commercial/DG signals | [comm] commercial solar signals | [scale] very small scale penalty | [geo] US location (Overland Park, Ks) - moderate relevance | [strat] generic or minimal mission language",Low priority — verify fit before outreach,VP of Development; CEO; Director of Business Development; CFO,very small company (2-10) with no scale evidence
484,Solar Design Studio,solardesignstudio.com,https://www.linkedin.com/company/solar-design-studio,"Platte City, MO",Solar Electric Power Generation,2-10 employees,Privately Held,TRUE,TRUE,FALSE,TRUE,13,3,0,0,0,2,0,18,D,medium,True,developer signals present,"[biz] developer industry, commercial/DG signals | [comm] commercial solar signals | [scale] very small scale penalty | [geo] US location (Platte City, MO) - moderate relevance | [strat] generic or minimal mission language",Low priority — verify fit before outreach,VP of Development; CEO; Director of Business Development; CFO,very small company (2-10) with no scale evidence
640,Verdonck Partners,verdonck.com,https://www.linkedin.com/company/verdonck-partners,"New York, NY",Financial Services,2-10 employees,Privately Held,TRUE,TRUE,FALSE,TRUE,10,0,0,4,0,4,0,18,D,medium,True,developer signals present,"[biz] some developer language | [cap] developer language implies some financing need | [scale] developer implies some repeatability, very small scale penalty | [geo] high-opportunity state (NY)",Low priority — verify fit before outreach,VP of Development; CEO; Director of Business Development; CFO,very small company (2-10) with no scale evidence
522,Solaris Renewables,solarisrenewables.com,https://www.linkedin.com/company/solaris-renewables,"Burlington, MA",Renewables & Environment,11-50 employees,Privately Held,TRUE,TRUE,FALSE,TRUE,0,0,3,0,5,4,5,17,D,medium,True,weak fit — likely installer or contractor,"[biz] residential-only profile, no developer or commercial language | [lmi] mission/affordability language (no explicit LMI) | [scale] scale/repeat signals in description | [geo] high-opportunity state (MA) | [strat] some mission language",Low priority — verify fit before outreach,CEO; Founder; Director of Business Development,appears to be residential-only installer
646,Vorp Energy,vorpenergy.com,https://www.linkedin.com/company/vorp-energy,"Rexburg, ID",Security and Investigations,11-50 employees,Privately Held,TRUE,TRUE,FALSE,TRUE,0,3,6,0,0,2,6,17,D,low,True,weak fit — likely installer or contractor,"[biz] off-topic industry — likely false positive | [comm] commercial solar signals | [lmi] LMI/equity language (1 signal) | [geo] US location (Rexburg, ID) - moderate relevance | [strat] community/LMI focus implies mission alignment",Low priority — verify fit before outreach,CEO; Founder; Director of Business Development,off-topic industry: Security and Investigations
97,Chamberlains Aqua & Energy Systems Limited (CAESL),caesl.co.uk,https://www.linkedin.com/company/caesl,"Southampton, Hampshire",Climate Technology Product Manufacturing,2-10 employees,Privately Held,TRUE,TRUE,FALSE,TRUE,10,0,0,4,0,2,0,16,D,medium,True,developer signals present,"[biz] some developer language | [cap] developer language implies some financing need | [scale] developer implies some repeatability, very small scale penalty | [geo] US location (Southampton, Hampshire) - moderate relevance",Low priority — verify fit before outreach,VP of Development; CEO; Director of Business Development; CFO,very small company (2-10) with no scale evidence
243,"Hardt Electric, Inc.",hardtelectric.com,https://www.linkedin.com/company/hardt-electric-inc-,"Chicago, IL","Appliances, Electrical, and Electronics Manufacturing",11-50 employees,Self Owned,TRUE,TRUE,FALSE,TRUE,0,6,0,4,2,4,0,16,D,low,True,weak fit — likely installer or contractor,[biz] off-topic industry — likely false positive | [comm] commercial DG developer (adjacent community relevance) | [cap] developer language implies some financing need | [scale] developer implies some repeatability | [geo] high-opportunity state (IL),Low priority — verify fit before outreach,CEO; Founder; Director of Business Development,"off-topic industry: Appliances, Electrical, and Electronics Manufacturing"
350,Native Sun Community Power Development,nativesun.org,https://www.linkedin.com/company/native-sun-community-power-development,"Minneapolis, MN Minnesota",Non-profit Organizations,2-10 employees,Non Profit,TRUE,TRUE,FALSE,TRUE,2,0,3,0,0,4,7,16,D,medium,True,mission alignment,"[biz] no developer or commercial language | [lmi] mission/affordability language (no explicit LMI) | [scale] very small scale penalty | [geo] high-opportunity state (MN) | [strat] some mission language, nonprofit org type",Low priority — verify fit before outreach,CEO; Founder; Director of Business Development,very small company (2-10) with no scale evidence
368,NXTGEN Clean Energy Solutions,nxtgencleanenergy.com,https://www.linkedin.com/company/nxtgen-clean-energy-solutions,"Independence, Ohio",Renewable Energy Semiconductor Manufacturing,2-10 employees,Privately Held,TRUE,TRUE,FALSE,TRUE,10,0,0,4,0,2,0,16,D,medium,True,developer signals present,"[biz] some developer language | [cap] developer language implies some financing need | [scale] developer implies some repeatability, very small scale penalty | [geo] US location (Independence, Ohio) - moderate relevance",Low priority — verify fit before outreach,VP of Development; CEO; Director of Business Development; CFO,very small company (2-10) with no scale evidence
447,Rose Energy,rose-energy.com,https://www.linkedin.com/company/rose-energy,"Greenville, South Carolina",Renewable Energy Semiconductor Manufacturing,2-10 employees,Privately Held,TRUE,TRUE,FALSE,TRUE,2,0,6,0,0,2,6,16,D,medium,True,weak fit — likely installer or contractor,"[biz] no developer or commercial language | [lmi] LMI/equity language (1 signal) | [scale] very small scale penalty | [geo] US location (Greenville, South Carolina) - moderate relevance | [strat] community/LMI focus implies mission alignment",Low priority — verify fit before outreach,CEO; Founder; Director of Business Development,very small company (2-10) with no scale evidence
617,Timberline Communications Inc. (TCI),timberlinecommunications.com,https://www.linkedin.com/company/timberlinecommunications-inc,"Canton, MA",Telecommunications,51-200 employees,Privately Held,TRUE,TRUE,FALSE,TRUE,0,3,0,3,6,4,0,16,D,low,True,meaningful scale,"[biz] off-topic industry — likely false positive | [comm] commercial solar signals | [cap] commercial at scale (weak financing relevance) | [scale] scale/repeat signals in description, smaller company (51-200) | [geo] high-opportunity state (MA) | [strat] generic or minimal mission language",Low priority — verify fit before outreach,CEO; Founder; Director of Business Development,off-topic industry: Telecommunications
76,Brightstar Solar,brightstarsolar.net,https://www.linkedin.com/company/brightstar-solar,"Marlborough, MA",Renewable Energy Semiconductor Manufacturing,2-10 employees,Privately Held,TRUE,TRUE,FALSE,TRUE,8,3,0,0,0,4,0,15,D,medium,True,developer signals present,[biz] commercial/DG signals | [comm] commercial solar signals | [scale] very small scale penalty | [geo] high-opportunity state (MA) | [strat] generic or minimal mission language,Low priority — verify fit before outreach,VP of Development; CEO; Director of Business Development; CFO,very small company (2-10) with no scale evidence
112,"Collis Roofing, Inc.",collisroofing.com,https://www.linkedin.com/company/collis-roofing-inc-,"Longwood, FL",Construction,201-500 employees,Privately Held,TRUE,TRUE,FALSE,TRUE,0,3,0,3,7,2,0,15,D,medium,True,meaningful scale,"[biz] installer/contractor industry, commercial/DG signals, roofing/HVAC in name+desc (strong penalty) | [comm] commercial solar signals | [cap] commercial at scale (weak financing relevance) | [scale] scale/repeat signals in description, mid company (201-500) | [geo] US location (Longwood, FL) - moderate relevance | [strat] generic or minimal mission language",Low priority — verify fit before outreach,CEO; Founder; Director of Business Development,contractor name + no developer language
130,Donnelly Energy,donnellyenergy.com,https://www.linkedin.com/company/donnelly-energy,"Wayne, NJ",Services for Renewable Energy,2-10 employees,Privately Held,TRUE,TRUE,FALSE,TRUE,8,3,0,0,0,4,0,15,D,medium,True,developer signals present,[biz] commercial/DG signals | [comm] commercial solar signals | [scale] very small scale penalty | [geo] high-opportunity state (NJ) | [strat] generic or minimal mission language,Low priority — verify fit before outreach,VP of Development; CEO; Director of Business Development; CFO,very small company (2-10) with no scale evidence
135,"Earth Wind & Solar Energy, LLC",earthwindandsolarenergy.com,https://www.linkedin.com/company/earth-wind-&-solar-energy-llc,"Chicago, IL",Renewable Energy Semiconductor Manufacturing,2-10 employees,Privately Held,TRUE,TRUE,FALSE,TRUE,8,3,0,0,0,4,0,15,D,medium,True,developer signals present,[biz] commercial/DG signals | [comm] commercial solar signals | [scale] very small scale penalty | [geo] high-opportunity state (IL) | [strat] generic or minimal mission language,Low priority — verify fit before outreach,VP of Development; CEO; Director of Business Development; CFO,very small company (2-10) with no scale evidence
613,The Copper Connection,thecopperconnectionco.com,https://www.linkedin.com/company/the-green-connection,"Parker, Colorado",Solar Electric Power Generation,11-50 employees,Self Owned,TRUE,TRUE,FALSE,TRUE,10,3,0,0,0,2,0,15,D,medium,True,developer signals present,"[biz] developer industry, commercial/DG signals, self-employed/owned type | [comm] commercial solar signals | [geo] US location (Parker, Colorado) - moderate relevance | [strat] generic or minimal mission language",Low priority — verify fit before outreach,VP of Development; CEO; Director of Business Development; CFO,possible duplicate — same domain (thecopperconnectionco.com) as row 612
54,Big Dog Solar,bigdogsolar.com,https://www.linkedin.com/company/big-dog-solar,"Pocatello, Idaho",Renewable Energy Semiconductor Manufacturing,51-200 employees,Partnership,TRUE,TRUE,FALSE,TRUE,8,3,0,0,1,2,0,14,D,medium,True,developer signals present,"[biz] commercial/DG signals | [comm] commercial solar signals | [scale] smaller company (51-200) | [geo] US location (Pocatello, Idaho) - moderate relevance | [strat] generic or minimal mission language",Low priority — verify fit before outreach,VP of Development; CEO; Director of Business Development; CFO,possible duplicate — same domain (bigdogsolar.com) as row 55; possible duplicate — same domain (bigdogsolar.com) as row 56
56,Big Dog Solar Energy,bigdogsolar.com,https://www.linkedin.com/company/big-dog-solar-energy,"Pocatello, Idaho",Renewable Energy Semiconductor Manufacturing,51-200 employees,Partnership,TRUE,TRUE,FALSE,TRUE,8,3,0,0,1,2,0,14,D,medium,True,developer signals present,"[biz] commercial/DG signals | [comm] commercial solar signals | [scale] smaller company (51-200) | [geo] US location (Pocatello, Idaho) - moderate relevance | [strat] generic or minimal mission language",Low priority — verify fit before outreach,VP of Development; CEO; Director of Business Development; CFO,possible duplicate — same domain (bigdogsolar.com) as row 54
630,Universal Contracting - Roofing Division,ucroof.com,https://www.linkedin.com/company/universal-contracting-of-fl,"Lehigh Acres, Florida",Construction,51-200 employees,Privately Held,TRUE,TRUE,FALSE,TRUE,0,3,0,3,6,2,0,14,D,medium,True,meaningful scale,"[biz] installer/contractor industry, commercial/DG signals, roofing/HVAC in name+desc (strong penalty) | [comm] commercial solar signals | [cap] commercial at scale (weak financing relevance) | [scale] scale/repeat signals in description, smaller company (51-200) | [geo] US location (Lehigh Acres, Florida) - moderate relevance | [strat] generic or minimal mission language",Low priority — verify fit before outreach,CEO; Founder; Director of Business Development,contractor name + no developer language
38,Ananta Energy Source,goananta.com,https://www.linkedin.com/company/ananta-energy-source,"Columbus, OH",Utilities,2-10 employees,Privately Held,TRUE,TRUE,FALSE,TRUE,8,3,0,0,0,2,0,13,D,medium,True,developer signals present,"[biz] commercial/DG signals | [comm] commercial solar signals | [scale] very small scale penalty | [geo] US location (Columbus, OH) - moderate relevance | [strat] generic or minimal mission language",Low priority — verify fit before outreach,VP of Development; CEO; Director of Business Development; CFO,very small company (2-10) with no scale evidence
64,Blue Raven Solar,blueravensolar.com,https://www.linkedin.com/company/blue-raven-solar,"Orem, UT",Renewable Energy Semiconductor Manufacturing,"1,001-5,000 employees",Privately Held,TRUE,TRUE,FALSE,TRUE,0,0,0,0,8,5,0,13,D,medium,True,meaningful scale,"[biz] residential-only profile, no developer or commercial language | [scale] scale/repeat signals in description, mid-large company (501-1000) | [geo] multi-state/national footprint | [strat] generic or minimal mission language",Low priority — verify fit before outreach,CEO; Founder; Director of Business Development,appears to be residential-only installer
164,Energy Harbor LLC,energyharborfl.com,https://www.linkedin.com/company/energyharborfl,"Tampa, Florida",Services for Renewable Energy,2-10 employees,Privately Held,TRUE,TRUE,FALSE,TRUE,8,3,0,0,0,2,0,13,D,medium,True,developer signals present,"[biz] commercial/DG signals | [comm] commercial solar signals | [scale] very small scale penalty | [geo] US location (Tampa, Florida) - moderate relevance | [strat] generic or minimal mission language",Low priority — verify fit before outreach,VP of Development; CEO; Director of Business Development; CFO,very small company (2-10) with no scale evidence
185,EVunited,evunited.com,https://www.linkedin.com/company/evunited,"Dublin, Ohio",Business Consulting and Services,2-10 employees,Privately Held,TRUE,TRUE,FALSE,TRUE,8,3,0,0,0,2,0,13,D,medium,True,developer signals present,"[biz] commercial/DG signals | [comm] commercial solar signals | [scale] very small scale penalty | [geo] US location (Dublin, Ohio) - moderate relevance | [strat] generic or minimal mission language",Low priority — verify fit before outreach,VP of Development; CEO; Director of Business Development; CFO,very small company (2-10) with no scale evidence
197,Fortis,us.com,https://www.linkedin.com/company/fortis-guarantee,"Denver, Colorado",Business Consulting and Services,11-50 employees,Privately Held,TRUE,TRUE,FALSE,TRUE,8,3,0,0,0,2,0,13,D,medium,True,developer signals present,"[biz] commercial/DG signals | [comm] commercial solar signals | [geo] US location (Denver, Colorado) - moderate relevance | [strat] generic or minimal mission language",Low priority — verify fit before outreach,VP of Development; CEO; Director of Business Development; CFO,possible duplicate — same domain (us.com) as row 29
200,Fresh Coast Solar,freshcoastsolar.com,https://www.linkedin.com/company/fresh-coast-solar,"Chicago, Illinois",Renewable Energy Semiconductor Manufacturing,2-10 employees,Privately Held,TRUE,TRUE,FALSE,TRUE,0,0,6,0,0,2,5,13,D,low,True,weak fit — likely installer or contractor,"[biz] residential-only profile, no developer or commercial language | [lmi] LMI/equity language (1 signal) | [scale] very small scale penalty | [geo] US location (Chicago, Illinois) - moderate relevance | [strat] some mission language",Low priority — verify fit before outreach,CEO; Founder; Director of Business Development,appears to be residential-only installer; very small company (2-10) with no scale evidence
208,Glaser Solar Inc,glasersolar.com,https://www.linkedin.com/company/glaser-solar-inc,"Northglenn, Colorado",Services for Renewable Energy,2-10 employees,Privately Held,TRUE,TRUE,FALSE,TRUE,8,3,0,0,0,2,0,13,D,medium,True,developer signals present,"[biz] commercial/DG signals | [comm] commercial solar signals | [scale] very small scale penalty | [geo] US location (Northglenn, Colorado) - moderate relevance | [strat] generic or minimal mission language",Low priority — verify fit before outreach,VP of Development; CEO; Director of Business Development; CFO,very small company (2-10) with no scale evidence
265,ImagineSolar,imaginesolar.com,https://www.linkedin.com/company/imaginesolar,"Austin, Texas",Renewable Energy Semiconductor Manufacturing,2-10 employees,Privately Held,TRUE,TRUE,FALSE,TRUE,8,3,0,0,0,2,0,13,D,medium,True,developer signals present,"[biz] commercial/DG signals | [comm] commercial solar signals | [scale] very small scale penalty | [geo] US location (Austin, Texas) - moderate relevance | [strat] generic or minimal mission language",Low priority — verify fit before outreach,VP of Development; CEO; Director of Business Development; CFO,very small company (2-10) with no scale evidence
332,Midwest Solar Power,mwsolarpower.com,https://www.linkedin.com/company/midwest-solar-power,"MADISON, WI - Wisconsin",Environmental Services,2-10 employees,Partnership,TRUE,TRUE,FALSE,TRUE,8,3,0,0,0,2,0,13,D,low,True,developer signals present,"[biz] commercial/DG signals | [comm] commercial solar signals | [scale] very small scale penalty | [geo] US location (MADISON, WI - Wisconsin) - moderate relevance | [strat] generic or minimal mission language",Low priority — verify fit before outreach,VP of Development; CEO; Director of Business Development; CFO,very small company (2-10) with no scale evidence
421,Renewable Energy Design Group,redgroupnc.com,https://www.linkedin.com/company/renewable-energy-design-group,"Lewisville, North Carolina",Renewable Energy Semiconductor Manufacturing,2-10 employees,Privately Held,TRUE,TRUE,FALSE,TRUE,8,3,0,0,0,2,0,13,D,medium,True,developer signals present,"[biz] commercial/DG signals | [comm] commercial solar signals | [scale] very small scale penalty | [geo] US location (Lewisville, North Carolina) - moderate relevance | [strat] generic or minimal mission language",Low priority — verify fit before outreach,VP of Development; CEO; Director of Business Development; CFO,very small company (2-10) with no scale evidence
529,SolFarm Solar Co.,solfarm.com,https://www.linkedin.com/company/solfarm-solar-co.,"Asheville, North Carolina (NC)",Renewables & Environment,2-10 employees,Privately Held,TRUE,TRUE,FALSE,TRUE,8,3,0,0,0,2,0,13,D,medium,True,developer signals present,"[biz] commercial/DG signals | [comm] commercial solar signals | [scale] very small scale penalty | [geo] US location (Asheville, North Carolina (NC)) - moderate relevance | [strat] generic or minimal mission language",Low priority — verify fit before outreach,VP of Development; CEO; Director of Business Development; CFO,very small company (2-10) with no scale evidence
532,SOLRITE Energy,solriteenergy.com,https://www.linkedin.com/company/solrite-energy,"Fort Worth, TX",Services for Renewable Energy,11-50 employees,Self Employed,TRUE,TRUE,FALSE,TRUE,7,0,0,4,0,2,0,13,D,medium,True,weak fit — likely installer or contractor,"[biz] some developer language, self-employed/owned type | [cap] developer language implies some financing need | [scale] developer implies some repeatability, very small scale penalty | [geo] US location (Fort Worth, TX) - moderate relevance",Low priority — verify fit before outreach,CEO; Founder; Director of Business Development,"self-employed type — likely individual, not a company"
550,Strawberry Solar,strawberrysolar.com,https://www.linkedin.com/company/strawberry-solar,"Detroit, Michigan",Renewable Energy Semiconductor Manufacturing,2-10 employees,Privately Held,TRUE,TRUE,FALSE,TRUE,8,3,0,0,0,2,0,13,D,medium,True,developer signals present,"[biz] commercial/DG signals | [comm] commercial solar signals | [scale] very small scale penalty | [geo] US location (Detroit, Michigan) - moderate relevance | [strat] generic or minimal mission language",Low priority — verify fit before outreach,VP of Development; CEO; Director of Business Development; CFO,very small company (2-10) with no scale evidence
554,"Sun City Solar Energy, LLC",suncityenergy.com,https://www.linkedin.com/company/sun-city-solar-energy-llc,"Fayetteville, Arkansas",Renewable Energy Semiconductor Manufacturing,2-10 employees,Privately Held,TRUE,TRUE,FALSE,TRUE,8,3,0,0,0,2,0,13,D,medium,True,developer signals present,"[biz] commercial/DG signals | [comm] commercial solar signals | [scale] very small scale penalty | [geo] US location (Fayetteville, Arkansas) - moderate relevance | [strat] generic or minimal mission language",Low priority — verify fit before outreach,VP of Development; CEO; Director of Business Development; CFO,very small company (2-10) with no scale evidence
583,"Sunrise Solar Solutions, LLC",sunrisesolarllc.com,https://www.linkedin.com/company/sunrise-solar-solutions-llc,"Briarcliff Manor, New York",Renewable Energy Semiconductor Manufacturing,2-10 employees,Privately Held,TRUE,TRUE,FALSE,TRUE,8,3,0,0,0,2,0,13,D,medium,True,developer signals present,"[biz] commercial/DG signals | [comm] commercial solar signals | [scale] very small scale penalty | [geo] US location (Briarcliff Manor, New York) - moderate relevance | [strat] generic or minimal mission language",Low priority — verify fit before outreach,VP of Development; CEO; Director of Business Development; CFO,very small company (2-10) with no scale evidence
605,Texas Best Solar,texasbestsolar.com,https://www.linkedin.com/company/texas-best-solar,"Denton, Texas",Renewable Energy Semiconductor Manufacturing,2-10 employees,Partnership,TRUE,TRUE,FALSE,TRUE,8,3,0,0,0,2,0,13,D,medium,True,developer signals present,"[biz] commercial/DG signals | [comm] commercial solar signals | [scale] very small scale penalty | [geo] US location (Denton, Texas) - moderate relevance | [strat] generic or minimal mission language",Low priority — verify fit before outreach,VP of Development; CEO; Director of Business Development; CFO,very small company (2-10) with no scale evidence
606,Texas Solar Consulting,texas-solarconsulting.com,https://www.linkedin.com/company/texas-solar-consulting,"Houston, Tx",Services for Renewable Energy,2-10 employees,Privately Held,TRUE,TRUE,FALSE,TRUE,8,3,0,0,0,2,0,13,D,medium,True,developer signals present,"[biz] commercial/DG signals | [comm] commercial solar signals | [scale] very small scale penalty | [geo] US location (Houston, Tx) - moderate relevance | [strat] generic or minimal mission language",Low priority — verify fit before outreach,VP of Development; CEO; Director of Business Development; CFO,very small company (2-10) with no scale evidence
649,West Texas Solar,west-texas-solar.com,https://www.linkedin.com/company/westtexassolar,"Abilene, Texas",Renewables & Environment,2-10 employees,Partnership,TRUE,TRUE,FALSE,TRUE,8,3,0,0,0,2,0,13,D,medium,True,developer signals present,"[biz] commercial/DG signals | [comm] commercial solar signals | [scale] very small scale penalty | [geo] US location (Abilene, Texas) - moderate relevance | [strat] generic or minimal mission language",Low priority — verify fit before outreach,VP of Development; CEO; Director of Business Development; CFO,very small company (2-10) with no scale evidence
659,Xova Energy,xovaenergy.com,https://www.linkedin.com/company/xova-energy,"Hot Springs, Arkansas",Services for Renewable Energy,2-10 employees,Privately Held,TRUE,TRUE,FALSE,TRUE,8,3,0,0,0,2,0,13,D,medium,True,developer signals present,"[biz] commercial/DG signals | [comm] commercial solar signals | [scale] very small scale penalty | [geo] US location (Hot Springs, Arkansas) - moderate relevance | [strat] generic or minimal mission language",Low priority — verify fit before outreach,VP of Development; CEO; Director of Business Development; CFO,very small company (2-10) with no scale evidence
526,SolarWorks!,durangosolarworks.com,https://www.linkedin.com/company/solarworks-,,Renewable Energy Semiconductor Manufacturing,2-10 employees,Privately Held,TRUE,TRUE,FALSE,TRUE,8,3,0,0,0,1,0,12,D,medium,True,developer signals present,[biz] commercial/DG signals | [comm] commercial solar signals | [scale] very small scale penalty | [geo] location unclear | [strat] generic or minimal mission language,Low priority — verify fit before outreach,VP of Development; CEO; Director of Business Development; CFO,very small company (2-10) with no scale evidence
654,WindMar Solar + Roofing,windmar.com,https://www.linkedin.com/company/windmar-solar,"Orlando, Florida",Renewable Energy Semiconductor Manufacturing,"501-1,000 employees",Privately Held,TRUE,TRUE,FALSE,TRUE,4,3,0,0,3,2,0,12,D,medium,True,weak fit — likely installer or contractor,"[biz] commercial/DG signals, roofing/HVAC signals | [comm] commercial solar signals | [scale] mid-large company (501-1000) | [geo] US location (Orlando, Florida) - moderate relevance | [strat] generic or minimal mission language",Low priority — verify fit before outreach,CEO; Founder; Director of Business Development,contractor name + no developer language
70,Bonsai Energy Group,bonsaienergygroup.com,https://www.linkedin.com/company/bonsaisolar,"New York, CA",Renewable Energy Power Generation,2-10 employees,Privately Held,TRUE,TRUE,FALSE,TRUE,7,0,0,0,0,4,0,11,D,medium,True,weak fit — likely installer or contractor,"[biz] developer industry, no developer or commercial language | [scale] very small scale penalty | [geo] high-opportunity state (CA) | [strat] generic or minimal mission language",Low priority — verify fit before outreach,CEO; Founder; Director of Business Development,very small company (2-10) with no scale evidence
437,Rite Way Energy,ritewayenergy.com,https://www.linkedin.com/company/ritewayenergy,"Central Valley & Central Coast, Ca",Solar Electric Power Generation,11-50 employees,Privately Held,TRUE,TRUE,FALSE,TRUE,7,0,0,0,0,4,0,11,D,low,True,weak fit — likely installer or contractor,"[biz] developer industry, no developer or commercial language | [geo] high-opportunity state (CA) | [strat] generic or minimal mission language",Low priority — verify fit before outreach,CEO; Founder; Director of Business Development,very short description — insufficient evidence
451,SafeHome.Solar,safehome.solar,https://www.linkedin.com/company/safehomesolar,"Los Angeles, CA",Solar Electric Power Generation,2-10 employees,Privately Held,TRUE,TRUE,FALSE,TRUE,7,0,0,0,0,4,0,11,D,medium,True,weak fit — likely installer or contractor,"[biz] developer industry, no developer or commercial language | [scale] very small scale penalty | [geo] high-opportunity state (CA) | [strat] generic or minimal mission language",Low priority — verify fit before outreach,CEO; Founder; Director of Business Development,very small company (2-10) with no scale evidence
1,180 Degrees Solar,180degreessolar.com,https://www.linkedin.com/company/180degreesolar,"Charleston, SC",Renewables & Environment,11-50 employees,Self Employed,TRUE,TRUE,FALSE,TRUE,5,3,0,0,0,2,0,10,D,medium,True,weak fit — likely installer or contractor,"[biz] commercial/DG signals, self-employed/owned type | [comm] commercial solar signals | [scale] very small scale penalty | [geo] US location (Charleston, SC) - moderate relevance | [strat] generic or minimal mission language",Low priority — verify fit before outreach,CEO; Founder; Director of Business Development,"self-employed type — likely individual, not a company"
8,"A1A Solar Contracting, Inc.",a1asolar.com,https://www.linkedin.com/company/a1a-solar-contracting-inc,"Jacksonville, FL",Services for Renewable Energy,11-50 employees,Self Owned,TRUE,TRUE,FALSE,TRUE,0,0,3,0,0,2,5,10,D,medium,True,weak fit — likely installer or contractor,"[biz] roofing/HVAC signals, residential-only profile, self-employed/owned type, no developer or commercial language | [lmi] mission/affordability language (no explicit LMI) | [geo] US location (Jacksonville, FL) - moderate relevance | [strat] some mission language",Low priority — verify fit before outreach,CEO; Founder; Director of Business Development,appears to be residential-only installer
77,BriteStreet Energy Group,britestreetsolar.com,https://www.linkedin.com/company/britestreet-energy-group,"Denver, Colorado",Solar Electric Power Generation,51-200 employees,Privately Held,TRUE,TRUE,FALSE,TRUE,7,0,0,0,1,2,0,10,D,low,True,weak fit — likely installer or contractor,"[biz] developer industry, no developer or commercial language | [scale] smaller company (51-200) | [geo] US location (Denver, Colorado) - moderate relevance | [strat] generic or minimal mission language",Low priority — verify fit before outreach,CEO; Founder; Director of Business Development,very short description — insufficient evidence
129,DN5 Group,dn5marine.com,https://www.linkedin.com/company/dn5-marine-private-limited,"Columbus, Ohio",Oil and Gas,201-500 employees,Partnership,TRUE,TRUE,FALSE,TRUE,0,0,0,4,4,2,0,10,D,low,True,weak fit — likely installer or contractor,"[biz] off-topic industry — likely false positive | [cap] developer language implies some financing need | [scale] developer implies some repeatability, mid company (201-500) | [geo] US location (Columbus, Ohio) - moderate relevance",Low priority — verify fit before outreach,CEO; Founder; Director of Business Development,off-topic industry: Oil and Gas
140,"ECO Group, Inc",ecogroup-inc.com,https://www.linkedin.com/company/eco-group-inc,"Chippewa Falls, WI",Renewable Energy Semiconductor Manufacturing,2-10 employees,Self Employed,TRUE,TRUE,FALSE,TRUE,5,3,0,0,0,2,0,10,D,low,True,weak fit — likely installer or contractor,"[biz] commercial/DG signals, self-employed/owned type | [comm] commercial solar signals | [scale] very small scale penalty | [geo] US location (Chippewa Falls, WI) - moderate relevance | [strat] generic or minimal mission language",Low priority — verify fit before outreach,CEO; Founder; Director of Business Development,"self-employed type — likely individual, not a company; very small company (2-10) with no scale evidence"
176,Ethical Energy Solar,ethicalenergysolar.com,https://www.linkedin.com/company/ethical-energy-solar,"York, Pennsylvania",Utilities,11-50 employees,Partnership,TRUE,TRUE,FALSE,TRUE,0,0,3,0,0,2,5,10,D,medium,True,weak fit — likely installer or contractor,"[biz] residential-only profile, no developer or commercial language | [lmi] mission/affordability language (no explicit LMI) | [geo] US location (York, Pennsylvania) - moderate relevance | [strat] some mission language",Low priority — verify fit before outreach,CEO; Founder; Director of Business Development,appears to be residential-only installer
212,God Given Energy,godgivenenergy.com,https://www.linkedin.com/company/god-given-energy,Florida,Services for Renewable Energy,2-10 employees,Self Owned,TRUE,TRUE,FALSE,TRUE,5,3,0,0,0,2,0,10,D,medium,True,weak fit — likely installer or contractor,"[biz] commercial/DG signals, self-employed/owned type | [comm] commercial solar signals | [scale] very small scale penalty | [geo] US location (Florida) - moderate relevance | [strat] generic or minimal mission language",Low priority — verify fit before outreach,CEO; Founder; Director of Business Development,very small company (2-10) with no scale evidence
245,HARVEST SOLAR ENERGY LLC,harvestsolar.net,https://www.linkedin.com/company/harvest-solar-energy-llc,"Tulsa, OK",Renewables & Environment,2-10 employees,Self Owned,TRUE,TRUE,FALSE,TRUE,5,3,0,0,0,2,0,10,D,medium,True,weak fit — likely installer or contractor,"[biz] commercial/DG signals, self-employed/owned type | [comm] commercial solar signals | [scale] very small scale penalty | [geo] US location (Tulsa, OK) - moderate relevance | [strat] generic or minimal mission language",Low priority — verify fit before outreach,CEO; Founder; Director of Business Development,very small company (2-10) with no scale evidence
438,Riverside Electric Inc.,riverside-elec.com,https://www.linkedin.com/company/riverside-electric-inc.,"Cincinnati, OH",Facilities Services,11-50 employees,Privately Held,TRUE,TRUE,FALSE,TRUE,0,0,0,0,5,5,0,10,D,medium,True,weak fit — likely installer or contractor,"[biz] installer/contractor industry, residential-only profile, no developer or commercial language | [scale] scale/repeat signals in description | [geo] multi-state/national footprint | [strat] generic or minimal mission language",Low priority — verify fit before outreach,CEO; Founder; Director of Business Development,appears to be residential-only installer
460,Service Solar LLC,servicesolarllc.com,https://www.linkedin.com/company/servicesolarllc,"Greenville, SC",Specialty Trade Contractors,2-10 employees,Privately Held,TRUE,TRUE,FALSE,TRUE,5,3,0,0,0,2,0,10,D,medium,True,weak fit — likely installer or contractor,"[biz] installer/contractor industry, commercial/DG signals | [comm] commercial solar signals | [scale] very small scale penalty | [geo] US location (Greenville, SC) - moderate relevance | [strat] generic or minimal mission language",Low priority — verify fit before outreach,CEO; Founder; Director of Business Development,very small company (2-10) with no scale evidence
463,Shinnova Solar,energywithasmile.com,https://www.linkedin.com/company/smart-home-innovations,"Kansas City, Kansas",Renewable Energy Semiconductor Manufacturing,11-50 employees,Partnership,TRUE,TRUE,FALSE,TRUE,0,0,3,0,0,2,5,10,D,medium,True,weak fit — likely installer or contractor,"[biz] residential-only profile, no developer or commercial language | [lmi] mission/affordability language (no explicit LMI) | [geo] US location (Kansas City, Kansas) - moderate relevance | [strat] some mission language",Low priority — verify fit before outreach,CEO; Founder; Director of Business Development,appears to be residential-only installer
513,Solar Tech Elec,solartechelec.com,https://www.linkedin.com/company/solar-tech-elec,"Clearwater, Florida",Specialty Trade Contractors,2-10 employees,Privately Held,TRUE,TRUE,FALSE,TRUE,5,3,0,0,0,2,0,10,D,medium,True,weak fit — likely installer or contractor,"[biz] installer/contractor industry, commercial/DG signals | [comm] commercial solar signals | [scale] very small scale penalty | [geo] US location (Clearwater, Florida) - moderate relevance | [strat] generic or minimal mission language",Low priority — verify fit before outreach,CEO; Founder; Director of Business Development,very small company (2-10) with no scale evidence
612,The Copper Connection,thecopperconnectionco.com,https://www.linkedin.com/company/thecopperconnection,"Denver, Colorado",Services for Renewable Energy,11-50 employees,Self Owned,TRUE,TRUE,FALSE,TRUE,5,3,0,0,0,2,0,10,D,medium,True,weak fit — likely installer or contractor,"[biz] commercial/DG signals, self-employed/owned type | [comm] commercial solar signals | [geo] US location (Denver, Colorado) - moderate relevance | [strat] generic or minimal mission language",Low priority — verify fit before outreach,CEO; Founder; Director of Business Development,possible duplicate — same domain (thecopperconnectionco.com) as row 613
159,Empower Home Services,empoweryourhome.com,https://www.linkedin.com/company/empower-home-services,"Clovis, California",Household Services,201-500 employees,Privately Held,TRUE,TRUE,FALSE,TRUE,0,0,0,0,7,2,0,9,D,medium,True,meaningful scale,"[biz] roofing/HVAC signals, residential-only profile, no developer or commercial language | [scale] scale/repeat signals in description, mid company (201-500) | [geo] US location (Clovis, California) - moderate relevance | [strat] generic or minimal mission language",Low priority — verify fit before outreach,CEO; Founder; Director of Business Development,appears to be residential-only installer; possible duplicate — same domain (empoweryourhome.com) as row 158
182,evNation,evnation.us,https://www.linkedin.com/company/evnation,"Costa Mesa, California",Solar Electric Power Generation,2-10 employees,Partnership,TRUE,TRUE,FALSE,TRUE,7,0,0,0,0,2,0,9,D,low,True,weak fit — likely installer or contractor,"[biz] developer industry, no developer or commercial language | [scale] very small scale penalty | [geo] US location (Costa Mesa, California) - moderate relevance | [strat] generic or minimal mission language",Low priority — verify fit before outreach,CEO; Founder; Director of Business Development,very small company (2-10) with no scale evidence
347,National Renewable Energy Partners,nrep.solar,https://www.linkedin.com/company/nrep-solar,"New Haven, CT",Services for Renewable Energy,11-50 employees,Privately Held,TRUE,TRUE,FALSE,TRUE,0,0,0,0,5,4,0,9,D,medium,True,weak fit — likely installer or contractor,"[biz] residential-only profile, no developer or commercial language | [scale] scale/repeat signals in description | [geo] high-opportunity state (CT) | [strat] generic or minimal mission language",Low priority — verify fit before outreach,CEO; Founder; Director of Business Development,appears to be residential-only installer
359,New England Energy Experts,newenglandenergyexperts.com,https://www.linkedin.com/company/new-england-energy-experts,"Melrose, Massachusetts",Solar Electric Power Generation,2-10 employees,Partnership,TRUE,TRUE,FALSE,TRUE,7,0,0,0,0,2,0,9,D,low,True,weak fit — likely installer or contractor,"[biz] developer industry, no developer or commercial language | [scale] very small scale penalty | [geo] US location (Melrose, Massachusetts) - moderate relevance | [strat] generic or minimal mission language",Low priority — verify fit before outreach,CEO; Founder; Director of Business Development,very small company (2-10) with no scale evidence
363,NOCO Energy Corp.,noco.com,https://www.linkedin.com/company/noco-energy-corp-,"Tonawanda, NY",Oil and Gas,201-500 employees,Privately Held,TRUE,TRUE,FALSE,TRUE,0,3,0,0,2,4,0,9,D,low,True,weak fit — likely installer or contractor,[biz] off-topic industry — likely false positive | [comm] commercial solar signals | [scale] mid company (201-500) | [geo] high-opportunity state (NY) | [strat] generic or minimal mission language,Low priority — verify fit before outreach,CEO; Founder; Director of Business Development,off-topic industry: Oil and Gas
531,SolQ,solq.com,https://www.linkedin.com/company/solq,"Logan, Utah",Solar Electric Power Generation,11-50 employees,Privately Held,TRUE,TRUE,FALSE,TRUE,7,0,0,0,0,2,0,9,D,low,True,weak fit — likely installer or contractor,"[biz] developer industry, no developer or commercial language | [geo] US location (Logan, Utah) - moderate relevance | [strat] generic or minimal mission language",Low priority — verify fit before outreach,CEO; Founder; Director of Business Development,very short description — insufficient evidence
610,"The CBR Group, Inc.",thecbrgroup.com,https://www.linkedin.com/company/the-cbr-group,"Martinez, California",Telecommunications,51-200 employees,Privately Held,TRUE,TRUE,FALSE,TRUE,0,0,0,4,3,2,0,9,D,low,True,weak fit — likely installer or contractor,"[biz] off-topic industry — likely false positive | [cap] developer language implies some financing need | [scale] developer implies some repeatability, smaller company (51-200) | [geo] US location (Martinez, California) - moderate relevance",Low priority — verify fit before outreach,CEO; Founder; Director of Business Development,off-topic industry: Telecommunications
96,Cenvar Roofing & Solar,cenvarroofing.com,https://www.linkedin.com/company/cenvar-roofing-and-solar,"Lynchburg, va",Construction,51-200 employees,Privately Held,TRUE,TRUE,FALSE,TRUE,0,3,0,0,1,4,0,8,D,medium,True,weak fit — likely installer or contractor,"[biz] installer/contractor industry, commercial/DG signals, roofing/HVAC in name+desc (strong penalty) | [comm] commercial solar signals | [scale] smaller company (51-200) | [geo] high-opportunity state (VA) | [strat] generic or minimal mission language",Low priority — verify fit before outreach,CEO; Founder; Director of Business Development,contractor name + no developer language
536,"Source Renewables, LLC",sourcerenew.com,https://www.linkedin.com/company/source-renewables-llc,"Greenwich, Connecticut",Oil and Gas,11-50 employees,Partnership,TRUE,TRUE,FALSE,TRUE,0,0,0,4,2,2,0,8,D,low,True,weak fit — likely installer or contractor,"[biz] off-topic industry — likely false positive | [cap] developer language implies some financing need | [scale] developer implies some repeatability | [geo] US location (Greenwich, Connecticut) - moderate relevance",Low priority — verify fit before outreach,CEO; Founder; Director of Business Development,off-topic industry: Oil and Gas
548,Straight Line Roofing & Construction,straightlineconstruction.com,https://www.linkedin.com/company/straight-line-construction,"Shingle Springs, California",Construction,51-200 employees,Privately Held,TRUE,TRUE,FALSE,TRUE,0,0,0,0,6,2,0,8,D,low,True,meaningful scale,"[biz] installer/contractor industry, roofing/HVAC in name+desc (strong penalty), residential-only profile, no developer or commercial language | [scale] scale/repeat signals in description, smaller company (51-200) | [geo] US location (Shingle Springs, California) - moderate relevance | [strat] generic or minimal mission language",Low priority — verify fit before outreach,CEO; Founder; Director of Business Development,contractor name + no developer language; appears to be residential-only installer
7,A&R Solar,a-rsolar.com,https://www.linkedin.com/company/a&r-solar,"Seattle, WA",Solar Electric Power Generation,51-200 employees,Privately Held,TRUE,TRUE,FALSE,TRUE,2,0,0,0,1,4,0,7,D,medium,True,weak fit — likely installer or contractor,"[biz] developer industry, residential-only profile, no developer or commercial language | [scale] smaller company (51-200) | [geo] high-opportunity state (WA) | [strat] generic or minimal mission language",Low priority — verify fit before outreach,CEO; Founder; Director of Business Development,appears to be residential-only installer
84,Burns & Scalo Roofing,burns-scalo.com,https://www.linkedin.com/company/burns-&-scalo-roofing,"Pittsburgh, PA",Construction,201-500 employees,Self Owned,TRUE,TRUE,FALSE,TRUE,0,3,0,0,2,2,0,7,D,medium,True,weak fit — likely installer or contractor,"[biz] installer/contractor industry, commercial/DG signals, roofing/HVAC in name+desc (strong penalty), self-employed/owned type | [comm] commercial solar signals | [scale] mid company (201-500) | [geo] US location (Pittsburgh, PA) - moderate relevance | [strat] generic or minimal mission language",Low priority — verify fit before outreach,CEO; Founder; Director of Business Development,contractor name + no developer language
156,Elite Roofing & Solar,elite-roofs.com,https://www.linkedin.com/company/elite-roofing,"Denver, CO",Construction,11-50 employees,Privately Held,TRUE,TRUE,FALSE,TRUE,0,3,0,0,0,4,0,7,D,medium,True,weak fit — likely installer or contractor,"[biz] installer/contractor industry, commercial/DG signals, roofing/HVAC in name+desc (strong penalty) | [comm] commercial solar signals | [geo] high-opportunity state (CO) | [strat] generic or minimal mission language",Low priority — verify fit before outreach,CEO; Founder; Director of Business Development,contractor name + no developer language
214,Golden Group Roofing,goldengrouproofing.com,https://www.linkedin.com/company/golden-group-roofing,"HUDSON, Massachusetts",Construction,11-50 employees,Privately Held,TRUE,TRUE,FALSE,TRUE,0,0,0,0,5,2,0,7,D,low,True,weak fit — likely installer or contractor,"[biz] installer/contractor industry, roofing/HVAC in name+desc (strong penalty), residential-only profile, no developer or commercial language | [scale] scale/repeat signals in description | [geo] US location (HUDSON, Massachusetts) - moderate relevance | [strat] generic or minimal mission language",Low priority — verify fit before outreach,CEO; Founder; Director of Business Development,contractor name + no developer language; appears to be residential-only installer
268,Indigo Energy,indigoenergy.com,https://www.linkedin.com/company/indigo-energy,"ATLANTA, GA",Oil and Gas,11-50 employees,Partnership,TRUE,TRUE,FALSE,TRUE,0,0,0,0,5,2,0,7,D,low,True,weak fit — likely installer or contractor,"[biz] off-topic industry — likely false positive | [scale] scale/repeat signals in description | [geo] US location (ATLANTA, GA) - moderate relevance | [strat] generic or minimal mission language",Low priority — verify fit before outreach,CEO; Founder; Director of Business Development,off-topic industry: Oil and Gas
292,KEEGAN ELECTRIC,keeganservices.com,https://www.linkedin.com/company/keegan-wireless-llc,"Cape Coral, Florida",Construction,2-10 employees,Self Owned,TRUE,TRUE,FALSE,TRUE,2,3,0,0,0,2,0,7,D,medium,True,weak fit — likely installer or contractor,"[biz] installer/contractor industry, commercial/DG signals, self-employed/owned type | [comm] commercial solar signals | [scale] very small scale penalty | [geo] US location (Cape Coral, Florida) - moderate relevance | [strat] generic or minimal mission language",Low priority — verify fit before outreach,CEO; Founder; Director of Business Development,very small company (2-10) with no scale evidence
297,Konnexx Services Ltd,konnexx.net,https://www.linkedin.com/company/konnexxservicesltd,"Kingston 10, WI",Telecommunications,201-500 employees,Privately Held,TRUE,TRUE,FALSE,TRUE,0,3,0,0,2,2,0,7,D,low,True,weak fit — likely installer or contractor,"[biz] off-topic industry — likely false positive | [comm] commercial solar signals | [scale] mid company (201-500) | [geo] US location (Kingston 10, WI) - moderate relevance | [strat] generic or minimal mission language",Low priority — verify fit before outreach,CEO; Founder; Director of Business Development,off-topic industry: Telecommunications
384,Palomar Solar & Roofing,palomarsolar.com,https://www.linkedin.com/company/palomar-solar,"Escondio, CA",Renewables & Environment,11-50 employees,Privately Held,TRUE,TRUE,FALSE,TRUE,0,3,0,0,0,4,0,7,D,medium,True,weak fit — likely installer or contractor,"[biz] commercial/DG signals, roofing/HVAC in name+desc (strong penalty) | [comm] commercial solar signals | [geo] high-opportunity state (CA) | [strat] generic or minimal mission language",Low priority — verify fit before outreach,CEO; Founder; Director of Business Development,contractor name + no developer language
439,Rix Petroleum,rix.co.uk,https://www.linkedin.com/company/rix-petroleum-limited,Hull,Oil and Gas,201-500 employees,Privately Held,TRUE,TRUE,FALSE,TRUE,0,3,0,0,2,2,0,7,D,low,True,weak fit — likely installer or contractor,[biz] off-topic industry — likely false positive | [comm] commercial solar signals | [scale] mid company (201-500) | [geo] US location (Hull) - moderate relevance | [strat] generic or minimal mission language,Low priority — verify fit before outreach,CEO; Founder; Director of Business Development,off-topic industry: Oil and Gas
442,"Roman Roofing, Inc.",romanroofing.com,https://www.linkedin.com/company/romanroofing,"Cape Coral, FL",Construction,201-500 employees,Privately Held,TRUE,TRUE,FALSE,TRUE,0,3,0,0,2,2,0,7,D,medium,True,weak fit — likely installer or contractor,"[biz] installer/contractor industry, commercial/DG signals, roofing/HVAC in name+desc (strong penalty) | [comm] commercial solar signals | [scale] mid company (201-500) | [geo] US location (Cape Coral, FL) - moderate relevance | [strat] generic or minimal mission language",Low priority — verify fit before outreach,CEO; Founder; Director of Business Development,contractor name + no developer language
443,Roofing & Reconstruction Contractors of America LLC,rrcausa.com,https://www.linkedin.com/company/rrca,"Naples, Florida",Construction,201-500 employees,Self Owned,TRUE,TRUE,FALSE,TRUE,0,3,0,0,2,2,0,7,D,medium,True,weak fit — likely installer or contractor,"[biz] installer/contractor industry, commercial/DG signals, roofing/HVAC in name+desc (strong penalty), self-employed/owned type | [comm] commercial solar signals | [scale] mid company (201-500) | [geo] US location (Naples, Florida) - moderate relevance | [strat] generic or minimal mission language",Low priority — verify fit before outreach,CEO; Founder; Director of Business Development,contractor name + no developer language
534,SOLU Solar Distribution DBA SOLUENT Renewables,solu-distribution.com,https://www.linkedin.com/company/solu-solar-distribution,"Irvine, CA",Wholesale,2-10 employees,Self Employed,TRUE,TRUE,FALSE,TRUE,0,0,0,0,3,4,0,7,D,medium,True,weak fit — likely installer or contractor,"[biz] self-employed/owned type, no developer or commercial language | [scale] scale/repeat signals in description, very small scale penalty | [geo] high-opportunity state (CA) | [strat] generic or minimal mission language",Low priority — verify fit before outreach,CEO; Founder; Director of Business Development,"self-employed type — likely individual, not a company"
577,"Sunny Energy, LLC",sunnyenergysolar.com,https://www.linkedin.com/company/sunny-energy,"Tempe, AZ",Renewable Energy Semiconductor Manufacturing,11-50 employees,Privately Held,TRUE,TRUE,FALSE,TRUE,0,0,0,0,5,2,0,7,D,medium,True,weak fit — likely installer or contractor,"[biz] residential-only profile, no developer or commercial language | [scale] scale/repeat signals in description | [geo] US location (Tempe, AZ) - moderate relevance | [strat] generic or minimal mission language",Low priority — verify fit before outreach,CEO; Founder; Director of Business Development,appears to be residential-only installer
3,3MG Roofing & Solar,3mg.com,https://www.linkedin.com/company/3mgroofing,"Winter Park, FL",Construction,51-200 employees,Privately Held,TRUE,TRUE,FALSE,TRUE,0,3,0,0,1,2,0,6,D,medium,True,weak fit — likely installer or contractor,"[biz] installer/contractor industry, commercial/DG signals, roofing/HVAC in name+desc (strong penalty) | [comm] commercial solar signals | [scale] smaller company (51-200) | [geo] US location (Winter Park, FL) - moderate relevance | [strat] generic or minimal mission language",Low priority — verify fit before outreach,CEO; Founder; Director of Business Development,contractor name + no developer language
11,Ackerman Security,ackermansecurity.com,https://www.linkedin.com/company/ackerman-security,"Peachtree Corners, GA",Security and Investigations,51-200 employees,Privately Held,TRUE,TRUE,FALSE,TRUE,0,3,0,0,1,2,0,6,D,low,True,weak fit — likely installer or contractor,"[biz] off-topic industry — likely false positive | [comm] commercial solar signals | [scale] smaller company (51-200) | [geo] US location (Peachtree Corners, GA) - moderate relevance | [strat] generic or minimal mission language",Low priority — verify fit before outreach,CEO; Founder; Director of Business Development,off-topic industry: Security and Investigations
17,AES Solar,aessolar.com,https://www.linkedin.com/company/advanced-energy-solutions-group-inc,"Carterville, IL",Renewable Energy Semiconductor Manufacturing,11-50 employees,Privately Held,TRUE,TRUE,FALSE,TRUE,2,0,0,0,0,4,0,6,D,low,True,weak fit — likely installer or contractor,[biz] no developer or commercial language | [geo] high-opportunity state (IL) | [strat] generic or minimal mission language,Low priority — verify fit before outreach,CEO; Founder; Director of Business Development,very short description — insufficient evidence
69,Bone Dry Roofing,bonedry.com,https://www.linkedin.com/company/bone-dry-roofing1,"Indianapolis, Indiana",Construction,51-200 employees,Privately Held,TRUE,TRUE,FALSE,TRUE,0,3,0,0,1,2,0,6,D,medium,True,weak fit — likely installer or contractor,"[biz] installer/contractor industry, commercial/DG signals, roofing/HVAC in name+desc (strong penalty) | [comm] commercial solar signals | [scale] smaller company (51-200) | [geo] US location (Indianapolis, Indiana) - moderate relevance | [strat] generic or minimal mission language",Low priority — verify fit before outreach,CEO; Founder; Director of Business Development,contractor name + no developer language
79,Bryton Power,brytonpower.com,https://www.linkedin.com/company/bryton-power,"Lindon, Utah",Renewable Energy Power Generation,201-500 employees,Privately Held,TRUE,TRUE,FALSE,TRUE,2,0,0,0,2,2,0,6,D,low,True,weak fit — likely installer or contractor,"[biz] developer industry, residential-only profile, no developer or commercial language | [scale] mid company (201-500) | [geo] US location (Lindon, Utah) - moderate relevance | [strat] generic or minimal mission language",Low priority — verify fit before outreach,CEO; Founder; Director of Business Development,appears to be residential-only installer
103,Citadel Roofing & Solar,citadelrs.com,https://www.linkedin.com/company/citadel-roofing-and-solar,"Vacaville, CA",Construction,201-500 employees,Privately Held,TRUE,TRUE,FALSE,TRUE,0,0,0,0,2,4,0,6,D,medium,True,weak fit — likely installer or contractor,"[biz] installer/contractor industry, roofing/HVAC in name+desc (strong penalty), no developer or commercial language | [scale] mid company (201-500) | [geo] high-opportunity state (CA) | [strat] generic or minimal mission language",Low priority — verify fit before outreach,CEO; Founder; Director of Business Development,contractor name + no developer language
179,Evergreen Solar and Home Battery,evergreen-solar.net,https://www.linkedin.com/company/evergreen-solar-and-home-battery,"Los Alamitos, CA",Services for Renewable Energy,2-10 employees,Privately Held,TRUE,TRUE,FALSE,TRUE,2,0,0,0,0,4,0,6,D,medium,True,weak fit — likely installer or contractor,[biz] no developer or commercial language | [scale] very small scale penalty | [geo] high-opportunity state (CA) | [strat] generic or minimal mission language,Low priority — verify fit before outreach,CEO; Founder; Director of Business Development,very small company (2-10) with no scale evidence
251,Hightower Industries LLC Commercial Roofing,htifl.com,https://www.linkedin.com/company/hightower-industries-llc,"Pensacola, Florida",Construction,51-200 employees,Privately Held,TRUE,TRUE,FALSE,TRUE,0,3,0,0,1,2,0,6,D,medium,True,weak fit — likely installer or contractor,"[biz] installer/contractor industry, commercial/DG signals, roofing/HVAC in name+desc (strong penalty) | [comm] commercial solar signals | [scale] smaller company (51-200) | [geo] US location (Pensacola, Florida) - moderate relevance | [strat] generic or minimal mission language",Low priority — verify fit before outreach,CEO; Founder; Director of Business Development,contractor name + no developer language
266,Independent Energy,independentenergyhawaii.com,https://www.linkedin.com/company/independent-energy-hi,"Honolulu, HI",Solar Electric Power Generation,11-50 employees,Privately Held,TRUE,TRUE,FALSE,TRUE,2,0,0,0,0,4,0,6,D,medium,True,weak fit — likely installer or contractor,"[biz] developer industry, residential-only profile, no developer or commercial language | [geo] high-opportunity state (HI) | [strat] generic or minimal mission language",Low priority — verify fit before outreach,CEO; Founder; Director of Business Development,appears to be residential-only installer
273,Intelligent Solar,intelligent.solar,https://www.linkedin.com/company/intelligent-solar-services,"Lunenburg, MA",Renewables & Environment,2-10 employees,Privately Held,TRUE,TRUE,FALSE,TRUE,2,0,0,0,0,4,0,6,D,medium,True,weak fit — likely installer or contractor,[biz] no developer or commercial language | [scale] very small scale penalty | [geo] high-opportunity state (MA) | [strat] generic or minimal mission language,Low priority — verify fit before outreach,CEO; Founder; Director of Business Development,very small company (2-10) with no scale evidence
283,"Jackson Solar, LLC",jacksonsolarllc.com,https://www.linkedin.com/company/jackson-solar-llc,"Jackson, Missouri",Solar Electric Power Generation,2-10 employees,Self Employed,TRUE,TRUE,FALSE,TRUE,4,0,0,0,0,2,0,6,D,low,True,weak fit — likely installer or contractor,"[biz] developer industry, self-employed/owned type, no developer or commercial language | [scale] very small scale penalty | [geo] US location (Jackson, Missouri) - moderate relevance | [strat] generic or minimal mission language",Low priority — verify fit before outreach,CEO; Founder; Director of Business Development,"self-employed type — likely individual, not a company; very small company (2-10) with no scale evidence"
422,Renewable Energy Evolution,renewableenergyevolution.com,https://www.linkedin.com/company/renewable-energy-evolution,"Burr Ridge, IL",Renewables & Environment,2-10 employees,Partnership,TRUE,TRUE,FALSE,TRUE,2,0,0,0,0,4,0,6,D,medium,True,weak fit — likely installer or contractor,[biz] no developer or commercial language | [scale] very small scale penalty | [geo] high-opportunity state (IL) | [strat] generic or minimal mission language,Low priority — verify fit before outreach,CEO; Founder; Director of Business Development,very small company (2-10) with no scale evidence
445,Roofing Rochester NY,roofingrochesterny.com,https://www.linkedin.com/company/roofingroc,"Rochester, New York",Construction,51-200 employees,Privately Held,TRUE,TRUE,FALSE,TRUE,0,3,0,0,1,2,0,6,D,medium,True,weak fit — likely installer or contractor,"[biz] installer/contractor industry, commercial/DG signals, roofing/HVAC in name+desc (strong penalty) | [comm] commercial solar signals | [scale] smaller company (51-200) | [geo] US location (Rochester, New York) - moderate relevance | [strat] generic or minimal mission language",Low priority — verify fit before outreach,CEO; Founder; Director of Business Development,contractor name + no developer language
449,Run on Sun,runonsun.solar,https://www.linkedin.com/company/run-on-sun,"Pasadena, CA",Renewables & Environment,2-10 employees,Privately Held,TRUE,TRUE,FALSE,TRUE,2,0,0,0,0,4,0,6,D,medium,True,weak fit — likely installer or contractor,[biz] no developer or commercial language | [scale] very small scale penalty | [geo] high-opportunity state (CA) | [strat] generic or minimal mission language,Low priority — verify fit before outreach,CEO; Founder; Director of Business Development,very small company (2-10) with no scale evidence
627,Trust Roofing,trustroofing.com,https://www.linkedin.com/company/trust-roofing,"Largo, Florida",Construction,51-200 employees,Privately Held,TRUE,TRUE,FALSE,TRUE,0,3,0,0,1,2,0,6,D,medium,True,weak fit — likely installer or contractor,"[biz] installer/contractor industry, commercial/DG signals, roofing/HVAC in name+desc (strong penalty) | [comm] commercial solar signals | [scale] smaller company (51-200) | [geo] US location (Largo, Florida) - moderate relevance | [strat] generic or minimal mission language",Low priority — verify fit before outreach,CEO; Founder; Director of Business Development,contractor name + no developer language
648,"Walton Roofing -F.W. Walton, Inc.",waltonroofing.com,https://www.linkedin.com/company/f-w-walton-inc-,"Houston, Texas",Construction,51-200 employees,Privately Held,TRUE,TRUE,FALSE,TRUE,0,3,0,0,1,2,0,6,D,medium,True,weak fit — likely installer or contractor,"[biz] installer/contractor industry, commercial/DG signals, roofing/HVAC in name+desc (strong penalty) | [comm] commercial solar signals | [scale] smaller company (51-200) | [geo] US location (Houston, Texas) - moderate relevance | [strat] generic or minimal mission language",Low priority — verify fit before outreach,CEO; Founder; Director of Business Development,contractor name + no developer language
6,A.M. Sun Solar + Roofing,amsunsolar.com,https://www.linkedin.com/company/am-sun-solar,"Paso Robles, CA",Solar Electric Power Generation,51-200 employees,Privately Held,TRUE,TRUE,FALSE,TRUE,0,0,0,0,1,4,0,5,D,medium,True,weak fit — likely installer or contractor,"[biz] developer industry, roofing/HVAC in name+desc (strong penalty), no developer or commercial language | [scale] smaller company (51-200) | [geo] high-opportunity state (CA) | [strat] generic or minimal mission language",Low priority — verify fit before outreach,CEO; Founder; Director of Business Development,contractor name + no developer language
13,Action Solar,actionsolar.com,https://www.linkedin.com/company/action-solar,"Lehi, Utah",Solar Electric Power Generation,51-200 employees,Partnership,TRUE,TRUE,FALSE,TRUE,2,0,0,0,1,2,0,5,D,medium,True,weak fit — likely installer or contractor,"[biz] developer industry, residential-only profile, no developer or commercial language | [scale] smaller company (51-200) | [geo] US location (Lehi, Utah) - moderate relevance | [strat] generic or minimal mission language",Low priority — verify fit before outreach,CEO; Founder; Director of Business Development,appears to be residential-only installer
60,Bland Company,blandcompany.com,https://www.linkedin.com/company/blandcompany,"Bakersfield, CA",Renewable Energy Semiconductor Manufacturing,51-200 employees,Privately Held,TRUE,TRUE,FALSE,TRUE,0,0,0,0,1,4,0,5,D,medium,True,weak fit — likely installer or contractor,"[biz] roofing/HVAC signals, residential-only profile, no developer or commercial language | [scale] smaller company (51-200) | [geo] high-opportunity state (CA) | [strat] generic or minimal mission language",Low priority — verify fit before outreach,CEO; Founder; Director of Business Development,appears to be residential-only installer
141,ECO Roof and Solar,ecoroofandsolar.com,https://www.linkedin.com/company/eco-roof-and-solar-2,"Denver, Colorado",Construction,11-50 employees,Privately Held,TRUE,TRUE,FALSE,TRUE,0,3,0,0,0,2,0,5,D,medium,True,weak fit — likely installer or contractor,"[biz] installer/contractor industry, commercial/DG signals, roofing/HVAC in name+desc (strong penalty) | [comm] commercial solar signals | [geo] US location (Denver, Colorado) - moderate relevance | [strat] generic or minimal mission language",Low priority — verify fit before outreach,CEO; Founder; Director of Business Development,contractor name + no developer language
158,Empower Home,empoweryourhome.com,https://www.linkedin.com/company/empower-solar-inc,"Fresno, California",Renewable Energy Semiconductor Manufacturing,51-200 employees,Privately Held,TRUE,TRUE,FALSE,TRUE,2,0,0,0,1,2,0,5,D,low,True,weak fit — likely installer or contractor,"[biz] no developer or commercial language | [scale] smaller company (51-200) | [geo] US location (Fresno, California) - moderate relevance | [strat] generic or minimal mission language",Low priority — verify fit before outreach,CEO; Founder; Director of Business Development,possible duplicate — same domain (empoweryourhome.com) as row 159
173,Epic Energy,thinkepic.com,https://www.linkedin.com/company/epic-energysacramento,"Sacramento, CA",Construction,51-200 employees,Partnership,TRUE,TRUE,FALSE,TRUE,0,0,0,0,1,4,0,5,D,medium,True,weak fit — likely installer or contractor,"[biz] installer/contractor industry, roofing/HVAC signals, residential-only profile, no developer or commercial language | [scale] smaller company (51-200) | [geo] high-opportunity state (CA) | [strat] generic or minimal mission language",Low priority — verify fit before outreach,CEO; Founder; Director of Business Development,appears to be residential-only installer
282,J&K Roofing,jkroofing.com,https://www.linkedin.com/company/jkroofing,"Golden, Colorado",Construction,11-50 employees,Partnership,TRUE,TRUE,FALSE,TRUE,0,3,0,0,0,2,0,5,D,medium,True,weak fit — likely installer or contractor,"[biz] installer/contractor industry, commercial/DG signals, roofing/HVAC in name+desc (strong penalty) | [comm] commercial solar signals | [geo] US location (Golden, Colorado) - moderate relevance | [strat] generic or minimal mission language",Low priority — verify fit before outreach,CEO; Founder; Director of Business Development,contractor name + no developer language
300,KR Solar/KR Comm,kr.solar,https://www.linkedin.com/company/kr-communications-llc,"Buffalo, New York",Services for Renewable Energy,51-200 employees,Privately Held,TRUE,TRUE,FALSE,TRUE,2,0,0,0,1,2,0,5,D,medium,True,weak fit — likely installer or contractor,"[biz] no developer or commercial language | [scale] smaller company (51-200) | [geo] US location (Buffalo, New York) - moderate relevance | [strat] generic or minimal mission language",Low priority — verify fit before outreach,CEO; Founder; Director of Business Development,possible duplicate — same domain (kr.solar) as row 299
311,"LMS ENERGY -LED Lighting, Solar, Electrical & EV Charging Services",lmsholding.com,https://www.linkedin.com/company/lms-energy,"Milwaukee, Wisconsin","Appliances, Electrical, and Electronics Manufacturing",11-50 employees,Privately Held,TRUE,TRUE,FALSE,TRUE,0,3,0,0,0,2,0,5,D,low,True,weak fit — likely installer or contractor,"[biz] off-topic industry — likely false positive | [comm] commercial solar signals | [geo] US location (Milwaukee, Wisconsin) - moderate relevance | [strat] generic or minimal mission language",Low priority — verify fit before outreach,CEO; Founder; Director of Business Development,"off-topic industry: Appliances, Electrical, and Electronics Manufacturing"
333,Mighty Dog Roofing,mightydogroofing.com,https://www.linkedin.com/company/mighty-dog-roofing,"Omaha, Nebraska",Construction,2-10 employees,Privately Held,TRUE,TRUE,FALSE,TRUE,0,0,0,0,3,2,0,5,D,low,True,weak fit — likely installer or contractor,"[biz] installer/contractor industry, roofing/HVAC in name+desc (strong penalty), residential-only profile, no developer or commercial language | [scale] scale/repeat signals in description, very small scale penalty | [geo] US location (Omaha, Nebraska) - moderate relevance | [strat] generic or minimal mission language",Low priority — verify fit before outreach,CEO; Founder; Director of Business Development,contractor name + no developer language; appears to be residential-only installer
497,"Solar Lighting International, Inc.",solarlightingitl.com,https://www.linkedin.com/company/solar-lighting-international-inc-,"Lancaster, South Carolina",Electric Lighting Equipment Manufacturing,2-10 employees,Privately Held,TRUE,TRUE,FALSE,TRUE,0,3,0,0,0,2,0,5,D,low,True,weak fit — likely installer or contractor,"[biz] off-topic industry — likely false positive | [comm] commercial solar signals | [scale] very small scale penalty | [geo] US location (Lancaster, South Carolina) - moderate relevance | [strat] generic or minimal mission language",Low priority — verify fit before outreach,CEO; Founder; Director of Business Development,off-topic industry: Electric Lighting Equipment Manufacturing; very small company (2-10) with no scale evidence
593,"SunWize Technologies, Inc.",sunwize.com,https://www.linkedin.com/company/sunwize-technologies-inc,"San Jose,, CA",Renewable Energy Semiconductor Manufacturing,51-200 employees,Privately Held,TRUE,TRUE,FALSE,TRUE,0,0,0,0,1,4,0,5,D,medium,True,weak fit — likely installer or contractor,"[biz] residential-only profile, no developer or commercial language | [scale] smaller company (51-200) | [geo] high-opportunity state (CA) | [strat] generic or minimal mission language",Low priority — verify fit before outreach,CEO; Founder; Director of Business Development,appears to be residential-only installer
618,Titan Solar Power,titansolarpower.com,https://www.linkedin.com/company/titansolarpower,"Santa Ana, California","Appliances, Electrical, and Electronics Manufacturing","1,001-5,000 employees",Privately Held,TRUE,TRUE,FALSE,TRUE,0,0,0,0,3,2,0,5,D,low,True,weak fit — likely installer or contractor,"[biz] off-topic industry — likely false positive | [scale] mid-large company (501-1000) | [geo] US location (Santa Ana, California) - moderate relevance | [strat] generic or minimal mission language",Low priority — verify fit before outreach,CEO; Founder; Director of Business Development,"off-topic industry: Appliances, Electrical, and Electronics Manufacturing; appears to be residential-only installer"
636,VALOR Roof and Solar,valorroofandsolar.com,https://www.linkedin.com/company/valor-roof-and-solar,"Sheridan, Colorado",Construction,11-50 employees,Partnership,TRUE,TRUE,FALSE,TRUE,0,3,0,0,0,2,0,5,D,medium,True,weak fit — likely installer or contractor,"[biz] installer/contractor industry, commercial/DG signals, roofing/HVAC in name+desc (strong penalty) | [comm] commercial solar signals | [geo] US location (Sheridan, Colorado) - moderate relevance | [strat] generic or minimal mission language",Low priority — verify fit before outreach,CEO; Founder; Director of Business Development,contractor name + no developer language
641,Vertical Roofing,verticalroofingco.com,https://www.linkedin.com/company/vertical-roofing-co,"Denver, Colorado",Construction,11-50 employees,Privately Held,TRUE,TRUE,FALSE,TRUE,0,3,0,0,0,2,0,5,D,medium,True,weak fit — likely installer or contractor,"[biz] installer/contractor industry, commercial/DG signals, roofing/HVAC in name+desc (strong penalty) | [comm] commercial solar signals | [geo] US location (Denver, Colorado) - moderate relevance | [strat] generic or minimal mission language",Low priority — verify fit before outreach,CEO; Founder; Director of Business Development,contractor name + no developer language
55,Big Dog Solar Colorado,bigdogsolar.com,https://www.linkedin.com/company/big-dog-solar-colorado,"Pueblo West, Colorado",Environmental Services,11-50 employees,Partnership,TRUE,TRUE,FALSE,TRUE,2,0,0,0,0,2,0,4,D,medium,True,weak fit — likely installer or contractor,"[biz] no developer or commercial language | [geo] US location (Pueblo West, Colorado) - moderate relevance | [strat] generic or minimal mission language",Low priority — verify fit before outreach,CEO; Founder; Director of Business Development,possible duplicate — same domain (bigdogsolar.com) as row 54
105,City Renewables,cityrenewables.com,https://www.linkedin.com/company/city-renewables,"Washington, District of Columbia",Renewable Energy Semiconductor Manufacturing,2-10 employees,Partnership,TRUE,TRUE,FALSE,TRUE,2,0,0,0,0,2,0,4,D,medium,True,weak fit — likely installer or contractor,"[biz] no developer or commercial language | [scale] very small scale penalty | [geo] US location (Washington, District of Columbia) - moderate relevance | [strat] generic or minimal mission language",Low priority — verify fit before outreach,CEO; Founder; Director of Business Development,very small company (2-10) with no scale evidence
162,EMT Solar & Roofing,emtsolar.com,https://www.linkedin.com/company/emt-solar-and-roofing,"Cherry Hill, NJ",Construction,11-50 employees,Partnership,TRUE,TRUE,FALSE,TRUE,0,0,0,0,0,4,0,4,D,low,True,weak fit — likely installer or contractor,"[biz] installer/contractor industry, roofing/HVAC in name+desc (strong penalty), no developer or commercial language | [geo] high-opportunity state (NJ) | [strat] generic or minimal mission language",Low priority — verify fit before outreach,CEO; Founder; Director of Business Development,very short description — insufficient evidence; contractor name + no developer language
166,Energy Solution USA Inc,energy-solutions-usa.com,https://www.linkedin.com/company/energy-solution-usa-inc,"Elmira, NY",Oil and Gas,11-50 employees,Privately Held,TRUE,TRUE,FALSE,TRUE,0,0,0,0,0,4,0,4,D,low,True,weak fit — likely installer or contractor,[biz] off-topic industry — likely false positive | [geo] high-opportunity state (NY) | [strat] generic or minimal mission language,Low priority — verify fit before outreach,CEO; Founder; Director of Business Development,off-topic industry: Oil and Gas
184,EVPV,ev-pv.com,https://www.linkedin.com/company/evpv,"Long Beach, CA",Business Consulting and Services,2-10 employees,Self Employed,TRUE,TRUE,FALSE,TRUE,0,0,0,0,0,4,0,4,D,low,True,weak fit — likely installer or contractor,"[biz] self-employed/owned type, no developer or commercial language | [scale] very small scale penalty | [geo] high-opportunity state (CA) | [strat] generic or minimal mission language",Low priority — verify fit before outreach,CEO; Founder; Director of Business Development,"self-employed type — likely individual, not a company; very small company (2-10) with no scale evidence"
187,Finray Solar,finray.solar,https://www.linkedin.com/company/finray-solar,"Bala-Cynwyd, Pennsylvania",Services for Renewable Energy,11-50 employees,Privately Held,TRUE,TRUE,FALSE,TRUE,2,0,0,0,0,2,0,4,D,low,True,weak fit — likely installer or contractor,"[biz] no developer or commercial language | [geo] US location (Bala-Cynwyd, Pennsylvania) - moderate relevance | [strat] generic or minimal mission language",Low priority — verify fit before outreach,CEO; Founder; Director of Business Development,very short description — insufficient evidence
360,New Leaf Electric,newleafelectric.com,https://www.linkedin.com/company/new-leaf-electric,"San Diego, CA",Construction,2-10 employees,Privately Held,TRUE,TRUE,FALSE,TRUE,0,0,0,0,0,4,0,4,D,medium,True,weak fit — likely installer or contractor,"[biz] installer/contractor industry, no developer or commercial language | [scale] very small scale penalty | [geo] high-opportunity state (CA) | [strat] generic or minimal mission language",Low priority — verify fit before outreach,CEO; Founder; Director of Business Development,very small company (2-10) with no scale evidence
377,Optify Group,optifygroup.com,https://www.linkedin.com/company/optify-group,Newport,Professional Services,2-10 employees,Privately Held,TRUE,TRUE,FALSE,TRUE,2,0,0,0,0,2,0,4,D,medium,True,weak fit — likely installer or contractor,[biz] no developer or commercial language | [scale] very small scale penalty | [geo] US location (Newport) - moderate relevance | [strat] generic or minimal mission language,Low priority — verify fit before outreach,CEO; Founder; Director of Business Development,very small company (2-10) with no scale evidence
434,RevoluSun Idaho,revolusun.com,https://www.linkedin.com/company/revolusunidaho,"Boise, ID",Renewable Energy Semiconductor Manufacturing,11-50 employees,Privately Held,TRUE,TRUE,FALSE,TRUE,2,0,0,0,0,2,0,4,D,medium,True,weak fit — likely installer or contractor,"[biz] no developer or commercial language | [geo] US location (Boise, ID) - moderate relevance | [strat] generic or minimal mission language",Low priority — verify fit before outreach,CEO; Founder; Director of Business Development,possible duplicate — same domain (revolusun.com) as row 433
456,Scout Energy,scout.energy,https://www.linkedin.com/company/scout-energy,Nation Wide,Services for Renewable Energy,2-10 employees,Privately Held,TRUE,TRUE,FALSE,TRUE,2,0,0,0,0,2,0,4,D,medium,True,weak fit — likely installer or contractor,[biz] no developer or commercial language | [scale] very small scale penalty | [geo] US location (Nation Wide) - moderate relevance | [strat] generic or minimal mission language,Low priority — verify fit before outreach,CEO; Founder; Director of Business Development,very small company (2-10) with no scale evidence
464,Sidera Energy,sideraenergygroup.com,https://www.linkedin.com/company/sidera-energy-group,"Alexandria, LA",Solar Electric Power Generation,2-10 employees,Privately Held,TRUE,TRUE,FALSE,TRUE,2,0,0,0,0,2,0,4,D,low,True,weak fit — likely installer or contractor,"[biz] developer industry, residential-only profile, no developer or commercial language | [scale] very small scale penalty | [geo] US location (Alexandria, LA) - moderate relevance | [strat] generic or minimal mission language",Low priority — verify fit before outreach,CEO; Founder; Director of Business Development,appears to be residential-only installer; very small company (2-10) with no scale evidence
500,Solar Me USA,solarmeusa.com,https://www.linkedin.com/company/maiersolarengineering,"South Amboy, New Jersey",Renewable Energy Semiconductor Manufacturing,11-50 employees,Privately Held,TRUE,TRUE,FALSE,TRUE,2,0,0,0,0,2,0,4,D,medium,True,weak fit — likely installer or contractor,"[biz] no developer or commercial language | [geo] US location (South Amboy, New Jersey) - moderate relevance | [strat] generic or minimal mission language",Low priority — verify fit before outreach,CEO; Founder; Director of Business Development,possible duplicate — same domain (solarmeusa.com) as row 501
501,Solar Me USA,solarmeusa.com,https://www.linkedin.com/company/solar-me-usa,"South Amboy, New Jersey",Renewable Energy Semiconductor Manufacturing,11-50 employees,Privately Held,TRUE,TRUE,FALSE,TRUE,2,0,0,0,0,2,0,4,D,medium,True,weak fit — likely installer or contractor,"[biz] no developer or commercial language | [geo] US location (South Amboy, New Jersey) - moderate relevance | [strat] generic or minimal mission language",Low priority — verify fit before outreach,CEO; Founder; Director of Business Development,possible duplicate — same domain (solarmeusa.com) as row 500
521,Solarex,solarexpro.com,https://www.linkedin.com/company/solarexpro,"Houston, Texas",Renewable Energy Power Generation,11-50 employees,Privately Held,TRUE,TRUE,FALSE,TRUE,2,0,0,0,0,2,0,4,D,medium,True,weak fit — likely installer or contractor,"[biz] developer industry, residential-only profile, no developer or commercial language | [geo] US location (Houston, Texas) - moderate relevance | [strat] generic or minimal mission language",Low priority — verify fit before outreach,CEO; Founder; Director of Business Development,appears to be residential-only installer
541,Spartan X,spartansolar.earth,https://www.linkedin.com/company/spartan-solar-company,"Winter Park, Florida",Services for Renewable Energy,201-500 employees,Privately Held,TRUE,TRUE,FALSE,TRUE,0,0,0,0,2,2,0,4,D,medium,True,weak fit — likely installer or contractor,"[biz] residential-only profile, no developer or commercial language | [scale] mid company (201-500) | [geo] US location (Winter Park, Florida) - moderate relevance | [strat] generic or minimal mission language",Low priority — verify fit before outreach,CEO; Founder; Director of Business Development,appears to be residential-only installer
556,Sun Directed,sundirected.com,https://www.linkedin.com/company/sun-directed,"State College, Pennsylvania",Renewables & Environment,2-10 employees,Privately Held,TRUE,TRUE,FALSE,TRUE,2,0,0,0,0,2,0,4,D,medium,True,weak fit — likely installer or contractor,"[biz] no developer or commercial language | [scale] very small scale penalty | [geo] US location (State College, Pennsylvania) - moderate relevance | [strat] generic or minimal mission language",Low priority — verify fit before outreach,CEO; Founder; Director of Business Development,very small company (2-10) with no scale evidence
569,Sunforce Solar,sunforce.solar,https://www.linkedin.com/company/sunforcesolarco,Las Cruces,Solar Electric Power Generation,11-50 employees,Privately Held,TRUE,TRUE,FALSE,TRUE,2,0,0,0,0,2,0,4,D,medium,True,weak fit — likely installer or contractor,"[biz] developer industry, residential-only profile, no developer or commercial language | [geo] US location (Las Cruces) - moderate relevance | [strat] generic or minimal mission language",Low priority — verify fit before outreach,CEO; Founder; Director of Business Development,appears to be residential-only installer
570,SunGrid Solar,gosungrid.com,https://www.linkedin.com/company/sungridsolar,"fountain valley, CA",Renewable Energy Semiconductor Manufacturing,11-50 employees,Partnership,TRUE,TRUE,FALSE,TRUE,0,0,0,0,0,4,0,4,D,medium,True,weak fit — likely installer or contractor,"[biz] residential-only profile, no developer or commercial language | [geo] high-opportunity state (CA) | [strat] generic or minimal mission language",Low priority — verify fit before outreach,CEO; Founder; Director of Business Development,appears to be residential-only installer
575,Sunline Energy,sunlineenergy.com,https://www.linkedin.com/company/sunlinesandiego,"San Diego, California",Renewable Energy Semiconductor Manufacturing,201-500 employees,Self Owned,TRUE,TRUE,FALSE,TRUE,0,0,0,0,2,2,0,4,D,medium,True,weak fit — likely installer or contractor,"[biz] residential-only profile, self-employed/owned type, no developer or commercial language | [scale] mid company (201-500) | [geo] US location (San Diego, California) - moderate relevance | [strat] generic or minimal mission language",Low priority — verify fit before outreach,CEO; Founder; Director of Business Development,appears to be residential-only installer
586,SunState Solar Inc.,sunstatesolar.com,https://www.linkedin.com/company/sunstatesolar,"Albuquerque, New Mexico",Solar Electric Power Generation,2-10 employees,Privately Held,TRUE,TRUE,FALSE,TRUE,2,0,0,0,0,2,0,4,D,low,True,weak fit — likely installer or contractor,"[biz] developer industry, residential-only profile, no developer or commercial language | [scale] very small scale penalty | [geo] US location (Albuquerque, New Mexico) - moderate relevance | [strat] generic or minimal mission language",Low priority — verify fit before outreach,CEO; Founder; Director of Business Development,appears to be residential-only installer; very small company (2-10) with no scale evidence
595,Supplied Energy,suppliedenergy.com,https://www.linkedin.com/company/supplied-energy,"Greenville, Illinois",Manufacturing,2-10 employees,Privately Held,TRUE,TRUE,FALSE,TRUE,2,0,0,0,0,2,0,4,D,medium,True,weak fit — likely installer or contractor,"[biz] no developer or commercial language | [scale] very small scale penalty | [geo] US location (Greenville, Illinois) - moderate relevance | [strat] generic or minimal mission language",Low priority — verify fit before outreach,CEO; Founder; Director of Business Development,very small company (2-10) with no scale evidence
662,"YouSolar, Inc.",yousolar.com,https://www.linkedin.com/company/yousolar-inc,"Santa Clara, California",Renewable Energy Semiconductor Manufacturing,2-10 employees,Privately Held,TRUE,TRUE,FALSE,TRUE,2,0,0,0,0,2,0,4,D,medium,True,weak fit — likely installer or contractor,"[biz] no developer or commercial language | [scale] very small scale penalty | [geo] US location (Santa Clara, California) - moderate relevance | [strat] generic or minimal mission language",Low priority — verify fit before outreach,CEO; Founder; Director of Business Development,very small company (2-10) with no scale evidence
14,Adams (Electric / HVAC / Plumbing / Solar / SmartTech / Generac Generators),adamspower.com,https://www.linkedin.com/company/adamspower,"Elkhorn, Wisconsin",Construction,51-200 employees,Privately Held,TRUE,TRUE,FALSE,TRUE,0,0,0,0,1,2,0,3,D,medium,True,weak fit — likely installer or contractor,"[biz] installer/contractor industry, roofing/HVAC signals, no developer or commercial language | [scale] smaller company (51-200) | [geo] US location (Elkhorn, Wisconsin) - moderate relevance | [strat] generic or minimal mission language",Low priority — verify fit before outreach,CEO; Founder; Director of Business Development,contractor name + no developer language
80,"BSW Roofing, Solar & Air",bswroofing.com,https://www.linkedin.com/company/bsw-roofing,"Bakersfield, California",Construction,51-200 employees,Privately Held,TRUE,TRUE,FALSE,TRUE,0,0,0,0,1,2,0,3,D,medium,True,weak fit — likely installer or contractor,"[biz] installer/contractor industry, roofing/HVAC in name+desc (strong penalty), no developer or commercial language | [scale] smaller company (51-200) | [geo] US location (Bakersfield, California) - moderate relevance | [strat] generic or minimal mission language",Low priority — verify fit before outreach,CEO; Founder; Director of Business Development,contractor name + no developer language
117,Cooper Roofing & Solar,coopersolar.com,https://www.linkedin.com/company/cooper-roofing-&-solar,"Las Vegas, NV",Construction,51-200 employees,Privately Held,TRUE,TRUE,FALSE,TRUE,0,0,0,0,1,2,0,3,D,low,True,weak fit — likely installer or contractor,"[biz] installer/contractor industry, roofing/HVAC in name+desc (strong penalty), residential-only profile, no developer or commercial language | [scale] smaller company (51-200) | [geo] US location (Las Vegas, NV) - moderate relevance | [strat] generic or minimal mission language",Low priority — verify fit before outreach,CEO; Founder; Director of Business Development,contractor name + no developer language; appears to be residential-only installer
154,"Eldridge Roofing & Solar, Inc.",theeldridgeway.com,https://www.linkedin.com/company/eldridgeroofing,"Spring, Texas",Construction,51-200 employees,Privately Held,TRUE,TRUE,FALSE,TRUE,0,0,0,0,1,2,0,3,D,medium,True,weak fit — likely installer or contractor,"[biz] installer/contractor industry, roofing/HVAC in name+desc (strong penalty), no developer or commercial language | [scale] smaller company (51-200) | [geo] US location (Spring, Texas) - moderate relevance | [strat] generic or minimal mission language",Low priority — verify fit before outreach,CEO; Founder; Director of Business Development,contractor name + no developer language
188,Flo Energy LLC,floenergy.solar,https://www.linkedin.com/company/flo-energy-llc,"Tampa, Florida",Renewable Energy Semiconductor Manufacturing,51-200 employees,Self Owned,TRUE,TRUE,FALSE,TRUE,0,0,0,0,1,2,0,3,D,low,True,weak fit — likely installer or contractor,"[biz] self-employed/owned type, no developer or commercial language | [scale] smaller company (51-200) | [geo] US location (Tampa, Florida) - moderate relevance | [strat] generic or minimal mission language",Low priority — verify fit before outreach,CEO; Founder; Director of Business Development,very short description — insufficient evidence
235,Greenskies Clean Focus,,,,,,,UNKNOWN,UNKNOWN,UNKNOWN,UNKNOWN,2,0,0,0,0,1,0,3,D,low,True,weak fit — likely installer or contractor,[biz] no developer or commercial language | [scale] very small scale penalty | [geo] location unclear | [strat] generic or minimal mission language,Low priority — verify fit before outreach,CEO; Founder; Director of Business Development,very short description — insufficient evidence
299,KR Solar,kr.solar,https://www.linkedin.com/company/krsolar,"Buffalo, New York",Services for Renewable Energy,51-200 employees,Privately Held,TRUE,TRUE,FALSE,TRUE,0,0,0,0,1,2,0,3,D,medium,True,weak fit — likely installer or contractor,"[biz] roofing/HVAC signals, no developer or commercial language | [scale] smaller company (51-200) | [geo] US location (Buffalo, New York) - moderate relevance | [strat] generic or minimal mission language",Low priority — verify fit before outreach,CEO; Founder; Director of Business Development,possible duplicate — same domain (kr.solar) as row 300
341,Mpower Solar,mpowersolar.com,https://www.linkedin.com/company/mpower-solar,"Brooklyn, New York",Services for Renewable Energy,51-200 employees,Privately Held,TRUE,TRUE,FALSE,TRUE,0,0,0,0,1,2,0,3,D,low,True,weak fit — likely installer or contractor,"[biz] residential-only profile, no developer or commercial language | [scale] smaller company (51-200) | [geo] US location (Brooklyn, New York) - moderate relevance | [strat] generic or minimal mission language",Low priority — verify fit before outreach,CEO; Founder; Director of Business Development,appears to be residential-only installer
401,Promittens Energy,,,,Robert Niziol   https://www.linkedin.com/in/robertniziol/,Looks to be polish - very experienced - posted on the Pope,,UNKNOWN,UNKNOWN,UNKNOWN,UNKNOWN,2,0,0,0,0,1,0,3,D,low,True,weak fit — likely installer or contractor,[biz] no developer or commercial language | [scale] very small scale penalty | [geo] location unclear | [strat] generic or minimal mission language,Low priority — verify fit before outreach,CEO; Founder; Director of Business Development,data quality issue in Size field: Looks to be polish - very experienced - 
444,Roofing by Curry,roofingbycurry.com,https://www.linkedin.com/company/roofing-by-curry,"Sarasota, FL",Construction,51-200 employees,Privately Held,TRUE,TRUE,FALSE,TRUE,0,0,0,0,1,2,0,3,D,low,True,weak fit — likely installer or contractor,"[biz] installer/contractor industry, roofing/HVAC in name+desc (strong penalty), residential-only profile, no developer or commercial language | [scale] smaller company (51-200) | [geo] US location (Sarasota, FL) - moderate relevance | [strat] generic or minimal mission language",Low priority — verify fit before outreach,CEO; Founder; Director of Business Development,contractor name + no developer language; appears to be residential-only installer
485,Solar Edge Pros LLC,solaredgepros.com,https://www.linkedin.com/company/solar-edge-pros-llc,"San Antonio, Texas",Construction,51-200 employees,Partnership,TRUE,TRUE,FALSE,TRUE,0,0,0,0,1,2,0,3,D,medium,True,weak fit — likely installer or contractor,"[biz] installer/contractor industry, residential-only profile, no developer or commercial language | [scale] smaller company (51-200) | [geo] US location (San Antonio, Texas) - moderate relevance | [strat] generic or minimal mission language",Low priority — verify fit before outreach,CEO; Founder; Director of Business Development,appears to be residential-only installer
489,Solar Energy Partners,solarenergy.partners,https://www.linkedin.com/company/solar-energy-partners-1,"Modesto, California",Renewable Energy Semiconductor Manufacturing,51-200 employees,Privately Held,TRUE,TRUE,FALSE,TRUE,0,0,0,0,1,2,0,3,D,medium,True,weak fit — likely installer or contractor,"[biz] residential-only profile, no developer or commercial language | [scale] smaller company (51-200) | [geo] US location (Modesto, California) - moderate relevance | [strat] generic or minimal mission language",Low priority — verify fit before outreach,CEO; Founder; Director of Business Development,appears to be residential-only installer
560,Sun Valley Solar Solutions,sunvalleysolar.com,https://www.linkedin.com/company/sun-valley-solar-solutions,"Chandler, AZ",Renewable Energy Semiconductor Manufacturing,51-200 employees,Privately Held,TRUE,TRUE,FALSE,TRUE,0,0,0,0,1,2,0,3,D,medium,True,weak fit — likely installer or contractor,"[biz] residential-only profile, no developer or commercial language | [scale] smaller company (51-200) | [geo] US location (Chandler, AZ) - moderate relevance | [strat] generic or minimal mission language",Low priority — verify fit before outreach,CEO; Founder; Director of Business Development,appears to be residential-only installer
587,SunSystem Technology,sstsolar.com,https://www.linkedin.com/company/sunsystem-technology,"Rancho Cordova, California",Renewables & Environment,51-200 employees,Privately Held,TRUE,TRUE,FALSE,TRUE,0,0,0,0,1,2,0,3,D,medium,True,weak fit — likely installer or contractor,"[biz] residential-only profile, no developer or commercial language | [scale] smaller company (51-200) | [geo] US location (Rancho Cordova, California) - moderate relevance | [strat] generic or minimal mission language",Low priority — verify fit before outreach,CEO; Founder; Director of Business Development,appears to be residential-only installer
5,603 Solar,603solar.com,https://www.linkedin.com/company/603-solar,"Exeter, New Hampshire",Renewables & Environment,2-10 employees,Partnership,TRUE,TRUE,FALSE,TRUE,0,0,0,0,0,2,0,2,D,low,True,weak fit — likely installer or contractor,"[biz] residential-only profile, no developer or commercial language | [scale] very small scale penalty | [geo] US location (Exeter, New Hampshire) - moderate relevance | [strat] generic or minimal mission language",Low priority — verify fit before outreach,CEO; Founder; Director of Business Development,appears to be residential-only installer; very small company (2-10) with no scale evidence
31,AMECO Solar & Roofing,amecosolar.com,https://www.linkedin.com/company/ameco-solar,"Studio City, California",Renewable Energy Semiconductor Manufacturing,11-50 employees,Privately Held,TRUE,TRUE,FALSE,TRUE,0,0,0,0,0,2,0,2,D,medium,True,weak fit — likely installer or contractor,"[biz] roofing/HVAC signals, no developer or commercial language | [geo] US location (Studio City, California) - moderate relevance | [strat] generic or minimal mission language",Low priority — verify fit before outreach,CEO; Founder; Director of Business Development,contractor name + no developer language
33,American Solar & Roofing,americansolarandroofing.com,https://www.linkedin.com/company/american-solar,"Phoenix, AZ",Construction,11-50 employees,Privately Held,TRUE,TRUE,FALSE,TRUE,0,0,0,0,0,2,0,2,D,medium,True,weak fit — likely installer or contractor,"[biz] installer/contractor industry, roofing/HVAC in name+desc (strong penalty), no developer or commercial language | [geo] US location (Phoenix, AZ) - moderate relevance | [strat] generic or minimal mission language",Low priority — verify fit before outreach,CEO; Founder; Director of Business Development,contractor name + no developer language
81,Build Native LLC,buildnative.com,https://www.linkedin.com/company/build-native,"Austin, TX",Construction,2-10 employees,Privately Held,TRUE,TRUE,FALSE,TRUE,0,0,0,0,0,2,0,2,D,low,True,weak fit — likely installer or contractor,"[biz] installer/contractor industry, no developer or commercial language | [scale] very small scale penalty | [geo] US location (Austin, TX) - moderate relevance | [strat] generic or minimal mission language",Low priority — verify fit before outreach,CEO; Founder; Director of Business Development,very short description — insufficient evidence; very small company (2-10) with no scale evidence
119,Cosmic,cosmicbuildings.com,https://www.linkedin.com/company/cosmicbuildings,"San Francisco, California",Construction,2-10 employees,Privately Held,TRUE,TRUE,FALSE,TRUE,0,0,0,0,0,2,0,2,D,medium,True,weak fit — likely installer or contractor,"[biz] installer/contractor industry, no developer or commercial language | [scale] very small scale penalty | [geo] US location (San Francisco, California) - moderate relevance | [strat] generic or minimal mission language",Low priority — verify fit before outreach,CEO; Founder; Director of Business Development,very small company (2-10) with no scale evidence
120,Cosmic Solar,cosmicsolar.com,https://www.linkedin.com/company/cosmic-solar,"Vista, California",Renewables & Environment,2-10 employees,Privately Held,TRUE,TRUE,FALSE,TRUE,0,0,0,0,0,2,0,2,D,medium,True,weak fit — likely installer or contractor,"[biz] roofing/HVAC signals, no developer or commercial language | [scale] very small scale penalty | [geo] US location (Vista, California) - moderate relevance | [strat] generic or minimal mission language",Low priority — verify fit before outreach,CEO; Founder; Director of Business Development,very small company (2-10) with no scale evidence
177,Ethos Green Power Cooperative,ethos.green,https://www.linkedin.com/company/ethos-green-power,"Viroqua, WI",Renewables & Environment,11-50 employees,Privately Held,TRUE,TRUE,FALSE,TRUE,0,0,0,0,0,2,0,2,D,medium,True,weak fit — likely installer or contractor,"[biz] residential-only profile, no developer or commercial language | [geo] US location (Viroqua, WI) - moderate relevance | [strat] generic or minimal mission language",Low priority — verify fit before outreach,CEO; Founder; Director of Business Development,appears to be residential-only installer
189,Florida Solar Design Group,floridasolardesigngroup.com,https://www.linkedin.com/company/florida-solar-design-group-com,"Fort Myers, FL",Construction,2-10 employees,Privately Held,TRUE,TRUE,FALSE,TRUE,0,0,0,0,0,2,0,2,D,medium,True,weak fit — likely installer or contractor,"[biz] installer/contractor industry, roofing/HVAC signals, no developer or commercial language | [scale] very small scale penalty | [geo] US location (Fort Myers, FL) - moderate relevance | [strat] generic or minimal mission language",Low priority — verify fit before outreach,CEO; Founder; Director of Business Development,very small company (2-10) with no scale evidence
193,Forecast Energy,forecastsolar.com,https://www.linkedin.com/company/forecast-energy,"Everett, Washington",Services for Renewable Energy,11-50 employees,Self Owned,TRUE,TRUE,FALSE,TRUE,0,0,0,0,0,2,0,2,D,medium,True,weak fit — likely installer or contractor,"[biz] self-employed/owned type, no developer or commercial language | [geo] US location (Everett, Washington) - moderate relevance | [strat] generic or minimal mission language",Low priority — verify fit before outreach,CEO; Founder; Director of Business Development,possible duplicate — same domain (forecastsolar.com) as row 194
194,Forecast Solar,forecastsolar.com,https://www.linkedin.com/company/forecast-solar,"Everett, Washington",Services for Renewable Energy,11-50 employees,Self Owned,TRUE,TRUE,FALSE,TRUE,0,0,0,0,0,2,0,2,D,medium,True,weak fit — likely installer or contractor,"[biz] self-employed/owned type, no developer or commercial language | [geo] US location (Everett, Washington) - moderate relevance | [strat] generic or minimal mission language",Low priority — verify fit before outreach,CEO; Founder; Director of Business Development,possible duplicate — same domain (forecastsolar.com) as row 193
202,Future Energy Solar,futureenergysolar.com,https://www.linkedin.com/company/future-energy-solar-llc,"Woburn, Massachusetts",Solar Electric Power Generation,11-50 employees,Self Owned,TRUE,TRUE,FALSE,TRUE,0,0,0,0,0,2,0,2,D,medium,True,weak fit — likely installer or contractor,"[biz] developer industry, roofing/HVAC signals, residential-only profile, self-employed/owned type, no developer or commercial language | [geo] US location (Woburn, Massachusetts) - moderate relevance | [strat] generic or minimal mission language",Low priority — verify fit before outreach,CEO; Founder; Director of Business Development,appears to be residential-only installer
213,Gold Path Solar,goldpathsolar.com,https://www.linkedin.com/company/gold-path-solar,"Dublin, Ohio",Construction,11-50 employees,Privately Held,TRUE,TRUE,FALSE,TRUE,0,0,0,0,0,2,0,2,D,medium,True,weak fit — likely installer or contractor,"[biz] installer/contractor industry, residential-only profile, no developer or commercial language | [geo] US location (Dublin, Ohio) - moderate relevance | [strat] generic or minimal mission language",Low priority — verify fit before outreach,CEO; Founder; Director of Business Development,appears to be residential-only installer
223,Green House Solar,greenhouse.solar,https://www.linkedin.com/company/green-house-solar,"Madison, New Jersey",Construction,2-10 employees,Privately Held,TRUE,TRUE,FALSE,TRUE,0,0,0,0,0,2,0,2,D,medium,True,weak fit — likely installer or contractor,"[biz] installer/contractor industry, no developer or commercial language | [scale] very small scale penalty | [geo] US location (Madison, New Jersey) - moderate relevance | [strat] generic or minimal mission language",Low priority — verify fit before outreach,CEO; Founder; Director of Business Development,very small company (2-10) with no scale evidence
229,Green-Energy-Products.Com LLC,green-energy-products.com,https://www.linkedin.com/company/green-energy-products,"Pinecrest, FL",Environmental Services,2-10 employees,Privately Held,TRUE,TRUE,FALSE,TRUE,0,0,0,0,0,2,0,2,D,low,True,weak fit — likely installer or contractor,"[biz] residential-only profile, no developer or commercial language | [scale] very small scale penalty | [geo] US location (Pinecrest, FL) - moderate relevance | [strat] generic or minimal mission language",Low priority — verify fit before outreach,CEO; Founder; Director of Business Development,appears to be residential-only installer; very small company (2-10) with no scale evidence
236,Greenway Solar,greenwaysolar.org,https://www.linkedin.com/company/greenwaysolar,"Minneapolis, Minnesota",Renewables & Environment,11-50 employees,Privately Held,TRUE,TRUE,FALSE,TRUE,0,0,0,0,0,2,0,2,D,medium,True,weak fit — likely installer or contractor,"[biz] roofing/HVAC signals, residential-only profile, no developer or commercial language | [geo] US location (Minneapolis, Minnesota) - moderate relevance | [strat] generic or minimal mission language",Low priority — verify fit before outreach,CEO; Founder; Director of Business Development,appears to be residential-only installer
278,Isaksen Solar,isaksensolar.com,https://www.linkedin.com/company/isaksen-solar,"Fall River, Massachusetts",Renewable Energy Semiconductor Manufacturing,11-50 employees,Privately Held,TRUE,TRUE,FALSE,TRUE,0,0,0,0,0,2,0,2,D,medium,True,weak fit — likely installer or contractor,"[biz] residential-only profile, no developer or commercial language | [geo] US location (Fall River, Massachusetts) - moderate relevance | [strat] generic or minimal mission language",Low priority — verify fit before outreach,CEO; Founder; Director of Business Development,appears to be residential-only installer
310,Limitless Solar,limitlesssolar.com,https://www.linkedin.com/company/limitlesssolarfl,"Hollywood, Florida",Construction,11-50 employees,Privately Held,TRUE,TRUE,FALSE,TRUE,0,0,0,0,0,2,0,2,D,low,True,weak fit — likely installer or contractor,"[biz] installer/contractor industry, no developer or commercial language | [geo] US location (Hollywood, Florida) - moderate relevance | [strat] generic or minimal mission language",Low priority — verify fit before outreach,CEO; Founder; Director of Business Development,very short description — insufficient evidence
334,Mirage Construction,mirageconstruction.com,https://www.linkedin.com/company/mirage-construction,"Twin Falls, Idaho",Construction,2-10 employees,Self Owned,TRUE,TRUE,FALSE,TRUE,0,0,0,0,0,2,0,2,D,low,True,weak fit — likely installer or contractor,"[biz] installer/contractor industry, self-employed/owned type, no developer or commercial language | [scale] very small scale penalty | [geo] US location (Twin Falls, Idaho) - moderate relevance | [strat] generic or minimal mission language",Low priority — verify fit before outreach,CEO; Founder; Director of Business Development,very short description — insufficient evidence; very small company (2-10) with no scale evidence
390,Phoenix Exteriors & Solar,phoenixexteriors.com,https://www.linkedin.com/company/phoenixexteriors,"Schaumburg, Illinois",Renewable Energy Power Generation,11-50 employees,Self Owned,TRUE,TRUE,FALSE,TRUE,0,0,0,0,0,2,0,2,D,medium,True,weak fit — likely installer or contractor,"[biz] developer industry, roofing/HVAC signals, residential-only profile, self-employed/owned type, no developer or commercial language | [geo] US location (Schaumburg, Illinois) - moderate relevance | [strat] generic or minimal mission language",Low priority — verify fit before outreach,CEO; Founder; Director of Business Development,appears to be residential-only installer
429,Renovate Robotics,renovaterobotics.com,https://www.linkedin.com/company/renovate-robotics,"Brooklyn, New York",Machinery Manufacturing,2-10 employees,Privately Held,TRUE,TRUE,FALSE,TRUE,0,0,0,0,0,2,0,2,D,low,True,weak fit — likely installer or contractor,"[biz] roofing/HVAC signals, no developer or commercial language | [scale] very small scale penalty | [geo] US location (Brooklyn, New York) - moderate relevance | [strat] generic or minimal mission language",Low priority — verify fit before outreach,CEO; Founder; Director of Business Development,very short description — insufficient evidence; very small company (2-10) with no scale evidence
431,Resnick Roofing & Contracting,resnickroof.com,https://www.linkedin.com/company/resnickroofing,"Gibsonia, Pennsylvania",Construction,11-50 employees,Self Owned,TRUE,TRUE,FALSE,TRUE,0,0,0,0,0,2,0,2,D,low,True,weak fit — likely installer or contractor,"[biz] installer/contractor industry, roofing/HVAC in name+desc (strong penalty), residential-only profile, self-employed/owned type, no developer or commercial language | [geo] US location (Gibsonia, Pennsylvania) - moderate relevance | [strat] generic or minimal mission language",Low priority — verify fit before outreach,CEO; Founder; Director of Business Development,contractor name + no developer language; appears to be residential-only installer
441,ROI Construction,roiconstruction.com,https://www.linkedin.com/company/roiconstruction,"Savage, Maryland",Construction,11-50 employees,Self Employed,TRUE,TRUE,FALSE,TRUE,0,0,0,0,0,2,0,2,D,medium,True,weak fit — likely installer or contractor,"[biz] installer/contractor industry, roofing/HVAC signals, self-employed/owned type, no developer or commercial language | [scale] very small scale penalty | [geo] US location (Savage, Maryland) - moderate relevance | [strat] generic or minimal mission language",Low priority — verify fit before outreach,CEO; Founder; Director of Business Development,"self-employed type — likely individual, not a company"
450,RxSun,rxsun.com,https://www.linkedin.com/company/rxsun,"Chicago, Illinois",Renewable Energy Semiconductor Manufacturing,2-10 employees,Privately Held,TRUE,TRUE,FALSE,TRUE,0,0,0,0,0,2,0,2,D,low,True,weak fit — likely installer or contractor,"[biz] residential-only profile, no developer or commercial language | [scale] very small scale penalty | [geo] US location (Chicago, Illinois) - moderate relevance | [strat] generic or minimal mission language",Low priority — verify fit before outreach,CEO; Founder; Director of Business Development,appears to be residential-only installer; very small company (2-10) with no scale evidence
462,Shinnova,shinnova.com,https://www.linkedin.com/company/shinnova,"Kansas City, Kansas",Services for Renewable Energy,11-50 employees,Partnership,TRUE,TRUE,FALSE,TRUE,0,0,0,0,0,2,0,2,D,medium,True,weak fit — likely installer or contractor,"[biz] roofing/HVAC signals, residential-only profile, no developer or commercial language | [geo] US location (Kansas City, Kansas) - moderate relevance | [strat] generic or minimal mission language",Low priority — verify fit before outreach,CEO; Founder; Director of Business Development,appears to be residential-only installer
475,Sky Power Solar,skypowersolar.com,https://www.linkedin.com/company/sky-power-systems,San Ramon,Renewable Energy Semiconductor Manufacturing,11-50 employees,Privately Held,TRUE,TRUE,FALSE,TRUE,0,0,0,0,0,2,0,2,D,medium,True,weak fit — likely installer or contractor,"[biz] residential-only profile, no developer or commercial language | [geo] US location (San Ramon) - moderate relevance | [strat] generic or minimal mission language",Low priority — verify fit before outreach,CEO; Founder; Director of Business Development,appears to be residential-only installer
479,"SMP Electric, LLC",smpelectricllc.com,https://www.linkedin.com/company/smpelectricllc,"Boca Raton, Florida",Construction,2-10 employees,Self Employed,TRUE,TRUE,FALSE,TRUE,0,0,0,0,0,2,0,2,D,low,True,weak fit — likely installer or contractor,"[biz] installer/contractor industry, residential-only profile, self-employed/owned type, no developer or commercial language | [scale] very small scale penalty | [geo] US location (Boca Raton, Florida) - moderate relevance | [strat] generic or minimal mission language",Low priority — verify fit before outreach,CEO; Founder; Director of Business Development,"self-employed type — likely individual, not a company; appears to be residential-only installer; very small company (2-10) with no scale evidence"
480,Sol by Sunna Design,solarlighting.com,https://www.linkedin.com/company/sol-inc-solar-outdoor-lighting,"Miami, Florida",Electric Lighting Equipment Manufacturing,11-50 employees,Privately Held,TRUE,TRUE,FALSE,TRUE,0,0,0,0,0,2,0,2,D,low,True,weak fit — likely installer or contractor,"[biz] off-topic industry — likely false positive | [geo] US location (Miami, Florida) - moderate relevance | [strat] generic or minimal mission language",Low priority — verify fit before outreach,CEO; Founder; Director of Business Development,off-topic industry: Electric Lighting Equipment Manufacturing
482,Solar Bear,oursolarbear.com,https://www.linkedin.com/company/solar-bear,"Saint Petersburg, Florida",Renewable Energy Semiconductor Manufacturing,2-10 employees,Privately Held,TRUE,TRUE,FALSE,TRUE,0,0,0,0,0,2,0,2,D,low,True,weak fit — likely installer or contractor,"[biz] residential-only profile, no developer or commercial language | [scale] very small scale penalty | [geo] US location (Saint Petersburg, Florida) - moderate relevance | [strat] generic or minimal mission language",Low priority — verify fit before outreach,CEO; Founder; Director of Business Development,appears to be residential-only installer; very small company (2-10) with no scale evidence
486,Solar Electric Power Company,sepco-solarlighting.com,https://www.linkedin.com/company/solar-electric-power-company,"Stuart, FL",Electric Lighting Equipment Manufacturing,11-50 employees,Privately Held,TRUE,TRUE,FALSE,TRUE,0,0,0,0,0,2,0,2,D,low,True,weak fit — likely installer or contractor,"[biz] off-topic industry — likely false positive | [geo] US location (Stuart, FL) - moderate relevance | [strat] generic or minimal mission language",Low priority — verify fit before outreach,CEO; Founder; Director of Business Development,off-topic industry: Electric Lighting Equipment Manufacturing
523,"Solaris Technology Industry, Inc.",solaris-shop.com,https://www.linkedin.com/company/solaris-technology-industry-inc-,"Englewood, Colorado",Renewable Energy Semiconductor Manufacturing,2-10 employees,Privately Held,TRUE,TRUE,FALSE,TRUE,0,0,0,0,0,2,0,2,D,low,True,weak fit — likely installer or contractor,"[biz] residential-only profile, no developer or commercial language | [scale] very small scale penalty | [geo] US location (Englewood, Colorado) - moderate relevance | [strat] generic or minimal mission language",Low priority — verify fit before outreach,CEO; Founder; Director of Business Development,appears to be residential-only installer; very small company (2-10) with no scale evidence
533,Solstice Solar,solsticesolar.com,https://www.linkedin.com/company/solstice-solar,"Houston, Texas",Renewable Energy Semiconductor Manufacturing,11-50 employees,Partnership,TRUE,TRUE,FALSE,TRUE,0,0,0,0,0,2,0,2,D,medium,True,weak fit — likely installer or contractor,"[biz] residential-only profile, no developer or commercial language | [geo] US location (Houston, Texas) - moderate relevance | [strat] generic or minimal mission language",Low priority — verify fit before outreach,CEO; Founder; Director of Business Development,appears to be residential-only installer
539,"South Texas Solar Systems, Inc.",txsolarsystems.com,https://www.linkedin.com/company/south-texas-solar-systems-inc.,"San Antonio, Texas",Renewable Energy Semiconductor Manufacturing,11-50 employees,Self Employed,TRUE,TRUE,FALSE,TRUE,0,0,0,0,0,2,0,2,D,medium,True,weak fit — likely installer or contractor,"[biz] self-employed/owned type, no developer or commercial language | [scale] very small scale penalty | [geo] US location (San Antonio, Texas) - moderate relevance | [strat] generic or minimal mission language",Low priority — verify fit before outreach,CEO; Founder; Director of Business Development,"self-employed type — likely individual, not a company"
620,Transportation Solutions & Lighting | National Safety Systems,tsandl.us,https://www.linkedin.com/company/transportation-solutions-lighting,"Coconut Creek, Florida",Public Safety,11-50 employees,Self Employed,TRUE,TRUE,FALSE,TRUE,0,0,0,0,0,2,0,2,D,medium,True,weak fit — likely installer or contractor,"[biz] self-employed/owned type, no developer or commercial language | [scale] very small scale penalty | [geo] US location (Coconut Creek, Florida) - moderate relevance | [strat] generic or minimal mission language",Low priority — verify fit before outreach,CEO; Founder; Director of Business Development,"self-employed type — likely individual, not a company"
